4	人	称谓	双手食指搭成“人”字形。|https://d.bmcx.com/shouyu/_file/b/8fb084ce6a8d9fc9.png
5	少年	称谓	一手平伸，掌心向下，在胸前向下微按（根据小孩、儿童、少年不同身高而决定手的高低）|https://d.bmcx.com/shouyu/_file/a/f873b21cc10e8f75.png
6	父亲	称谓	一手伸拇指贴在嘴唇上。|https://d.bmcx.com/shouyu/_file/8/37c7c9fdb0382384.png
7	姨夫	称谓	（一）手指字母“Y”的指式。（二）一手伸拇指贴在嘴唇上。|https://d.bmcx.com/shouyu/_file/e/25964946f4805550.png
8	表妹	称谓	（一）手指字母“B”的指式。()（二）同“妹妹”手势|https://d.bmcx.com/shouyu/_file/c/2c11d092af4cb3e9.png
9	老乡	称谓	（一）双手五指弯曲，一前一后，来回爬动，如用耙耙田之状。（二）双手伸拇指互碰几下。|https://d.bmcx.com/shouyu/_file/4/e3e27866b636fa31.png
10	标兵	称谓	（一）左手食指直立；右手五指并拢、侧立，指向左手食指。（二）一手平伸，掌心向下，贴于前额，表示军帽的帽檐。|https://d.bmcx.com/shouyu/_file/b/31b10bfaca9c0b95.png
11	官	称谓	一手伸拇、食、中指，食、中指直立，拇指尖抵于前额。|https://d.bmcx.com/shouyu/_file/4/4c09d9f5ec0f0b0f.png
12	讲师	称谓	（一）一手食指横于嘴前转动几下。（二）一手伸拇指贴于胸前。|https://d.bmcx.com/shouyu/_file/0/44584137d3ad263b.png
13	爸	称谓	一手伸拇指贴在嘴唇上。|https://d.bmcx.com/shouyu/_file/3/8525546f6d3e52c2.png
336	人民	称谓	双手食指搭成“人”字形并转一圈，表示人多的意思。|https://d.bmcx.com/shouyu/_file/d/f1f6d9a7d8b0ee8f.png
337	群众	称谓	双手中、无名、小指搭成三个“人”字形，并绕一圈。|https://d.bmcx.com/shouyu/_file/5/bd1bb6e26731801f.png
338	公民	称谓	（一）双手拇、食指搭成“公”字形。（二）同“人民”手势。|https://d.bmcx.com/shouyu/_file/a/2cb44324c9814fe4.png
339	国民	称谓	(一）手指字母“G”的指式，并转一圈。（二）双手食指搭成“人”字形并转一圈，表示人多的意思|https://d.bmcx.com/shouyu/_file/7/6ca5797918bcdc81.png
340	市民	称谓	（一）一手打手指字母“SH”的指式，并在胸前转一圈。（二）双手食指搭成“人”字形并转一圈。|https://d.bmcx.com/shouyu/_file/b/82a05df061bb39b4.png
341	你	称谓	一手食指指向对方。|https://d.bmcx.com/shouyu/_file/4/77111de7e16f4117.png
342	他	称谓	一手食指指向侧方第三者。|https://d.bmcx.com/shouyu/_file/3/6856518f6f37bdc7.png
343	我们	称谓	一手食指先指胸部，然后掌心向下，在胸前平行转一圈。|https://d.bmcx.com/shouyu/_file/6/decc831d679d59a0.png
344	你们	称谓	一手食指先指对方，然后掌心向下，在胸前平行转一圈。|https://d.bmcx.com/shouyu/_file/7/7ee7c0f39a63e998.png
345	他们	称谓	一手食指先指向侧方第三者，然后掌心向下，在胸前平行转一圈。|https://d.bmcx.com/shouyu/_file/5/ff9d4850f8b1291e.png
1	A	字母	A a|https://d.bmcx.com/shouyu/_file/7/dc81a3c1fec04f0a.png
2	U	字母	U u|https://d.bmcx.com/shouyu/_file/0/866e6d140c906182.png
3	夹衣	字母	双手掌心贴胸向下移，至小腹处向左右横划。这是上装的外形特征，用来代表“衣服”这个概念。夹衣、棉衣、毛衣等均用此手势。|https://d.bmcx.com/shouyu/_file/2/5357ad0f35f82f00.png
295	B	字母	B b|https://d.bmcx.com/shouyu/_file/4/a662f4d596a6d05d.png
296	C	字母	C c|https://d.bmcx.com/shouyu/_file/7/7f6a43794e1134f9.png
297	D	字母	D d|https://d.bmcx.com/shouyu/_file/9/697b14c0f44776e5.png
298	E	字母	E e|https://d.bmcx.com/shouyu/_file/f/dae7f7415d644779.png
299	F	字母	F f|https://d.bmcx.com/shouyu/_file/e/602f9e56dd32b6a4.png
300	G	字母	G g|https://d.bmcx.com/shouyu/_file/5/c77800af993f01dd.png
301	H	字母	H h|https://d.bmcx.com/shouyu/_file/f/930abcf49e35ed67.png
302	I	字母	I i|https://d.bmcx.com/shouyu/_file/b/3b448c2be9cfc384.png
303	J	字母	J j|https://d.bmcx.com/shouyu/_file/6/551f299e4164fd16.png
304	K	字母	K k|https://d.bmcx.com/shouyu/_file/9/d1cc91fbe4ff79e5.png
305	L	字母	L L|https://d.bmcx.com/shouyu/_file/5/f7a83c6cc4fdca5d.png
306	M	字母	M m|https://d.bmcx.com/shouyu/_file/9/27eb10ea4e437aad.png
307	N	字母	N n|https://d.bmcx.com/shouyu/_file/9/11349a16ae4c3a01.png
308	O	字母	O o|https://d.bmcx.com/shouyu/_file/c/75b6cc5c0af671cc.png
309	P	字母	P p|https://d.bmcx.com/shouyu/_file/4/30b58b9edd131a4d.png
310	Q	字母	Q q|https://d.bmcx.com/shouyu/_file/e/ac6c65b4784e14e2.png
311	R	字母	R r|https://d.bmcx.com/shouyu/_file/b/8f3194dc5bb4c85c.png
17	参赞	职务	（一）一手直立，指尖朝上，另一手伸拇、小指，向伸直的掌心靠拢。（二）手指字母“Z”的指式。|https://d.bmcx.com/shouyu/_file/4/994ff09699bedcf8.png
18	秘书	职务	（一）一手食指贴于嘴唇上，表示机密之意。（二）双手掌心相合，然后向两边摊开，如翻书籍之状。|https://d.bmcx.com/shouyu/_file/2/987413921d5a99d5.png
548	领队	职务	（一）一手伸拇指在前，另一手五指放开在后，一齐向前移动。（二）双手五指伸开，指尖朝上，一前一后排成一列。|https://d.bmcx.com/shouyu/_file/5/ee99ae53bdcf6d95.png
549	领班	职务	（一）同“领队”手势（一手伸拇指在前，另一手五指放开在后，一齐向前移动。）（二）左手拇指向上不动；右手五指放开，掌心贴于左拳。|https://d.bmcx.com/shouyu/_file/0/da612a23c9789023.png
550	评委	职务	（一）双手伸出拇指，在胸前交替动几下。（二）右手拍一下左肩。|https://d.bmcx.com/shouyu/_file/e/beb2a497a5ae17f9.png
551	助理	职务	（一）双手掌心向外，拍动两下。（二）手指字母“L”的指式。|https://d.bmcx.com/shouyu/_file/9/04fc1cc4d990eef4.png
552	总裁	职务	（一）一手掌心向下，在胸前划一圈，然后握拳。（二）一手伸出食、中指，交向下挥动。|https://d.bmcx.com/shouyu/_file/7/4a6153269f123f7e.png
553	领导	职务	领导 左手伸拇指在前；右手五指分开在后，掌心向下；一同向前移动，象征领导和被领导者。（图示不准确）|https://d.bmcx.com/shouyu/_file/f/bf27e7bb713fb7a4.png
554	领袖	职务	（一）左手伸拇指在前；右手五指分开在后，掌心向下；一同向前移动。不准确）（二）一手伸拇指贴于胸前。|https://d.bmcx.com/shouyu/_file/d/1af96d1d798c97f6.png
555	主席	职务	（一）左手伸拇指在前；右手五指分开在后，掌心向下；一同向前移动。同领导手势；（二）一手伸拇、食、中指，食、中指直立，拇指尖抵于前额。|https://d.bmcx.com/shouyu/_file/no_picture.png
556	总统	职务	（一）双手五指微曲，指尖向下，置于胸侧左右，向上微移，双掌靠拢并撮合五指，表示总揽工作之意。（二）右手侧立，五指微曲，边向左做弧形移动边握拳。不正确，不是此手语手势）|https://d.bmcx.com/shouyu/_file/e/2ae1cb4d404f34d7.png
557	元首	职务	（一）一手拇、食指捏成小圆圈，表示“元”。（二）同“官”手势不准确）一手伸拇、食、中指，食、中指直立，拇指尖抵于前额。。|https://d.bmcx.com/shouyu/_file/7/8f6bea198d95779b.png
558	总理	职务	（一）双手五指微曲，指尖向下，置于胸侧左右，向上微移，双掌靠拢并撮合五指，表示总揽工作之意。（二）一手伸拇指贴于胸前。|https://d.bmcx.com/shouyu/_file/e/2ae1cb4d404f34d7.png
559	大使	职务	（一）一手食指书空“大”字。（二）一手伸拇指坐于另一手掌心上并向前移，象征派出国的外交人员。|https://d.bmcx.com/shouyu/_file/4/9676f230d64fedab.png
560	首长	职务	（一）手指字母“SH”的指式（二）一手伸拇指贴于胸前。|https://d.bmcx.com/shouyu/_file/6/68161327afb1a08e.png
561	部长	职务	（一）手指字母“B”的指式。（二）一手伸拇指贴于胸前。|https://d.bmcx.com/shouyu/_file/0/47591cff52469c9f.png
562	厅长	职务	（一）左手拇、食指倒成“厂”字形，右手食指在“厂”字形下面书空“丁”字，便成“厅”字形。（二）一手伸拇指贴于胸前。|https://d.bmcx.com/shouyu/_file/f/4a3fa866a117efdc.png
563	局长	职务	（一）手指字母“J”的指式。（二）一手伸拇指贴于胸前。|https://d.bmcx.com/shouyu/_file/d/9e26b9133160b486.png
564	处长	职务	（一）手指字母“CH”的指式。（二）一手伸拇指贴于胸前。|https://d.bmcx.com/shouyu/_file/d/4a053f4b9591ecd4.png
565	科长	职务	一）手指字母“K”的指式。（二）一手伸拇指贴于胸前。|https://d.bmcx.com/shouyu/_file/4/8b489892cf81d035.png
24	曹	姓氏	手指字母“C”的指式|https://d.bmcx.com/shouyu/_file/e/c75b15932a9a505e.png
25	沈	姓氏	一手打手指字母“SH”的指式，并作“∨”状划动，表示“沈”的上声调。|https://d.bmcx.com/shouyu/_file/7/d5363518f22fe92f.png
26	周	姓氏	一手打手指字母“ZH”的指式，并在胸前转一圈。|https://d.bmcx.com/shouyu/_file/a/02a9c185bbe94e52.png
668	陈	姓氏	手指字母“CH”的指式。|https://d.bmcx.com/shouyu/_file/4/63ddd295a6e34399.png
669	邓	姓氏	手指字母“D”的指式。|https://d.bmcx.com/shouyu/_file/6/940400c22cde666f.png
670	杜	姓氏	一手打手指字母“D”、“U”的指式。|https://d.bmcx.com/shouyu/_file/3/99652cbfa576d1f3.png
671	冯	姓氏	一手打手指字母“F”的指式，并上下晃动两下。|https://d.bmcx.com/shouyu/_file/5/8f4c603dd55247cd.png
672	郭	姓氏	手指字母“G”的指式。|https://d.bmcx.com/shouyu/_file/5/226c5061b0510782.png
673	韩	姓氏	一手打手指字母“H”的指式，并向右上方划一下，表示“韩”的阳平调。|https://d.bmcx.com/shouyu/_file/3/3459d0d9ab2c0323.png
674	何	姓氏	双手向前侧伸，掌心相对，间距约15厘米，斜着向前作曲线状移动。借同音字“河”的手势。|https://d.bmcx.com/shouyu/_file/0/939956fb387d562e.png
675	胡	姓氏	一手打手指字母“H”、“U”的指式。|https://d.bmcx.com/shouyu/_file/7/8d8122baf761ea3f.png
676	江	姓氏	江 左手食、中指横伸，右手食、中指张开，置于左手食、中指上，仿“江”字形。|https://d.bmcx.com/shouyu/_file/3/c5405e6aec419139.png
677	蒋	姓氏	手指字母“J”的指式|https://d.bmcx.com/shouyu/_file/8/7f391275ea2276b8.png
678	孔	姓氏	一手打手指字母“K”的指式，并作“V”状划动，表示“孔”的上声声调。|https://d.bmcx.com/shouyu/_file/1/89d99bfe176ee9e6.png
679	李	姓氏	一手打手指字母“L”、“I”的指式。|https://d.bmcx.com/shouyu/_file/c/0b6c422119eb91d3.png
680	梁	姓氏	手指字母“L”的指式|https://d.bmcx.com/shouyu/_file/1/8f2bc4c2e25c1b8d.png
681	刘	姓氏	一手拇、小指伸出，指尖朝前，并晃动一下。|https://d.bmcx.com/shouyu/_file/d/2e350ed9b1b6c3bf.png
682	鲁	姓氏	一手打手指字母“L”、“U”的指式。|https://d.bmcx.com/shouyu/_file/0/1f328cf57be61034.png
683	罗	姓氏	双手平行打出手指字母“L”的指式，虎口朝上，然后一手不动，另一手向下移动一下。|https://d.bmcx.com/shouyu/_file/1/46ef4de7a0c1588a.png
684	毛	姓氏	毛 左手中、无名、小指横伸，右手食指在左手三指上书空“し”，仿“毛”字形。|https://d.bmcx.com/shouyu/_file/1/e943f34dbf295cc9.png
19	称号	其他	称号 同“称呼”手势（一）左手中、无名、小指横伸；右手伸食指，自左手中指指尖向下划动。（二）右手五指微曲，虎口贴于嘴边。|https://d.bmcx.com/shouyu/_file/no_picture.png
20	知识分子	其他	（一）一手食指点一下前额，表示有知识、智慧。（二）手指字母“SH”的指式。（三）双手食指搭成“人”字形并向旁移，表示“分子”。|https://d.bmcx.com/shouyu/_file/4/285605053e39a60c.png
21	奴仆	其他	奴仆 左臂曲肘，右手五指贴在左臂肘弯处微搔几下。|https://d.bmcx.com/shouyu/_file/9/d8a233328861698b.png
22	河流	其他	双手侧伸，掌心相对，相距约20厘米，向前作曲线状移动。()|https://d.bmcx.com/shouyu/_file/4/bd22336907c313ea.png
23	天坛	其他	（一）一手食指指尖朝上，在头上方转一圈。（二）双手拇、食指搭成圆形，从下向上边移动边缩小圆形，模仿天坛的外观。|https://d.bmcx.com/shouyu/_file/2/316d964aa03d291a.png
582	成员	其他	（一）左手五指朝上张开；右手食指直立，然后右手食指向左手靠拢，左手五指同时收拢。（二）一手拇、食指捏成小圆圈贴于胸侧。|https://d.bmcx.com/shouyu/_file/d/7633b915cc4f90e1.png
583	地位	其他	（一）一手食指朝下一指。（二）一手握拳伸出拇指，置于另一手掌心上。|https://d.bmcx.com/shouyu/_file/9/bdf919139597fe7d.png
584	对手	其他	（一）双手食指直立，相对向中间微移。（二）一手拍另一手背。|https://d.bmcx.com/shouyu/_file/e/a18b4a6feffea8f3.png
585	居民	其他	(一)双手指尖相搭成“＾”形，向下一顿。（二）双手食指搭成“人”字形，并转一圈。|https://d.bmcx.com/shouyu/_file/8/d73566593c82a828.png
586	级别	其他	（一）左手向上直立不动；右手平伸，掌心向下，食指侧靠左掌心一顿一顿地向上移动。（二）左手直立，五指分开，掌心向内；右手侧立插入左手中、无名指指缝，并向两边做分开的动作（图示二不正确）。|https://d.bmcx.com/shouyu/_file/4/f34f32871817ff9f.png
587	客户	其他	（一）双手掌心向上，并向一侧移动。（二）双手相搭成“＾”形。|https://d.bmcx.com/shouyu/_file/3/031eeab7852a9850.png
588	邻居	其他	（一）双手拇、食指相捏，互相碰几下。（二）双手相搭成“＾”形。|https://d.bmcx.com/shouyu/_file/3/2490c661d6c31f04.png
589	盲流	其他	（一）一手食、中指伸直并分开，指尖贴于左右眼部。（二）双手伸平，掌心向下，向一侧作波纹状移动。|https://d.bmcx.com/shouyu/_file/6/49b9f94c72276012.png
590	名义	其他	（一）一手食指沿另一手中、无名、小指指尖向下划动。（二）一手伸出食指横在胸前。|https://d.bmcx.com/shouyu/_file/7/d779e60a76d5e9e6.png
591	难民	其他	（一）一手食指抵于太阳穴，并钻动一下。（二）双手食指搭救成“人”字形，并转动一圈。|https://d.bmcx.com/shouyu/_file/b/df86ff0723a5d00b.png
592	强者	其他	（一）双手握拳放于胸前，同时向下一顿。（二）双手食指搭成“人”字形。|https://d.bmcx.com/shouyu/_file/5/3534f33400439745.png
593	弱者	其他	（一）一手伸拇、小指，直立于另一个掌心上，左右微动。（二）双手食指搭成“人”字形。|https://d.bmcx.com/shouyu/_file/e/3ee52e2f3d235175.png
594	人类	其他	（一）双手食指搭成“人”字形。（二）一手五指张开，指尖向上，然后边向下移动边撮合五指。|https://d.bmcx.com/shouyu/_file/a/bdab0cc285416fb7.png
595	先锋	其他	（一）一手食指打一下另一手拇指。（二）双手掌心向下，五指分开，并排向前伸出。|https://d.bmcx.com/shouyu/_file/6/368b2b20c01e8986.png
596	灾民	其他	（一）先打手指字母“Z”的指式，然后食指弯回，伸小指向下甩一下。（二）双手食指搭成“人”字，并转一圈。|https://d.bmcx.com/shouyu/_file/b/1d8af9e47001dd69.png
286	事情	事情事态	（一）一手食、中指相搭，即“十”字。“十”与“事”同音，此处借用。（二）双手五指伸开，手掌相合，一手不动，一手向下搓动，表示一件一件事情的经历。|https://d.bmcx.com/shouyu/_file/7/2446e1b8e3b7bfba.png
287	功劳	事情事态	（一）左手食、中指与右手食指先搭成“工”旁书空“力”字形，拼组成“功”字形。（二）一手握拳，敲打另一手手臂。|https://d.bmcx.com/shouyu/_file/9/d62178b790b00d83.png
288	巩固	事情事态	一手握紧另一手拇指，并向下微动一下，表示坚固。|https://d.bmcx.com/shouyu/_file/7/149f786e92fe2c42.png
289	变化	事情事态	（一）一手食、中指叉开向上，反转一下。（二）一手食、中指叉开，斜着挥动一下。|https://d.bmcx.com/shouyu/_file/1/f76903a4c7f58cd7.png
290	态度	事情事态	一手食指绕脸部划一圈。|https://d.bmcx.com/shouyu/_file/9/871d9d0d27a4b88d.png
291	标志	事情事态	一手打手指字母“ZH”的指式，指尖对准另一手食指。|https://d.bmcx.com/shouyu/_file/6/e380a61b3dcaf2ce.png
292	减少	事情事态	一手在另一手掌心上作削刮动作，表示“减少”、“削减”。|https://d.bmcx.com/shouyu/_file/7/2896d56f0e22351a.png
293	恰巧	事情事态	（一）双手食指伸直，从两侧向中间移动。（二）一手伸出拇指。|https://d.bmcx.com/shouyu/_file/d/56e93161a38745de.png
294	现实	事情事态	（一）一手横伸，掌心向上，置于腹部并上下微动一下。
（二）左手食指横伸；右手食指、中指相叠，向左手食指敲一下。|https://d.bmcx.com/shouyu/_file/no_picture.png
5072	事件	事情事态	（一）一手食、中指相搭，即“十”字。“十”与“事”同音，此处借用。（二）手指字母“J”的指式。|https://d.bmcx.com/shouyu/_file/3/da7939c67dd77434.png
5073	事例	事情事态	（一）一手食、中指相搭，即“十”字。“十”与“事”同音，此处借用。（二）双手平伸，掌心向上，互相靠拢。|https://d.bmcx.com/shouyu/_file/1/615332bcddefbb74.png
5074	事实	事情事态	（一）一手食、中指相搭，即“十”字。“十”与“事”同音，此处借用。（二）一手食、中指相搭，向下点动两下。|https://d.bmcx.com/shouyu/_file/f/105977d23c320039.png
5075	事业	事情事态	（一）一手食、中指相搭，即“十”字。“十”与“事”同音，此处借用。（二）一手食指横靠在另一手食、中、无名、小指背部，搭成“业”字形。|https://d.bmcx.com/shouyu/_file/8/765590835f2cf3af.png
5076	情况	事情事态	双手五指伸开，手掌相合，一手不动，一手向下搓动，表示一件一件事情的经历。|https://d.bmcx.com/shouyu/_file/0/bb8ba8ccde2a7063.png
5077	目标	事情事态	目标 两手各伸食指，一手食指指尖向上直立于眼前，另一手食指从眼前指向另一手食指。|https://d.bmcx.com/shouyu/_file/d/b063fc6301d2e45a.png
5078	意义	事情事态	一手食指伸直，向一侧连续移动两下。“一”与“意”、“义”同音，此处借用。|https://d.bmcx.com/shouyu/_file/7/1044cc868914a26f.png
5079	经验	事情事态	（一）手指字母“J”的指式。（二）一手食指指点一下太阳穴处|https://d.bmcx.com/shouyu/_file/2/146e70bbafbf78a8.png
5080	教训	事情事态	（一）双手拇指与四指相捏，指尖相对，在胸前以腕部动几下。（二）一手食指向下点动两下，表示指责对方。|https://d.bmcx.com/shouyu/_file/a/aedabdfde4d921e4.png
5081	负责	事情事态	一手拍打另一侧肩部。|https://d.bmcx.com/shouyu/_file/6/a9d7512145b51be7.png
5082	负担	事情事态	负担 右手拇指与四指相对成“[”形，在左肩上按动几下。|https://d.bmcx.com/shouyu/_file/5/ca683037307e2c16.png
277	性能	性质性能	一手食、中指弹打另一手拳背。|https://d.bmcx.com/shouyu/_file/7/e161857504342140.png
278	光荣	性质性能	一手虚握，虎口先贴于脸颊，然后向外移动，并放开五指。|https://d.bmcx.com/shouyu/_file/4/c7cc133403e88f38.png
279	陌生	性质性能	双手伸出拇指，先靠在一起，然后向两旁分开，表示双方“不认识”、“不熟悉”。|https://d.bmcx.com/shouyu/_file/c/d575e9ad99a72dbe.png
280	正常	性质性能	（一）双手侧伸，掌心相对，从上向下一顿。（二）一手食、中指伸直，在头侧挥动几下，表示“常常”。|https://d.bmcx.com/shouyu/_file/b/bc15f5de6f826eff.png
281	基本	性质性能	（一）左手握拳，右手握住左手腕部。（二）手指字母“B”的指式。|https://d.bmcx.com/shouyu/_file/c/ff65d1b1dc1ce7a0.png
282	锋芒	性质性能	一手拇、食指先捏住另一手食指指尖，然后向外移出，同时五指张开，微微抖动几下。|https://d.bmcx.com/shouyu/_file/d/3fb06d37e5462627.png
283	戒心	性质性能	（一）双手平伸，掌心向外推出，表示防备，同时脸露警觉神态。（二）双手拇、食指搭成“心”形，贴于胸部。|https://d.bmcx.com/shouyu/_file/b/97ba162a2da8aafb.png
284	拖拉	性质性能	拖拉 左手伸出拇、小指；右手紧握住左手小手指向下拉，表示办事拖拉。|https://d.bmcx.com/shouyu/_file/d/a16701df424dcc69.png
285	珍惜	性质性能	（一）同“珍贵”手势（一手拇、食指捏成小圆圈，置于另一手掌心上微微晃动。）（二）一手轻抚另一手拇指指背。|https://d.bmcx.com/shouyu/_file/c/18bdb1865d82c553.png
4911	实质	性质性能	（一）手指字母“SH”的指式。（二）一手食、中指弹打另一手拳背。|https://d.bmcx.com/shouyu/_file/4/7b59e280e039ad81.png
4912	本质	性质性能	（一）手指字母“B”的指式。（二）一手食、中指弹打另一手拳背。|https://d.bmcx.com/shouyu/_file/d/ef5cc8df97dea578.png
4913	素质	性质性能	（一）手指字母“S”的指式。（二）一手食、中指弹打另一手拳背。|https://d.bmcx.com/shouyu/_file/7/7d207a723c877f53.png
4914	枢纽	性质性能	（一）一手食指指尖立于另一手掌心上，表示“中心点”。（二）一手拇、食指相捏，作扭动电钮状。|https://d.bmcx.com/shouyu/_file/b/4c2cc52115855a19.png
4915	伟大	性质性能	（一）双手伸拇指，同时向上一举。（二）双手侧伸，掌心相对，向两旁拉开。|https://d.bmcx.com/shouyu/_file/5/9fceac9b59c86efc.png
4916	宏伟	性质性能	（一）一手微曲，掌心向下，举过头顶，表示“高大”。（二）双手伸拇指，同时向上一举。|https://d.bmcx.com/shouyu/_file/c/be467ea325b6fa60.png
4917	崇高	性质性能	（一）一手伸出拇指，坐于另一手掌心上，并向上举。（二）一手平伸，掌心向下，向上举过头。|https://d.bmcx.com/shouyu/_file/c/abfe9b56887b1084.png
4918	神圣	性质性能	一手伸出拇指，坐于另一手掌心上，从胸前向上举过头顶。|https://d.bmcx.com/shouyu/_file/9/33415c81ee88f5e6.png
4919	是非	性质性能	（一）一手食、中指相搭，向下点动一下。（二）一手伸直食、中指，另一手中、无名、小指在一手伸直的食、中指两侧各划一下，形同“非”字。|https://d.bmcx.com/shouyu/_file/f/c906d95a62b4abb6.png
4920	困难	性质性能	一手食指抵于太阳穴部，并钻动一下。|https://d.bmcx.com/shouyu/_file/c/55145afd7ea1cfd0.png
4921	容易	性质性能	容易 右手拇指捏食指指尖，在左臂上打一下，再抽出来抖动几下，表示“不费力”、“简单”、“方便”。|https://d.bmcx.com/shouyu/_file/c/1743d9751ccaaad4.png
266	动物	动物	（一）手指字母“D”的指式，并左右摇动。（二）双手以食指互碰一下，然后分开并张开五指。|https://d.bmcx.com/shouyu/_file/4/00cc8b848bbf544d.png
267	鼠	动物	一手五指撮合成尖性，放在另一手掌心上，向前快速作曲线运动，象征老鼠的灵活动作。|https://d.bmcx.com/shouyu/_file/e/6bf4f36faa15f850.png
268	蜘蛛	动物	（一）双手五指张开，相叠成网状。（二）双手拇指互叠，其余各指弯曲如抓，缓缓蠕动。|https://d.bmcx.com/shouyu/_file/d/b30f6e95e935050a.png
269	瓢虫	动物	（一）左手握拳，手背向上；右手食指在左手背上点几下，表示瓢虫前翅上的斑点。（二）同“害虫”的手势（右手伸食指，横放胸前，一伸一屈作蠕动状。）|https://d.bmcx.com/shouyu/_file/b/f4bca7b3111c16e0.png
270	萤火虫	动物	萤火虫 左手虚握，手背向上，横于胸前；右手五指撮合，小指贴于左手背，然后左手向右移动，右手五指连续作开合动作。|https://d.bmcx.com/shouyu/_file/7/93bb4c57b5cb4849.png
4728	野兽	动物	（一）手指字母“Y”的指式。（二）双手五指弯曲如兽爪，一前一后，向前伸出如攫物状（凡凶猛动物，均适用此手势）。|https://d.bmcx.com/shouyu/_file/b/523552c6cb382d98.png
4729	狮	动物	（一）双手五指弯曲如钩，自头部两侧向下划如梳头状。象征雄师头部的鬃毛。（二）双手五指弯曲如兽爪，一前一后，向前伸出如攫物状。|https://d.bmcx.com/shouyu/_file/e/118b204e36d359e3.png
4730	狮子	动物	（一）双手五指弯曲如钩，自头部两侧向下划如梳头状。象征雄师头部的鬃毛。（二）双手五指弯曲如兽爪，一前一后，向前伸出如攫物状。|https://d.bmcx.com/shouyu/_file/5/1bfcff28ddeafa41.png
4731	虎	动物	（一）双手搭成“王”字置于前额，象征虎额花纹。（二）双手五指弯曲如兽爪，一前一后，向前伸出如攫物状。|https://d.bmcx.com/shouyu/_file/8/7fc65a9313785a0d.png
4732	老虎	动物	（一）双手搭成“王”字置于前额，象征虎额花纹。（二）双手五指弯曲如兽爪，一前一后，向前伸出如攫物状。|https://d.bmcx.com/shouyu/_file/8/0f7a248969a1c4f6.png
4733	豹	动物	（一）一手拇、食指捏成小圆，在胸前贴几下，象征豹身的金钱斑。（二）双手五指弯曲如兽爪，一前一后，向前伸出如攫物状（凡凶猛动物，均适用此手势）。|https://d.bmcx.com/shouyu/_file/f/382f8cd72aed0387.png
4734	豹子	动物	（一）一手拇、食指捏成小圆，在胸前贴几下，象征豹身的金钱斑。（二）双手五指弯曲如兽爪，一前一后，向前伸出如攫物状（凡凶猛动物，均适用此手势）。|https://d.bmcx.com/shouyu/_file/5/c8f33c0b453b9914.png
4735	熊	动物	双手掌心向下，一前一后交互向前伸，模仿熊走路状态。|https://d.bmcx.com/shouyu/_file/9/ac3bb5bd6cf5cf6a.png
4736	象	动物	一手食指微曲，指尖向下，自鼻部向下伸，象征象的长鼻子。|https://d.bmcx.com/shouyu/_file/c/51a337b7c28b5ea7.png
4737	大象	动物	一手食指微曲，指尖向下，自鼻部向下伸，象征象的长鼻子。|https://d.bmcx.com/shouyu/_file/1/2a61c61a774d26a6.png
4738	猴	动物	一手伸掌，掌心向下，五指并拢弯曲，反转来以小指边沿贴在前额，模仿猴的动作。|https://d.bmcx.com/shouyu/_file/7/372c3209f50c070d.png
4739	猴子	动物	一手伸掌，掌心向下，五指并拢弯曲，反转来以小指边沿贴在前额，模仿猴的动作。|https://d.bmcx.com/shouyu/_file/e/ac369cb95fcebe45.png
4740	猩猩	动物	双手握拳在胸前交互捶打，同时瞪眼张嘴，模仿猩猩的动作表情。|https://d.bmcx.com/shouyu/_file/9/6967972b7980b642.png
4741	骆驼	动物	一手五指撮合成尖形，指尖向前，一起一伏向前移动，象征骆驼的头和走路的姿态。|https://d.bmcx.com/shouyu/_file/e/c703117db55682ab.png
4742	狼	动物	一手五指虚撮，指尖对准嘴巴，然后向外移，五指逐渐撮紧成尖形，象征尖长的狼嘴。|https://d.bmcx.com/shouyu/_file/e/c72a79d0d2460399.png
246	天文	天体气象	（一）一手伸食指，指尖向上，在头侧上方转动一圈，表示天空。（二）一手食指书空“文”字。|https://d.bmcx.com/shouyu/_file/3/a1af459205fa1892.png
247	阴	天体气象	一手伸出小指，指尖向上，在头前上方转一圈，表示天气不好，是阴天。|https://d.bmcx.com/shouyu/_file/2/705fcc24ea8837be.png
248	冰	天体气象	（一）双手握拳，在胸前微微抖动，表示寒冷。（二）双手四指在上，拇指在下，相距约一寸，相对不动，象征并块。|https://d.bmcx.com/shouyu/_file/6/a3bbe9bd2d37914e.png
4381	天空	天体气象	一手伸食指，指尖向上，在头侧上方转动一圈。|https://d.bmcx.com/shouyu/_file/b/1830772a435ac3da.png
4382	天	天体气象	一手伸食指，指尖向上，在头侧上方转动一圈。|https://d.bmcx.com/shouyu/_file/4/bb602a5385973ab5.png
4383	宇宙	天体气象	（一）左手握拳不动。右手五指张开，微曲，围着左拳转动，表示地球外空间。（二）一手伸食指，指尖向上，在头侧上方划一大圈，表示太空。|https://d.bmcx.com/shouyu/_file/1/ef0418d569fcd89b.png
4384	星	天体气象	一手拇、食指捏成小圆圈，在头上一顿一顿的移动几下，象征天上的星星。|https://d.bmcx.com/shouyu/_file/7/1100f2425591a314.png
4385	星星	天体气象	一手拇、食指捏成小圆圈，在头上一顿一顿的移动几下，象征天上的星星。|https://d.bmcx.com/shouyu/_file/5/3f9fcd771614f454.png
4386	恒星	天体气象	（一）手指字母：“H”的指式。（二）一手拇、食指捏成小圆圈，在头上一顿一顿的移动几下，象征天上的星星。|https://d.bmcx.com/shouyu/_file/6/5ec8b7dffa32c8fd.png
4387	行星	天体气象	（一）手指字母“X”的指式，并缓缓向一边移动。（二）一手拇、食指捏成小圆圈，在头上一顿一顿的移动几下，象征天上的星星。|https://d.bmcx.com/shouyu/_file/d/545c028f54beb050.png
4388	卫星	天体气象	卫星 右手握拳不动，另一手拇、食指捏成小圆圈绕拳转一圈，象征卫星绕地球转动。|https://d.bmcx.com/shouyu/_file/b/6732109e3937d8fd.png
4389	太阳	天体气象	太阳 左手身出拇、食指，微微弯曲，置于头侧上方。右手五指虚撮，从左手虎口内斜着向下移，同时放开五指，象征太阳的光芒。|https://d.bmcx.com/shouyu/_file/4/6487e9c6eb82c42e.png
4390	地球	天体气象	一手握拳，以腕部为轴心转动一圈，表示地球自转。|https://d.bmcx.com/shouyu/_file/3/1d5aa1088c1502b1.png
4391	月亮	天体气象	双手伸拇、食指，相距约一寸，指尖相对，然后作弧形分开向左右下移，同时拇、食指间距渐小，如半弦新月状。|https://d.bmcx.com/shouyu/_file/3/ad7751d013f1e7e1.png
4392	气象	天体气象	（一）手指字母“Q”的指式。（二）一手身出食指在头侧上空转一圈，同时眼睛向上看，似在仰观天象。|https://d.bmcx.com/shouyu/_file/1/a509dddd83732442.png
4393	气候	天体气象	（一）一手伸食指，指尖向上，在头侧上方转动一圈。（二）一手搭“Q”指式，置于鼻孔前。|https://d.bmcx.com/shouyu/_file/7/0f9c21565b9a7293.png
4394	天气	天体气象	（一）一手伸食指，指尖向上，在头侧上方转动一圈。（二）一手搭“Q”指式，置于鼻孔前。|https://d.bmcx.com/shouyu/_file/9/1c06f079cba24556.png
4395	天气预报	天体气象	（一）一手伸食指，指尖向上，在头侧上方转动一圈。（二）一手搭“Q”指式，置于鼻孔前。（三）双手微曲，手指并拢，掌心相对，放于嘴角旁，向外伸出。|https://d.bmcx.com/shouyu/_file/0/bf69c132b61a865f.png
4396	晴	天体气象	一手五指并拢，掌心向外，置于头部前方，向一边移动，同时伸出拇指，表示天气晴朗。|https://d.bmcx.com/shouyu/_file/f/648e1b2bf503338c.png
4397	晴天	天体气象	一手五指并拢，掌心向外，置于头部前方，向一边移动，同时伸出拇指，表示天气晴朗。|https://d.bmcx.com/shouyu/_file/4/1ff7cb98a57bde34.png
241	化学	化学	一手打手指字母“H”的指式，一手打手指字母“X”的指式，并同时转动。|https://d.bmcx.com/shouyu/_file/0/d355098b2dc9bb51.png
242	氯气	化学	（一）一手食指书空“C1”形，“C1”是“氯”的元素符号。（二）一手打手指字母“Q‘的指式，并伸向鼻孔，如吸气状。|https://d.bmcx.com/shouyu/_file/f/f0dbe65151b291ab.png
243	熔点	化学	（一）左手握拳，手背向上；右手五指微曲，指尖朝上，在左拳下颠动几下。（二）左手食指直立；右手食指横伸，从左手食指根部上移至某处时，食指尖再点一下该处。|https://d.bmcx.com/shouyu/_file/f/35705b0ea9b22e81.png
4315	结构	化学	（一）双手拇、食指互相套环，表示“结合”“连接”。（二）双手五指伸直，互相交叉咬合。|https://d.bmcx.com/shouyu/_file/3/3bb8f1a03e9fe0f3.png
4316	浓缩	化学	（一）左手握成半圆形，右手食、中指并拢，在左手圆形内慢慢搅动。（二）一手五指向上张开，掌心向内，边向下移动边收拢五指。|https://d.bmcx.com/shouyu/_file/1/aab6dee39e94d80d.png
4317	还原	化学	（一）双手伸平，掌心向下，然后翻转过来，掌心向上。（二）一手拇、食指握成圆形。|https://d.bmcx.com/shouyu/_file/6/c964a56b0e309706.png
4318	沉淀	化学	双手伸平，掌心向下，手指微动，缓缓下降。|https://d.bmcx.com/shouyu/_file/9/f93fe8a43b8ac325.png
4319	火	化学	双手五指微曲，指尖向上，交替上下动几下，如火苗跳动状。|https://d.bmcx.com/shouyu/_file/c/d0b998ba9a6521a5.png
4320	烧	化学	双手五指微曲，指尖向上，交替上下动几下，如火苗跳动状。|https://d.bmcx.com/shouyu/_file/f/a7a0beeacff0e35c.png
4321	燃烧	化学	双手五指微曲，指尖向上，交叉上下、左右转动几下，模拟火势很旺的样子。|https://d.bmcx.com/shouyu/_file/8/ff1f2087a300199d.png
4322	过滤	化学	过滤 左手五指微曲，掌心向上不动。右手掌心贴于左手背，边降边收缩五指，如液体过滤时向下流动状。|https://d.bmcx.com/shouyu/_file/1/516db245c59a85ee.png
4323	结晶	化学	（一）双手拇、食指互相套环。（二）左手拇、食指握成圆形，右手食指横放在左手圆形中间成“日”字形，然后排列成“晶”字形。|https://d.bmcx.com/shouyu/_file/3/12f2daa3c4aeaef1.png
4324	分解	化学	（一）一手侧立，在另一手掌心上左右摆动几下。（二）双手五指微曲，指尖相对，然后向两侧移动，并向下张开五指。|https://d.bmcx.com/shouyu/_file/8/7133b3405860b24d.png
4325	溶液	化学	（一）左手五指握成半圆形，右手拇、中指在左手虎口上捏动。（二）左手仍握半圆形，右手作波纹状移动。|https://d.bmcx.com/shouyu/_file/d/ab412bfc4a3ee22e.png
4326	恒温	化学	（一）一手打手指字母“H”的指式，并缓缓向一侧移动。（二）双手五指微曲，掌心向上，在胸前由下向上缓缓移动。|https://d.bmcx.com/shouyu/_file/9/f15af69a8176706f.png
4327	元素	化学	（一）一手拇、食指握成圆圈。（二）手指字母“S”的指式。|https://d.bmcx.com/shouyu/_file/f/b5fb8660e1b605cd.png
4328	同位素	化学	（一）双手食指伸直，由远渐近，最后并在一起。（二）一手握拳伸拇指，坐于另一手掌心。（三）手指字母“S”的指式。|https://d.bmcx.com/shouyu/_file/5/6cba2caa022bff03.png
4329	毒品	化学	（一）双手握拳曲肘、交叉，并托于颈部。（二）双手拇、食指握成小圆，排列成“品”字形。|https://d.bmcx.com/shouyu/_file/c/b5ee66c31f542ad6.png
4330	氧气	化学	（一）一手食指书空“O”形，“O”是“氧”的元素符号。（二）一手打手指字母“Q‘的指式，并伸向鼻孔，如吸气状。|https://d.bmcx.com/shouyu/_file/9/9e673378425bb424.png
4331	氢气	化学	（一）一手食指书空“H”形，“H”是“氢”的元素符号。（二）一手打手指字母“Q‘的指式，并伸向鼻孔，如吸气状。|https://d.bmcx.com/shouyu/_file/9/6ac914c2bab7ef0c.png
212	体育	体育	双手握拳在胸前作扩胸动作。|https://d.bmcx.com/shouyu/_file/f/014f6109f046c017.png
213	接力	体育	一手五指微曲，伸向身后，如接受接力棒，然后再握拳、曲肘，作跑步动作。|https://d.bmcx.com/shouyu/_file/e/d8a614988f1a53e1.png
214	羽毛球	体育	（一）右手五指微曲，指见轻抚左手背，如整理羽毛状。（二）右手握拳，模仿打羽毛球动作。|https://d.bmcx.com/shouyu/_file/b/583c9cbd18b8712e.png
3833	运动	体育	双手握拳，在身侧交替摆动，如跑步动作。|https://d.bmcx.com/shouyu/_file/1/8f3d04ae55c45b81.png
3834	比赛	体育	双手拇指向上，交替上下动几下。|https://d.bmcx.com/shouyu/_file/3/64011d50a319ffb5.png
3835	裁判	体育	（一）一手拇、食指相捏如捏哨子，放在口边作吹哨子状。（二）一手伸出食、中指，并向下挥动，表示裁决、判定。|https://d.bmcx.com/shouyu/_file/e/0678bc2452c31bbb.png
3836	冠军	体育	（一）一手食指轻打一下另一手拇指，表示第一。（二）右掌平伸，掌心向下，食指贴在前额上。|https://d.bmcx.com/shouyu/_file/9/921f359ee2c326e3.png
3837	亚军	体育	（一）一手食指轻打一下另一手食指，表示第二。（二）右掌平伸，掌心向下，食指贴在前额上。|https://d.bmcx.com/shouyu/_file/0/c8e19029f30f362c.png
3838	赢	体育	双手各伸食指，指尖向外。右手食指打一下左手食指，左手食指向外倒，表示赢。|https://d.bmcx.com/shouyu/_file/e/77a512f05e1049bf.png
3839	输	体育	双手各伸食指，指尖向内。左手食指打一下右手食指，右手食指向内倒，表示输。|https://d.bmcx.com/shouyu/_file/1/104143a2a4ace541.png
3840	奖章	体育	奖章 左手拇、食指捏成小圆圈，右手指尖抵于小圆圈上端，贴于胸前，象征奖章。|https://d.bmcx.com/shouyu/_file/a/b3b7dbfc1ca64de7.png
3841	金牌	体育	（一）一手食指点一下另一手中指或无名指跟部。（二）左手拇、食指捏成小圆圈，右手指尖抵于小圆圈上端，贴于胸前，象征奖章。|https://d.bmcx.com/shouyu/_file/d/ee03323334b361de.png
3842	田径	体育	（一）双手食、中、无名指搭成“田”字形。（二）双手握拳、曲肘，前后摆动，如跑步状。|https://d.bmcx.com/shouyu/_file/5/f551da4eb3bd87ec.png
3843	赛跑	体育	（一）双手并排伸出拇指，交替上下动几下，表示“比赛”“竞赛”。（二）双手握拳、曲肘，前后摆动，如跑步状。|https://d.bmcx.com/shouyu/_file/1/b55edb7a476d81b3.png
3844	竞赛	体育	双手拇指向上，交替上下动几下。|https://d.bmcx.com/shouyu/_file/a/cbb6b4f6bb7c9a93.png
3845	跳高	体育	跳高 左手食指横伸，象征跳高栏杆。右手食、中指相叠，在左手食指上越过，食、中指随即叉开，如跳高状。|https://d.bmcx.com/shouyu/_file/5/ff69542a728a6e04.png
3846	跳远	体育	跳远 右手食、中指立于左手掌心上，向前跳出，如跳远状。|https://d.bmcx.com/shouyu/_file/f/c9201b8959711a03.png
3847	竞走	体育	双手握拳、曲肘，前后摆动（动作比跑步小），如竞走动作。|https://d.bmcx.com/shouyu/_file/f/df0159850b12b1ca.png
3848	游泳	体育	双手微曲，两臂同时向前伸出、划动，如游泳动作。|https://d.bmcx.com/shouyu/_file/8/31fd20ec8c87c074.png
3849	滑冰	体育	双手侧立，掌心相对，交替向前作曲线滑动，如滑冰动作。|https://d.bmcx.com/shouyu/_file/f/9b6cf4b5fd4823f1.png
204	成语	成语虚词	（一）手指字母“CH”的指式。（二）一手食指横于嘴前，转动几下。|https://d.bmcx.com/shouyu/_file/c/0c02b9d8ba40eb7e.png
205	随心所欲	成语虚词	（一）一手食、中指伸直，在胸前前后弹动几下。（二）双手拇、食指搭成“心”形。（三）一手食指在太阳穴处转动。（四）一手伸平，掌心向上，从外向内收回。|https://d.bmcx.com/shouyu/_file/6/fba6ec0180f20a3c.png
206	或者	成语虚词	或者 用手指字母“H”的指式转动半圈。|https://d.bmcx.com/shouyu/_file/d/1a4fa3d488b4a060.png
207	为	成语虚词	一手伸拇、食指，以腕部转动几下。|https://d.bmcx.com/shouyu/_file/6/89380fc3155e4df5.png
208	可以	成语虚词	一手五指伸直，指尖向上，然后拇指不动，其余四指弯动几下。|https://d.bmcx.com/shouyu/_file/0/20b3cac6ddb27a04.png
209	很	成语虚词	一手拇指指尖抵于食指跟部，向下一沉。|https://d.bmcx.com/shouyu/_file/8/104c852c3a1c5f9f.png
210	唯一	成语虚词	一手先打手指字母“W”的指式，然后边向右转腕边弯回中指和无名指|https://d.bmcx.com/shouyu/_file/4/2b0b446ea90d4fbc.png
211	常	成语虚词	常 同常常，一手食、中指在太阳穴部碰几下。|https://d.bmcx.com/shouyu/_file/b/a1a34591e796c20e.png
3698	虚词	成语虚词	（一）手指字母“X”的指式。（二）手指字母“C”的指式。|https://d.bmcx.com/shouyu/_file/a/6e12f57ae91908e9.png
3699	知无不言	成语虚词	（一）一手食指在太阳穴处点动一下。（二）一手拇、食、中指相捻，表示“没有”、“无”。（三）一手伸掌，摇动几下。（四）一手食指横于嘴前，转动几下。|https://d.bmcx.com/shouyu/_file/d/3e8bc9056e34854c.png
3700	言无不尽	成语虚词	（一）一手食指横于嘴前，转动几下。（二）一手拇、食、中指相捻。（三）一手伸掌，摇动几下。（四）一手拇指与四指相对，逐渐并拢，再向下一甩。|https://d.bmcx.com/shouyu/_file/7/fad7c5645d18d6a0.png
3701	言者无罪	成语虚词	（一）一手食指横伸，在嘴前转动几下。（二）双手食指搭成“人”字形。（三）一手拇、食、中指捻动。（四）一手伸出小指，向下一挥。|https://d.bmcx.com/shouyu/_file/2/8b531b6ce82430e6.png
3702	闻者足戒	成语虚词	（一）一手五指微曲，拇指抵于耳边，表示“听”。（二）双手食指搭成“人”字形。（三）一手食、中指在颏下弹动几下。（四）一手拇、食指相捏，在另一手掌心上碰几下。|https://d.bmcx.com/shouyu/_file/c/6229f17c773d185d.png
3703	惩前毖后	成语虚词	（一）一食指敲一下另一食指。（二）一手五指微曲，向肩后扇动几下。（三）一手拇指捏于小指指尖，向另一手背敲一下。（四）一手侧伸，指尖向上，向一侧移动。|https://d.bmcx.com/shouyu/_file/2/cf195323d7b78419.png
3704	治病救人	成语虚词	（一）手指字母“ZH”的指式。（二）一手按另一手脉门，如中医诊脉状。（三）左手伸出拇、小指，放平；右手将左手扶起，拇指向上。（四）双手食指搭成“人”字形。|https://d.bmcx.com/shouyu/_file/1/43cdb6d2de5b8ba7.png
3705	自力更生	成语虚词	（一）一手食指伸直，置于胸前。（二）右手握拳曲肘，左手搭在右手上臂，右手向里弯动几下。（三）手指字母“G”的指式。（四）左手握成半圆，右手在左手圆中从下向上伸开五指。|https://d.bmcx.com/shouyu/_file/f/0e534b4966b63660.png
3706	勤俭建国	成语虚词	（一）一手握拳敲打另一手臂。（二）一手虚握，另一手从其虎口上由外向内刮一下。（三）双手拇指与四指弯曲相对，一上一下交互叠几下。（四）手指字母“G”的指式，并在胸前绕一圈。|https://d.bmcx.com/shouyu/_file/f/15d60ff8d4ab7b50.png
3707	统筹兼顾	成语虚词	（一）一手五指先张开，边绕圈边握拳，平伸食指。（二）双手五指微曲，掌心向下，左右移动几下。（三）一手先按左肩，再按右肩。|https://d.bmcx.com/shouyu/_file/d/c12d76e35c2c7f39.png
3708	各尽所能	成语虚词	（一）一手食指向上伸直，向一边一顿一顿移动。（二）双手五指相捏，掌心向下，向外翻出，放开五指。（三）右手握拳曲肘，左手搭在右手上臂，右手用力向里弯动几下。|https://d.bmcx.com/shouyu/_file/1/759ebf60c17e8ae1.png
3709	集思广益	成语虚词	（一）双手先张开五指，再逐渐收拢。（二）一手食指在太阳穴处转动几下。（三）双手侧伸，掌心相对，从中间向两旁逐渐扩大。（四）一手握拳，伸出拇指。|https://d.bmcx.com/shouyu/_file/8/33e0463e345b4c8d.png
192	教育	教育	双手拇指与四指相捏，指尖相对，微动几下。|https://d.bmcx.com/shouyu/_file/6/2759187d7472624d.png
193	课程	教育	（一）双手掌心相合，再打开来，如翻书本状。（二）右手握拳，依次伸出食、中、无名、小指，象征程序|https://d.bmcx.com/shouyu/_file/0/26f6b254a564e79b.png
194	测验	教育	（一）双手伸拇指，交替上下动，表示比较、比试。（二）一手食、中指指尖指着双眼，交替微动。|https://d.bmcx.com/shouyu/_file/5/1d5997cdcd493ce3.png
195	符号	教育	（一）手指字母“F”的指式。（二）手指字母“H”的指式。|https://d.bmcx.com/shouyu/_file/f/08f7de9a21f06f9c.png
196	蜡笔	教育	（一）手指字母“L”的指式。（二）一手如执蜡笔绘图状。|https://d.bmcx.com/shouyu/_file/2/233b2d74f4529cb5.png
197	标题	教育	（一）左手食指直立；右手五指并拢指向左手食指。（二）左手侧立，五指分开；右手拇、食指相距约2厘米，在左手拇指前向右划一下。|https://d.bmcx.com/shouyu/_file/1/1652c4c8584d1da7.png
198	开学	教育	（一）双手直立先靠拢，掌心向外，然后作“开门”状。（二）双手放于面前，如读书状。|https://d.bmcx.com/shouyu/_file/e/93fee48a8e9ecd5f.png
199	问题	教育	问题 右手食指伸出，先书空问号上半部“？”形，再向前一指。|https://d.bmcx.com/shouyu/_file/e/312272151ac7244b.png
3509	教导	教育	（一）双手拇指与四指相捏，指尖相对，微动几下。（二）一手食指伸直，指尖向前，左右微微指点一下。|https://d.bmcx.com/shouyu/_file/9/bc2e07f5d08c11b0.png
3510	教学	教育	（一）双手拇指与四指相捏，指尖相对，微动几下。（二）双手放于面前，如读书状。|https://d.bmcx.com/shouyu/_file/0/6801969671794fe2.png
3511	教案	教育	（一）双手拇指与四指相捏，指尖相对，微动几下。（二）右手如执笔状，在左掌心上划几条横线。|https://d.bmcx.com/shouyu/_file/0/1964e42183a102b1.png
3512	学校	教育	（一）双手放于面前，如读书状。（二）双手搭成“＾”形|https://d.bmcx.com/shouyu/_file/9/0f74acb8a4d26201.png
3513	教室	教育	（一）双手拇指与四指相捏，指尖相对，微动几下。（二）双手搭成“＾”形。|https://d.bmcx.com/shouyu/_file/3/b856a9dbe9c944eb.png
3514	班级	教育	（一）左手拇指向上不动。右手五指分开，掌心贴于左拳。（二）左手平伸，指尖向上直立；右手平伸，掌心向下，拇指边缘贴于左掌心，一顿一顿向上移动。|https://d.bmcx.com/shouyu/_file/9/132da9e730990044.png
3515	小学	教育	（一）一手食指书空“小”字。（二）双手放于面前，如读书状。|https://d.bmcx.com/shouyu/_file/5/ef05288737039d65.png
3516	中学	教育	（一）左手拇、食指与右手食指搭成“中”字。（二）双手放于面前，如读书状。|https://d.bmcx.com/shouyu/_file/6/d26166eff34f7a4f.png
3517	大学	教育	（一）一手食指书空“大”字。（二）双手放于面前，如读书状。|https://d.bmcx.com/shouyu/_file/9/f99500e04107dc2a.png
3518	师范	教育	（一）一手伸拇指，贴于胸前。（二）双手拇指与四指相捏，指尖相对，微动几下。|https://d.bmcx.com/shouyu/_file/0/70b4950c632d2240.png
3519	托儿所	教育	（一）双手托于胸前，如抱因婴儿状。（二）双手搭成“＾”形。|https://d.bmcx.com/shouyu/_file/3/b5d06d5ca694d80b.png
3520	幼儿园	教育	（一）一手平伸，向下微按。（二）双手搭成“＾”形。|https://d.bmcx.com/shouyu/_file/6/f78304ec5acadd4c.png
170	交通	交通邮电	双手五指并拢，掌心向内，相对而立，象征车辆，再交叉移动几下，如车辆来往，引申为“交通”。|https://d.bmcx.com/shouyu/_file/f/41f793bb3460ef90.png
171	帆	交通邮电	帆 右手直伸，掌心向外，腕部贴在左掌心上，同时向前移动，如帆船向前行驶。|https://d.bmcx.com/shouyu/_file/d/7a69a7a883c11c6b.png
172	电报	交通邮电	一手拇、食、中指相捏，上下动几下，如拍发电报动作|https://d.bmcx.com/shouyu/_file/d/389d7ffb25c00e16.png
3129	运输	交通邮电	双手微曲，掌心向上，如两条船，再交叉移动几下，如船来船往，引申为“运输”。|https://d.bmcx.com/shouyu/_file/b/491dd6e1042b97e3.png
3130	道路	交通邮电	双手侧伸，掌心相对，相距尺余，向前方伸出，表示笔直的大路。|https://d.bmcx.com/shouyu/_file/5/b6e10078b5138dc6.png
3131	大路	交通邮电	双手侧伸，掌心相对，相距尺余，向前方伸出，表示笔直的大路|https://d.bmcx.com/shouyu/_file/2/ddf08953ef7c4ac1.png
3132	隧道	交通邮电	隧道 左手弯曲成弧形，右手侧伸，从左掌心下向前伸出，象征车辆通过隧道。|https://d.bmcx.com/shouyu/_file/7/987d93ec6fed2d85.png
3133	里程	交通邮电	（一）手指字母“L”的指式。（二）双手侧伸，一前一后，后面的手不动，前面的手一顿一顿向前移，表示“里程”。|https://d.bmcx.com/shouyu/_file/0/34912d13ad8207cb.png
3134	火车	交通邮电	火车 左手食、中指伸直平放，象征铁轨。右手食、中指弯曲如钩，指尖抵在座手食、中指上，并向前移动，象征火车在轨道上行驶。|https://d.bmcx.com/shouyu/_file/b/653618b12cf8af74.png
3135	汽车	交通邮电	双手虚握如握方向盘，左右转动，模仿操纵方向盘动作。|https://d.bmcx.com/shouyu/_file/9/904e859b64e24055.png
3136	卡车	交通邮电	（一）双手拇指与四指成“[”形，交互向上叠几次，象征装载货物。（二）双手虚握如握方向盘，左右转动，模仿操纵方向盘动作。|https://d.bmcx.com/shouyu/_file/6/ce22ea4a10f2e72b.png
3137	公共汽车	交通邮电	（一）双手拇、食指搭成“公”字。（二）双手虚握如握方向盘，左右转动，模仿操纵方向盘动作。|https://d.bmcx.com/shouyu/_file/e/460c004bdb81480a.png
3138	公交车	交通邮电	（一）双手拇、食指搭成“公”字。（二）双手虚握如握方向盘，左右转动，模仿操纵方向盘动作。|https://d.bmcx.com/shouyu/_file/0/8602c79422349f3e.png
3139	电车	交通邮电	电车 左手食、中指横伸在上，右手食、中指直伸，指尖在下抵住左手两指，向前移动。|https://d.bmcx.com/shouyu/_file/3/5afdb2b56ad690c2.png
3140	摩托车	交通邮电	双手握拳，在胸前上下颠动，如驾驶摩托车的动作。|https://d.bmcx.com/shouyu/_file/e/213fe11e88c8b924.png
3141	摩托	交通邮电	双手握拳，在胸前上下颠动，如驾驶摩托车的动作。|https://d.bmcx.com/shouyu/_file/7/d5016609f104e70f.png
3142	三轮车	交通邮电	（一）一手伸食、中、无名指，向前移动，表示三个轮子的车。（二）双手握拳，在胸前交替前后转动，如踏三轮车的动作。|https://d.bmcx.com/shouyu/_file/1/82cdee9b170707b3.png
3143	轮椅车	交通邮电	双手握拳，在腰部两侧作转动轮子状。|https://d.bmcx.com/shouyu/_file/9/c42144118572b8bf.png
3144	轮椅	交通邮电	双手握拳，在腰部两侧作转动轮子状。|https://d.bmcx.com/shouyu/_file/e/9b7a58bfff41c110.png
3145	自行车	交通邮电	双手握拳，在胸前交替转圈子，如踏自行车动作。|https://d.bmcx.com/shouyu/_file/e/16422d1147976963.png
160	工业	工业建筑	（一）一手食、中指与另一手食指搭成“工”字形。（二）一手四指向上直伸，另一手食指横于四指跟部搭成“业”字形。|https://d.bmcx.com/shouyu/_file/1/0b37b3b01c1561c4.png
161	电镀	工业建筑	（一）一手食指书空“闪电”状。（二）双手五指撮合，指尖向下，同时上下动几下。|https://d.bmcx.com/shouyu/_file/8/5fac746dfa4abe3d.png
162	浪费	工业建筑	双手拇、食指成半圆形，置于腰两旁，向外动几下，表示钱从口袋中无节制地向外流出。|https://d.bmcx.com/shouyu/_file/6/4e4a94a18bb628b0.png
163	维修	工业建筑	（一）左手握拳伸出拇指，右手五指微曲，在左手周围转动一圈，表示“维护”之意。（二）一手伸食、中指，翻转一下，表示“修改”之意。|https://d.bmcx.com/shouyu/_file/9/b77ad64f53b94b87.png
164	吊车	工业建筑	一手食指弯曲如钩，向左右移动几下，如吊车吊物动作|https://d.bmcx.com/shouyu/_file/6/bbafb32fa8dc05aa.png
165	皮带	工业建筑	（一）一手拇、食指揪另一手背皮肤。（二）双手拇、食指相距一寸，从中间向两边拉开，即“带子”。|https://d.bmcx.com/shouyu/_file/e/b152de5b7f2f59a5.png
166	钻子	工业建筑	（一）一手食、中指相搭，在另一手掌心上钻动。（二）一手伸拇、食指，指尖相距约二寸，如钻头长短。|https://d.bmcx.com/shouyu/_file/b/c74b63cb7afdf201.png
167	焦碳	工业建筑	（一）一手打手指字母“H”指式并放在头部，表示黑。（二）双手拇、食指先搭成方块形，然后左手不动，右手五指向上弯曲，在左手下面跳动，象征火焰。|https://d.bmcx.com/shouyu/_file/4/ac603a83cce7d45c.png
168	窗子	工业建筑	一手四指分开伸直，横、直各划一下，形成方格状，表示窗子|https://d.bmcx.com/shouyu/_file/9/166a1fcdbe2e543a.png
169	家	工业建筑	双手搭成“＾”形，如屋顶状|https://d.bmcx.com/shouyu/_file/1/dcf91244457af79a.png
2958	行业	工业建筑	（一）手指字母“H”的指式。（二）一手四指向上直伸，另一手食指横于四指跟部搭成“业”字形。|https://d.bmcx.com/shouyu/_file/d/49d7fd92c22ca60c.png
2959	机械	工业建筑	双手五指弯曲，四指大关节交错相触，转动几下，象征机器齿轮转动状。|https://d.bmcx.com/shouyu/_file/2/3de7adbd709bab10.png
2960	机器	工业建筑	双手五指弯曲，四指大关节交错相触，转动几下，象征机器齿轮转动状。|https://d.bmcx.com/shouyu/_file/7/8253f7696974c84b.png
2961	冶金	工业建筑	（一）一手掌心向上不动。另一手五指弯曲，指尖向上，上下动几下（即“火”手势），表示冶炼。（二）一手食指在另一手中指或无名指跟部点几下。|https://d.bmcx.com/shouyu/_file/b/3d6347ffec18f4da.png
2962	冶炼	工业建筑	（一）一手掌心向上不动。另一手五指弯曲，指尖向上，上下动几下（即“火”手势），表示冶炼。（二）一手食指在另一手中指或无名指跟部点几下。|https://d.bmcx.com/shouyu/_file/c/eabb41d63d426331.png
2963	铸造	工业建筑	（一）双手五指弯曲，搭成圆形，向外一倾，作倒物状，象征钢水浇铸。（二）双手五指微曲，掌心相合，再向左右打开，表示浇铸成型。|https://d.bmcx.com/shouyu/_file/7/bfb3122173c66996.png
2964	模型	工业建筑	双手五指微曲，掌心相合，上下翻转几次，如塑物之状。|https://d.bmcx.com/shouyu/_file/b/b7c41b2004d65f70.png
2965	翻砂	工业建筑	一）双手五指微曲，掌心相合，上下翻转几次，如塑物之状。（二）一手拇、食、中指在另一手掌心上互捻，表示翻砂。|https://d.bmcx.com/shouyu/_file/2/c1e7b66920880843.png
2966	采矿	工业建筑	（一）左手微曲，掌心向下成半圆形。右掌在半圆形中作挖取矿物状。（二）右手食、中指弯曲如钩，以手指背骨节敲打左拳拳背。|https://d.bmcx.com/shouyu/_file/e/5b9bf641d3b14277.png
2967	能源	工业建筑	（一）一手握拳，肘部有力地弯曲几下，表示“能力”。（二）一手握住另一手腕部，表示“根源”之意。|https://d.bmcx.com/shouyu/_file/5/808a338acceef5c8.png
145	宗教	宗教	（一）左手伸食指，指尖向上不动。右手五指微曲，指尖向上，围绕左手食指转一圈。（二）双手合十置于胸前，低头，模仿信仰宗教的人作祈祷的动作。|https://d.bmcx.com/shouyu/_file/8/b2e0302875606690.png
146	跪拜	宗教	（一）一手食、中指弯曲，指背贴于另一手掌心上。（二）同“保佑”手势（双手合十，置于胸前，低头模仿祈祷的动作。）|https://d.bmcx.com/shouyu/_file/a/3992d97ad5bccb80.png
2691	信仰	宗教	（一）一手指尖贴于耳部，头微倾，表示“信服”。（二）右手握拳伸出拇指。左手平伸，掌心向上，将右手托起，表示尊敬。|https://d.bmcx.com/shouyu/_file/3/7a2feec700b44bdf.png
2692	灵魂	宗教	一手打手指字母“L”指式并在头旁转一圈。|https://d.bmcx.com/shouyu/_file/0/1dcc56e3e2e0dab5.png
2693	祈祷	宗教	双掌合十置于胸部，低头，模仿宗教信仰祈祷的动作|https://d.bmcx.com/shouyu/_file/6/8e5d2414f994bb13.png
2694	佛教	宗教	（一）一手伸出中、无名、小指，在头顶上点两下，象征和尚头顶上的“香火洞”。（二）一掌侧立置于胸前，另一掌手作敲木鱼状。|https://d.bmcx.com/shouyu/_file/f/c9527cd15dc3252b.png
2695	和尚	宗教	（一）一手伸出中、无名、小指，在头顶上点两下，象征和尚头顶上的“香火洞”。（二）一掌侧立置于胸前，另一掌手作敲木鱼状。|https://d.bmcx.com/shouyu/_file/6/30b3b6c34e9736f0.png
2696	道教	宗教	（一）一手五指虚撮，指尖抵于头顶上，象征道士的发髻。（二）双手合“十”置于胸前，低头作祈祷状|https://d.bmcx.com/shouyu/_file/d/b45358a82d671457.png
2697	道士	宗教	（一）一手五指虚撮，指尖抵于头顶上，象征道士的发髻。（二）双手合“十”置于胸前，低头作祈祷状|https://d.bmcx.com/shouyu/_file/c/e0ba0aba77b4da89.png
2698	回教	宗教	（一）手指字母“H”“I”的指式。（二）双手合“十”置于胸前，低头作祈祷状。|https://d.bmcx.com/shouyu/_file/a/1aeb9a0acf56222e.png
2699	伊斯兰教	宗教	（一）手指字母“H”“I”的指式。（二）双手合“十”置于胸前，低头作祈祷状。|https://d.bmcx.com/shouyu/_file/e/5b8d2618419d99e1.png
2700	基督教	宗教	基督教 右手拇、食、中指撮合，先自眉间至胸前，再自左肩至右肩划“十”字。|https://d.bmcx.com/shouyu/_file/2/5986eea95c901eda.png
2701	天主教	宗教	天主教 右手拇、食、中指撮合，先自眉间至胸前，再自左肩至右肩划“十”字。|https://d.bmcx.com/shouyu/_file/b/4073ca0d43c7764e.png
2702	尼姑	宗教	（一）一手拇、食指捏住耳垂，象征女性。（二）一掌侧立置于胸前，另一掌手作敲木鱼状。|https://d.bmcx.com/shouyu/_file/a/f9fd5e5991eeaa6c.png
2703	庙宇	宗教	（一）一手侧立置于胸前，另一手作敲木鱼状。（二）双手搭成“＾”形，表示举行宗教仪式的场所。|https://d.bmcx.com/shouyu/_file/b/082e52b72c9fdaf9.png
2704	庙	宗教	（一）一手侧立置于胸前，另一手作敲木鱼状。（二）双手搭成“＾”形，表示举行宗教仪式的场所。|https://d.bmcx.com/shouyu/_file/4/c6b5b9befaf2b340.png
2705	教堂	宗教	（一）右手拇、食、中指撮合，先自眉间至胸前，再自左肩至右肩划“十”字。（二）双手搭成“＾”形，表示举行宗教仪式的场所。|https://d.bmcx.com/shouyu/_file/a/a6422001c1923879.png
2706	宝塔	宗教	双手各伸出拇、食、小指，手背向上叠在一起。在下的不动，在上的一顿一顿向上移，表示多层的宝塔。|https://d.bmcx.com/shouyu/_file/0/20f9127fd921b678.png
2707	保佑	宗教	（一）左手伸出拇指；右手微曲，绕左手半圈。（二）双手合十，置于胸前，低头模仿祈祷的动作。|https://d.bmcx.com/shouyu/_file/5/db1eaeb100f7b5d0.png
2708	忏悔	宗教	（一）右手拇、食、中指相捏，先从眉宇间至胸前，后从左肩至右肩划“十”字。（二）右手伸出小指置于额于边点几下，并微微低头。|https://d.bmcx.com/shouyu/_file/9/eefd8bf375831d2c.png
127	宪法	法律	（一）手指字母“小”的指式。（二）手指字母“F”的指式，并向下挥动一下。|https://d.bmcx.com/shouyu/_file/e/e316c58a10cd6d13.png
128	申诉	法律	（一）一手侧伸，从另一手指尖向手腕处划过，表示要“申诉”的案件内容。（二）同“起诉”手势（一）。|https://d.bmcx.com/shouyu/_file/f/8e5ba29355dd80a0.png
129	根据	法律	根据 同“证据”手势（二）。|https://d.bmcx.com/shouyu/_file/c/45cc59e4486c8536.png
130	挑拨	法律	双手食指微曲，置于身体两侧，同时向上挑动。|https://d.bmcx.com/shouyu/_file/e/1af245b7457201cb.png
131	胁从	法律	（一）左手拇、小指直立不动，右手食指在左手拇指背后左右挥动几下。（二）双手拇、小指直立，一前一后，同时向前移动。|https://d.bmcx.com/shouyu/_file/8/80c7873355fb649c.png
132	平反	法律	（一）双手伸平，掌心向下，由中间向两旁平行移动。（二）一手伸平，掌心向下，然后翻为掌心向上。|https://d.bmcx.com/shouyu/_file/5/b66675e41b04f75f.png
2411	民法	法律	（一）双手食指搭成“人”字形，并转动一圈。（二）同“宪法”手势（二）。|https://d.bmcx.com/shouyu/_file/a/c82985268336ad33.png
2412	刑法	法律	（一）双手食、中指搭成“开”字形，然后右手食指在“开”字旁书空“刂”形，拼成“刑”字形。（二）手指字母“F”的指式，并向下挥动一下。|https://d.bmcx.com/shouyu/_file/3/e50700cc1b74c211.png
2413	法制	法律	（一）同“刑法”手势（二）。（二）双手五指伸直，掌心相对，从左向右一顿一顿移动。|https://d.bmcx.com/shouyu/_file/a/fbc2debfa6f66d27.png
2414	法律	法律	（一）同“刑法”手势（二）。（二）一手虚握，依次伸出食、中、无名、小指。|https://d.bmcx.com/shouyu/_file/1/c3ad13f8124e308b.png
2415	法令	法律	（一）同“刑法”手势（二）。（二）一手食、中指并拢，向下一挥，表示“命令”。|https://d.bmcx.com/shouyu/_file/e/5d9ebeb84113d4a4.png
2416	章程	法律	（一）一手拇、食、中指相捏，指尖向下按于另一手心上。（二）同“法律”手势（二）。|https://d.bmcx.com/shouyu/_file/a/516f11544f2fb4b9.png
2417	制度	法律	一）双手五指伸直，掌心相对，从左向右一顿一顿移动。（二）一手虚握，依次伸出食、中、无名、小指。|https://d.bmcx.com/shouyu/_file/5/1bb37fe5854f4754.png
2418	条例	法律	条例 左手侧伸，掌心向里，右手拇、食指相对，从左手拇指开始依次划横条象征条文。|https://d.bmcx.com/shouyu/_file/2/fadd73dcce823276.png
2419	条文	法律	条文 左手侧伸，掌心向里，右手拇、食指相对，从左手拇指开始依次划横条象征条文。|https://d.bmcx.com/shouyu/_file/2/726190ae07a20d0f.png
2420	治安	法律	（一）一手食、中指叉开，指尖向前，在眼前转动几下，表示“巡视”“察看”。（二）一手平伸，在胸前向下按动。|https://d.bmcx.com/shouyu/_file/5/777b68cad03bc8eb.png
2421	规则	法律	（一）一手侧伸，在另一手指缝处逐一插下，表示一条一条规则。（二）一手侧伸，指尖向上，向一侧一顿一顿移动。|https://d.bmcx.com/shouyu/_file/5/46af097af65215a5.png
2422	准则	法律	（一）一手五指并拢，指尖对准另一手食指。（二）一手侧伸，指尖向上，向一侧一顿一顿移动。|https://d.bmcx.com/shouyu/_file/9/a2df1fbd4b58f570.png
2423	守则	法律	（一）一手捂于耳部，头向前微倾，表示“服从”“听从”。（二）一手侧伸，指尖向上，向一侧一顿一顿移动。|https://d.bmcx.com/shouyu/_file/9/9b36d10544e71cdf.png
2424	合法	法律	（一）双手侧伸，指尖相对，然后向中间移动至双手相叠，象征“符合”的意思。（二）手指字母“F”的指式，并向下一挥。|https://d.bmcx.com/shouyu/_file/e/085e92c571af9ee5.png
112	政治	政治活动	（一）手指字母“ZH”的指式。（二）再打一个手指字母“ZH”的指式。|https://d.bmcx.com/shouyu/_file/6/fb2e4c63a0f49ec9.png
113	纲领	政治活动	（一）一手五指向下伸开，然后边向上移动边收拢五指。（二）左手平伸，掌心向上，右手虚握在左手心上，逐一伸出食、中、无名、小指，象征一条条提纲条文。|https://d.bmcx.com/shouyu/_file/9/e62ab033d53f4baa.png
114	呼吁	政治活动	一手五指微曲，先放在嘴前方，然后向前移出，再作招手状，表示“呼吁”，”召唤“的意思。|https://d.bmcx.com/shouyu/_file/c/d700088dd2329599.png
115	开放	政治活动	（一）双手并排，掌心向外，然后向内翻掌，并拉开手背向外。（二）双手虚握，边向前移动边开放五指。|https://d.bmcx.com/shouyu/_file/0/7a94bb55a5f26351.png
116	表明	政治活动	（一）双手伸出拇、食指，从面颊两旁向前推出，表示态度的意思。（二）同“声明”手势（二）。|https://d.bmcx.com/shouyu/_file/7/93424dadd2307cf0.png
117	篡改	政治活动	（一）同“篡夺”手势（一）。（二）一手食、中指在另一手手心上翻动一下，表示“改动”“改变”。|https://d.bmcx.com/shouyu/_file/6/b023054ea259c854.png
118	强迫	政治活动	强迫 左手伸出拇指，右手伸出食指，指尖抵于左手拇指背后，然后双手同时向前移动。|https://d.bmcx.com/shouyu/_file/3/96c369faee8162eb.png
119	边界	政治活动	（一）一手伸直，指尖向下，沿另一平伸的手的小指边划动。（二）同“国界”手势（二）。|https://d.bmcx.com/shouyu/_file/5/7a3f40e9421de6af.png
120	帝国主义	政治活动	双手伸出拇、食指，交叉放于胸前，象征胸前挂着两把枪，以此比喻“帝国主义”。|https://d.bmcx.com/shouyu/_file/2/d0ae9481e7970aa9.png
2164	政权	政治活动	（一）手指字母“ZH”的指式。（二）一手五指先张开，然后边绕圈边用力握拳，象征“权力”在握。|https://d.bmcx.com/shouyu/_file/d/fa7ea7216c505948.png
2165	主权	政治活动	（一）一手伸出拇指，贴于胸部。（二）同“政权”手势（二）。|https://d.bmcx.com/shouyu/_file/2/11a75a753d40484f.png
2166	权力	政治活动	（一）同“政权”手势（二）。（二）一手握拳曲肘，手臂向内用力弯动一下，表示“力量”“能力”。|https://d.bmcx.com/shouyu/_file/a/920d0940538236b1.png
2167	权利	政治活动	（一）一手五指先张开，然后边绕圈边用力握拳，象征“权力”在握。（二）手指字母“L”的指式。|https://d.bmcx.com/shouyu/_file/7/5238d5cc5ae54519.png
2168	义务	政治活动	（一）一手食指书空“义”字。（二）一手按一下另一肩肩部，表示“责任”“任务”的意思。|https://d.bmcx.com/shouyu/_file/5/3d52489e91b781c8.png
2169	统治	政治活动	一手微曲，在胸前绕一大圆圈，然后用力握拳，象征在一定范围内掌握权力的意思。|https://d.bmcx.com/shouyu/_file/a/e139e0743c6f03eb.png
2170	专政	政治活动	（一）左手食指伸直，右手从左食指跟部边向前移动边握拳。（二）手指字母“ZH”的指式。|https://d.bmcx.com/shouyu/_file/1/3a55c8b1ca86c8ca.png
2171	祖国	政治活动	（一）一手食指置于胸部，表示“自己”的意思。（二）一手打手指字母“G”的指式，并在胸前绕一圈。|https://d.bmcx.com/shouyu/_file/5/cb6256814267df3e.png
2172	国家	政治活动	（一）手指字母“G”的指式。（二）双手搭成“＾”形。|https://d.bmcx.com/shouyu/_file/6/65ef8f2bc28d874d.png
2173	国旗	政治活动	（一）同“国家”手势（一）。（二）一手侧伸，腕部动几下，如旗帜飘扬状。|https://d.bmcx.com/shouyu/_file/7/1ec15dad9e05ab5f.png
2174	国徽	政治活动	（一）同“国家”手势（一）。（二）双手拇、食指搭成大圆圈，放于额头上方，象征国徽高挂状。|https://d.bmcx.com/shouyu/_file/0/8a740b69c05527f3.png
104	心理	心理	（一）双手拇、食指搭成“心”形置于胸部。（二）手指字母“L”的指式。|https://d.bmcx.com/shouyu/_file/8/1c20f1672dbecdb2.png
105	恨	心理	一手伸出拇、小指，拇指指尖抵于胸前，脸上流露怨恨的表情。|https://d.bmcx.com/shouyu/_file/a/60517f7cc972acac.png
106	耐心	心理	（一）一手手心向下，在胸前向下按几下，表示将急噪的心情压抑下去之意。（二）双手拇、食指搭成“心”形，置于胸前。|https://d.bmcx.com/shouyu/_file/8/ebe4a2df7ba608aa.png
107	控制	心理	一手掌心向下，从喉结处向下缓缓移动，表示“压抑”“控制”。|https://d.bmcx.com/shouyu/_file/0/29621b93cb1939ac.png
108	研究	心理	（一）一手食指在太阳穴部转动几下，表示在“思考”。（二）一手食、中指并拢，在另一手掌心上转动。|https://d.bmcx.com/shouyu/_file/0/88a528485a62aefe.png
109	激动	心理	（一）双手拇指、食指搭成“心”的形状，置于胸前上下动几下，同时面带感激的神情。（二）双手握拳屈肘，在胸前前后交替动几下。|https://d.bmcx.com/shouyu/_file/no_picture.png
2039	心情	心理	（一）同“心理”手势（一）。（二）双手五指张开，手掌相合，左右搓动，表示错综复杂的事情。|https://d.bmcx.com/shouyu/_file/0/667470c03c1cb167.png
2040	情绪	心理	（一）同“心理”手势（一）。（二）双手五指张开，手掌相合，左右搓动，表示错综复杂的事情。|https://d.bmcx.com/shouyu/_file/9/dd31a11d808a77aa.png
2041	感情	心理	（一）一手捂于胸部，表示有所感受。（二）双手伸开一前一后，前面的一手不动，后面的一手迎上去贴在一起，表示双方情意贴近。|https://d.bmcx.com/shouyu/_file/a/a3abc24d9bbed405.png
2042	快乐	心理	双手掌心向上，在胸前上下扇动，脸露笑容。|https://d.bmcx.com/shouyu/_file/7/ddcdf34c548d678f.png
2043	高兴	心理	双手掌心向上，在胸前上下扇动，脸露笑容。|https://d.bmcx.com/shouyu/_file/8/36e09d80f884cc13.png
2044	兴奋	心理	双手五指先并拢贴于胸前，然后向上边移动边放开五指，脸露特别高兴的样子。|https://d.bmcx.com/shouyu/_file/b/637449a149ac2a2f.png
2045	舒畅	心理	（一）手指字母“SH”的指式。（二）一手五指张开，掌心向内，贴于胸部轻轻转动，脸露笑容。|https://d.bmcx.com/shouyu/_file/5/c1b5aec68588c38b.png
2046	难过	心理	一手虚握贴于胸部，并转动几下，脸露愁容。|https://d.bmcx.com/shouyu/_file/f/55845be236936890.png
2047	悲伤	心理	一手虚握贴于胸部，并转动几下，脸露愁容。|https://d.bmcx.com/shouyu/_file/d/8e0a96ddc5b68655.png
2048	满意	心理	（一）一手平伸，掌心向下，从腹部向颏部移动。（二）一手食指伸直。因“一”与“意”谐音，此处借用。|https://d.bmcx.com/shouyu/_file/9/d3c1b40b6a342488.png
2049	希望	心理	一手打手指字母“X”的指式，先置于太阳穴处，然后向外挥动。|https://d.bmcx.com/shouyu/_file/9/8941bce7b699670e.png
2050	失望	心理	一手五指张开，先贴于胸前，然后向下收拢五指，脸露“灰心丧气”表情。|https://d.bmcx.com/shouyu/_file/3/49f100e7beee97f5.png
2051	泄气	心理	一手五指张开，先贴于胸前，然后向下收拢五指，脸露“灰心丧气”表情。|https://d.bmcx.com/shouyu/_file/a/7ebf598e83001fcb.png
2052	灰心	心理	一手五指张开，先贴于胸前，然后向下收拢五指，脸露“灰心丧气”表情。|https://d.bmcx.com/shouyu/_file/f/add72bafd2978942.png
100	哲学	哲学	哲学 左手打手指字母“ZH”的指式，右手打手指字母“X”的指式，并同时转一圈。|https://d.bmcx.com/shouyu/_file/e/d073d3bd87bcaf82.png
101	概念	哲学	（一）手指字母“G”的指式。（二）一手食指点一下太阳穴处。|https://d.bmcx.com/shouyu/_file/f/e4663721c3450165.png
102	范围	哲学	一手打手指字母“F”的指式，并在胸前转一圈，表示一个范围。|https://d.bmcx.com/shouyu/_file/a/a28a4a9cd93dfb6c.png
103	必然	哲学	（一）一手伸出食指向下挥动一下，表示“必定”。（二）同“偶然”手势（二）。|https://d.bmcx.com/shouyu/_file/6/f7089621d32cb51b.png
1967	辩证法	哲学	（一）双手食指在嘴前相互转动，表示“辩论”。（二）双手掌心向上，相互碰一下，表示“证据”。（三）手指字母“F”的指式。|https://d.bmcx.com/shouyu/_file/1/de91cea9eed6e2b6.png
1968	唯物论	哲学	（一）手指字母“W”的指式。（二）双手食指互碰一下，然后分开，并张开五指，即“物件”“东西”的意思。（三）手指字母“L”的指式，并转动两下，表示“理论”。|https://d.bmcx.com/shouyu/_file/4/64995e093e62ecc2.png
1969	唯心论	哲学	（一）同“唯物论”手势（一）。（二）双手拇、食指搭成“心”形。（三）同“唯物论”手势（三）。|https://d.bmcx.com/shouyu/_file/b/64f781a399844104.png
1970	形而上学	哲学	(一)双手食、中指搭成“开”字形，然后右手伸出中、无名、小指在旁一撇，成“形”字形。(二)手指字母“E”的指式。(三)一手食指向上指。(四)手指字母“X”的指式。|https://d.bmcx.com/shouyu/_file/d/be329859ff20b202.png
1971	意识	哲学	（一）手指字母“Y”的指式。（二）一手食指在太阳穴处点一下，表示意识。|https://d.bmcx.com/shouyu/_file/8/13db90332cedff1b.png
1972	意识形态	哲学	（一）手指字母“Y”的指式。（二）同“意识”手势（二）。（三）双手拇、食指成“L”形，置于面颊两侧，并摆动两下，表示“姿态”。|https://d.bmcx.com/shouyu/_file/b/3e2c9ad8bd017474.png
1973	认识	哲学	（一）一手食、中指从眼部向前伸出，表示“看”“看见”的意思。（二）一手食指在太阳穴处点两下，表示“知道”。|https://d.bmcx.com/shouyu/_file/5/fcd29b495ad1ead5.png
1974	思维	哲学	一手打手指字母“W”的指式。并在太阳穴部转动几下，象征复杂的“思考”活动。|https://d.bmcx.com/shouyu/_file/0/77f3c884f6f7b4b4.png
1975	反映	哲学	一手五指相互撮合，指尖先放于口边，然后一边向上移，一边放开五指，表示把情况向上级汇报|https://d.bmcx.com/shouyu/_file/0/72a2d8e121752cde.png
1976	精神	哲学	（一）手指字母“J”的指式。（二）一手捂住胸部，同时挺胸抬头，表示有“精神”。|https://d.bmcx.com/shouyu/_file/5/5c963a08019eea69.png
1977	物质	哲学	（一）双手食指互碰一下，然后分开，并张开五指，即“物件”“东西”的意思。（二）右手食、中指弹打左拳背，表示“性质”。|https://d.bmcx.com/shouyu/_file/6/7bafa33dc67824e4.png
1978	存在	哲学	（一）手指字母“C”的指式。（二）一手握拳伸出拇指坐于另一手掌心上。|https://d.bmcx.com/shouyu/_file/6/c3b8929d3aafa40f.png
1979	真理	哲学	（一）一手食指敲另一手食指，表示“实在”“真实”。（二）手指字母“L”的指式。|https://d.bmcx.com/shouyu/_file/f/ca0e342969596b41.png
1980	实践	哲学	（一）手指字母“SH”的指式。（二）双手握拳，上拳打下拳，表示“工作”的意思。|https://d.bmcx.com/shouyu/_file/3/0e04fa80222e311a.png
1981	理论	哲学	一手打手指字母“L”的指式，并转两下。|https://d.bmcx.com/shouyu/_file/8/aa011ef8f3e44a31.png
1982	感性	哲学	（一）一手食指点一下太阳穴处，头部微抬，表示“领悟”。（二）右手食、中指弹打左拳背，表示“性质”。|https://d.bmcx.com/shouyu/_file/7/5158fc24fbce1013.png
93	社会	社交	社会 左手五指撮合，指尖向上，右手食指围绕左手转一圈，表示各种人聚合起来的社会。|https://d.bmcx.com/shouyu/_file/9/163ce9317331102c.png
94	约会	社交	（一）双掌分别交换位置，各拍一下，意即双方约定。（二）两手各伸出拇、小指，由两旁向中间靠近，象征两个人会见。|https://d.bmcx.com/shouyu/_file/5/6a1d8ee1748d18e0.png
95	联系	社交	双手拇、食指捏成小圆圈，互相连环，同时左右微动，象征彼此联系。|https://d.bmcx.com/shouyu/_file/1/aef249a52c4df764.png
96	保留	社交	双手伸开，掌心向下，一手轻拍另一手背，并向下一沉，表示留下来的意思。|https://d.bmcx.com/shouyu/_file/3/65b860a696564666.png
97	适应	社交	双手伸拇、食指，食指尖互碰一下，拇指仍翘着，表示“合适”“正好”之意。|https://d.bmcx.com/shouyu/_file/1/8ac632e5053b13fa.png
98	抱歉	社交	（一）一手五指并拢，举于额际，先做“敬礼”手势，然后下放改伸小指，在胸部点几下，表示向人致歉并自责之意。（二）双手抱拳作揖，脸露抱歉表情。|https://d.bmcx.com/shouyu/_file/d/7b0ea642da267035.png
99	来得及	社交	（一）同“按时”手势（二）。（二）一手握拳，伸出拇指。|https://d.bmcx.com/shouyu/_file/e/faac8585b78e8933.png
1845	交际	社交	双手伸出拇、小指，相对竖立，交替来回移动。|https://d.bmcx.com/shouyu/_file/e/c4c8525d50016797.png
1846	风俗	社交	（一）一手直立，左右微动，即“风”手势。（二）一手五指撮合，指尖在前额按一下，再向下移，并张开五指。|https://d.bmcx.com/shouyu/_file/a/4dbc28a46c0a8c97.png
1847	习惯	社交	一手五指撮合，指尖在前额按一下，再向下移，并张开五指。|https://d.bmcx.com/shouyu/_file/8/8fcecb889dacae35.png
1848	姓名	社交	一手食指沿另一手中、无名、小指尖向下划动（中指表示“姓”、无名、小指表示“名”）。|https://d.bmcx.com/shouyu/_file/4/8aaffbf645b4a577.png
1849	年龄	社交	（一）一手食指沿另一手拳背骨关节凸起处向下划，即“年”手势。（二）一手指尖向上，五指分开，指尖颤动几下，表示多少。|https://d.bmcx.com/shouyu/_file/e/b8c099bf0eb20367.png
1850	籍贯	社交	（一）一手小指放于另一手虚握的拳内，然后向下拉出，象征出生。（二）一手食指向下指，表示出生的地方。|https://d.bmcx.com/shouyu/_file/3/d6275209647f64af.png
1851	地址	社交	（一）一手食指向下指，即“地”手势。（二）一手食指沿另一手中、无名、小指尖向下划动，组合为“地名”。|https://d.bmcx.com/shouyu/_file/2/fa8536d002927fce.png
1852	会客	社交	（一）两手各伸出拇、小指，由两旁向中间靠近，象征两个人会见。（二）双手伸拇指互碰几下，表示朋友、客人。|https://d.bmcx.com/shouyu/_file/3/d66c301839710060.png
1853	请客	社交	（一）双手掌心向上，往旁移动一下，如邀请动作。（二）同“会客”手势（二）。|https://d.bmcx.com/shouyu/_file/3/ba3cf0d4b2c62528.png
1854	宴会	社交	（一）双手作端酒杯状，然后举起碰杯，模拟敬酒干杯的动作。（二）双手五指微曲，从两侧向中间并拢。|https://d.bmcx.com/shouyu/_file/b/8f5551a233cbde8f.png
1855	参观	社交	一手食、中指置于面前，指尖向前绕一二圈，表示观看。|https://d.bmcx.com/shouyu/_file/4/f009b02548d0ca5a.png
1856	访问	社交	（一）一手伸拇、小指绕一圈，象征走访。（二）一手食指从嘴部向前点两下，表示“询问”。|https://d.bmcx.com/shouyu/_file/4/4ce5baad94e07cb0.png
1857	走访	社交	（一）一手伸拇、小指绕一圈，象征走访。（二）一手食指从嘴部向前点两下，表示“询问”。|https://d.bmcx.com/shouyu/_file/8/b4f3d0cbdab07826.png
33	被罩	日用品	（一）双手五指虚捏，作提被子状，从腹部拉至胸部。（二）右手横立胸前，左手五指成“[”形，套入右手掌。|https://d.bmcx.com/shouyu/_file/8/ad0e6649ed9c30dc.png
34	摁钮	日用品	一手伸出大拇指，向前按动几下。|https://d.bmcx.com/shouyu/_file/a/284ad087293b79b5.png
35	空调器	日用品	（一）一手打手指字母“Q”的指式，伸向鼻孔。（二）双手五指撮合，指尖相对，一上一下，然后交替划圈。（三）同“抽油烟机”手势（双手五指弯曲，四指大关节交错相触，转动几下。）|https://d.bmcx.com/shouyu/_file/c/89409076fa87590a.png
36	手帕	日用品	（一）一手拍另一手背。（二）一手五指并拢，掌心向内，由内向下擦几下嘴部。|https://d.bmcx.com/shouyu/_file/d/02beedb5422daf63.png
37	浴液	日用品	（一）同“沐浴器”手势（双手五指分开，掌心贴于胸部，上下交替擦动。）（二）同“洗涤剂”手势（一手虎口朝斜下方，五指作从瓶子中挤液体的动作。）|https://d.bmcx.com/shouyu/_file/a/a9ae0dde942f9f35.png
38	书橱	日用品	（一）同“衣箱”手势（一）。（二）双手平伸，高齐肩，分向左右微移，再折而向下拉，象征衣橱外形。|https://d.bmcx.com/shouyu/_file/7/20eae3e61bbde6ed.png
39	纸筐	日用品	（一）一手向下甩，如扔废纸状。（二）双手五指先交叉搭在一起，再向两边分开作圆形，如纸篓形状。|https://d.bmcx.com/shouyu/_file/c/6bdaea5933f8aafa.png
40	线	日用品	双手拇、食指指尖相捏，从中间向两旁拉开，如一条细线。|https://d.bmcx.com/shouyu/_file/2/bce5af81ff2e2d0f.png
41	扇子	日用品	一手五指捏合如执扇状，在头边摇动，如搧扇状。|https://d.bmcx.com/shouyu/_file/3/f389b85ad83ee5a8.png
42	盆	日用品	双手拇、食指搭成大圆形，从下向上稍微移动，如盆的形状。|https://d.bmcx.com/shouyu/_file/e/92cd1234cf1d38a0.png
43	擀面杖	日用品	（一）双手掌心向下，前后动几下，如擀面动作。（二）双拳虚握，从中间向两边平移，象征擀面杖。|https://d.bmcx.com/shouyu/_file/4/2e4af75cd00dfb38.png
44	簸箕	日用品	一手掌心向前，五指微曲成“└”形，模拟簸箕外形；另一手向下伸直，四指微动，向簸箕内作扫物状。|https://d.bmcx.com/shouyu/_file/6/f10ca087e6ded2aa.png
797	背包	日用品	双手五指虚握，指尖贴肩部，向下作弧形划动，同时身体向前微倾，如背背包状。|https://d.bmcx.com/shouyu/_file/1/40e36d258ab6eff3.png
798	笔芯	日用品	（一）一手如执笔写字状。（二）左手虚握拳，虎口向上，中间留铅笔般粗的孔洞，右手食指从洞中抽出，表示笔芯。|https://d.bmcx.com/shouyu/_file/1/cf03cd13884b2410.png
799	鞭炮	日用品	一手齐肩，食指成勾状，指尖朝上；另一手五指撮合，指尖朝下，由腰部往上作一开一合动作，如燃放鞭炮状。|https://d.bmcx.com/shouyu/_file/0/3a6e55b3a2510b6f.png
800	炮竹	日用品	一手齐肩，食指成勾状，指尖朝上；另一手五指撮合，指尖朝下，由腰部往上作一开一合动作，如燃放鞭炮状。|https://d.bmcx.com/shouyu/_file/0/65283590af8bfddc.png
801	爆竹	日用品	一手齐肩，食指成勾状，指尖朝上；另一手五指撮合，指尖朝下，由腰部往上作一开一合动作，如燃放鞭炮状|https://d.bmcx.com/shouyu/_file/0/55b0013418e82faa.png
802	别针	日用品	（一）右手拇、食指相捏作别东西状。（二）伸出拇、食指相距约4厘米，如别针的长度。|https://d.bmcx.com/shouyu/_file/0/8fa87fe15a249d57.png
803	餐巾	日用品	（一）一手伸食、中指，由外向嘴边拨动。（二）双手食指在胸前划“▽”形。|https://d.bmcx.com/shouyu/_file/f/3e1cdce07529e3a4.png
804	唱片	日用品	（一）一手伸出食指，放于喉部，头左右晃动，表示唱歌。（二）左手伸出，掌心朝上，置于胸前并转动；右手食指朝下不动，置于左手掌心，如放唱片。|https://d.bmcx.com/shouyu/_file/b/1e23f5bcb4cdfb61.png
14	职业	职业	（一）手指字母“ZH”的指式。（二）一手食指横于另一手四指根部，模仿“业”字形。|https://d.bmcx.com/shouyu/_file/b/cefdf162124abe0f.png
15	演员	职业	（一）同“导演”手势（二）。（二）同“记者”手势（二）。|https://d.bmcx.com/shouyu/_file/0/a888f79a54910b76.png
16	行家	职业	（一）左手侧伸，掌心向内，右手伸出食指，指尖向上，在左掌心内从上向下移。（二）一手拍一下另一手手背，再伸出拇指，表示技术好，引申为内行。|https://d.bmcx.com/shouyu/_file/d/c661861c2328da4e.png
507	职权	职业	（一）手指字母“ZH”的指式。（二）右手侧立，五指微曲，边向左做弧形移动边握拳。|https://d.bmcx.com/shouyu/_file/3/18fb3b2fc40b6ced.png
508	职务	职业	（一）手指字母“ZH”的指式。（二）右手拍一下左肩，表示负担的职务。|https://d.bmcx.com/shouyu/_file/c/8f7826da2b9a67a2.png
509	工人	职业	（一）一手食、中指与另一手食指搭成“工”字形。（二）双手食指搭成“人”字形。|https://d.bmcx.com/shouyu/_file/d/147ac7fa4da8b268.png
510	农民	职业	（一）双手五指弯曲，一前一后，来回耙动，如用耙耙田之状。（二）双手食指搭成“人”字形，并转一圈。|https://d.bmcx.com/shouyu/_file/6/fabb5a2e8f903f6c.png
511	商人	职业	（一）双手平伸，掌心向上，在胸前交互转动，象征买卖。（二）双手食指搭成“人”字形。|https://d.bmcx.com/shouyu/_file/7/8c627ea7db184703.png
512	校长	职业	（一）双手掌心向内，方在胸前作读书状。（二）双手搭成“＾”字形，表示学校。（三）一手伸拇指贴于胸前。|https://d.bmcx.com/shouyu/_file/e/a6d8566eca80c16f.png
513	教师	职业	（一）双手五指撮合，指尖相对，在胸前摇动几下，意即“传授”。（二）一手伸拇指贴于胸前。|https://d.bmcx.com/shouyu/_file/1/1965d07f7c333a3e.png
514	教授	职业	（一）同“教师”手势（一）（二）双手各伸拇指，在胸前向下一顿，表示有地位、名望的人。|https://d.bmcx.com/shouyu/_file/b/55b808ea7b358d6b.png
515	导师	职业	（一）一手伸食指，在另一手拇指指背左右摇动，表示指导。（二）一手伸拇指贴于胸前。|https://d.bmcx.com/shouyu/_file/1/a790b06997cb6a88.png
516	老师	职业	（一）双手五指撮合，指尖相对，在胸前摇动几下，意即“传授”。（二）一手伸拇指贴于胸前。|https://d.bmcx.com/shouyu/_file/4/20276b45d49c6484.png
517	博士	职业	（一）手指字母“B”的指式。（二）双手食指在头顶向两边划出“┌┐”形，象征博士。|https://d.bmcx.com/shouyu/_file/7/d79ffb3c05151112.png
518	硕士	职业	（一）手指字母“SH”的指式。（二）以食指书空“士”字。|https://d.bmcx.com/shouyu/_file/e/b9ae8dcd8746c382.png
519	专家	职业	（一）左手食指向前直指。右掌五指分开，贴于左手食指上向前推出，然后握拳，表示专一。（二）双手搭成“＾”形，即“家”手势。|https://d.bmcx.com/shouyu/_file/d/2e99825b35f8e906.png
520	作家	职业	（一）双手握拳，一上一下右拳向下砸一下左拳显示不正确）。（二）双手搭成“＾”形。|https://d.bmcx.com/shouyu/_file/e/d877a76696916010.png
521	画家	职业	（一）一手五指撮合，如执画笔，在另一手掌心上抹几下，如作画动作。（二）双手搭成“＾”形。|https://d.bmcx.com/shouyu/_file/c/b4e81ba5f779676a.png
522	编辑	职业	（一）双手五指一张一捏，上下交替动几下，如翻检资料状。（二）一手如执笔写字状。|https://d.bmcx.com/shouyu/_file/5/ff80a6234393c74b.png
523	记者	职业	（一）一手打手指字母“J”的指式，并贴于前额。（二）一手拇、食指捏成小圆圈贴于胸侧。|https://d.bmcx.com/shouyu/_file/7/672080c269ea4b23.png
140	武器	武器装备	（一）双手伸拇、食指，食指对触几下，象征手枪互击。（二）双手先以食指互碰一下，然后分开，并张开五指。|https://d.bmcx.com/shouyu/_file/5/21f7d23727d74619.png
141	航空母舰	武器装备	（一）左手平伸，掌心向上；右手伸出拇、小指，由上方作弧形划动，落到左掌心上。（二）手指字母“M”的指式。（三）双手侧伸，指尖相抵，向前移动，如船向前行驶。|https://d.bmcx.com/shouyu/_file/5/3244b5c36dc1d78c.png
2625	装备	武器装备	（一）手指字母“ZH”的指式。（二）一手拍打另一手手背，并向旁一顿一顿移动。|https://d.bmcx.com/shouyu/_file/4/a3e7e701a89d1870.png
2626	原子弹	武器装备	（一）一手拇、食指捏成小圆圈。（二）一手食指书空“子”字。（三）左手平伸，掌心向上不动。右手五指撮合，指尖在左掌心上碰一下，然后向上提起并放开五指，象征原子弹爆炸后的蘑菇云。|https://d.bmcx.com/shouyu/_file/f/6040e994a3f26810.png
2627	导弹	武器装备	（一）一手五指捏住另一手食指指尖，由下向前上方迅速移动，象征导弹飞行。（二）双手五指撮合，指尖相对，然后迅速向上弹起并放开五指，象征炸弹爆炸。|https://d.bmcx.com/shouyu/_file/9/5820ae81339a079f.png
2628	氢弹	武器装备	（一）手指字母“Q”的指式。（二）左手平伸，掌心向上不动。右手五指撮合，指尖在左掌心上碰一下，然后向上提起并放开五指，象征原子弹爆炸后的蘑菇云。|https://d.bmcx.com/shouyu/_file/a/707e7593643a5ccc.png
2629	炸弹	武器装备	（一）左手伸出拇、小指，置于上面，象征飞机。右手伸食指，横放于左手下并垂直下移，象征投弹。（二）左手平伸，掌心向上不动。右手五指撮合，指尖在左掌心上碰一下，然后向上提起并放开五指，象征原子弹爆炸后的蘑菇云。|https://d.bmcx.com/shouyu/_file/7/ccc72417b6c6e3c1.png
2630	手榴弹	武器装备	（一）一手握拳向前猛甩，五指同时放开，模仿投掷手榴弹动作。（二）双手五指撮合，指尖相对，然后迅速向上弹起并放开五指，象征炸弹爆炸。|https://d.bmcx.com/shouyu/_file/e/16b8e4bd6d8d1bfc.png
2631	火箭	武器装备	火箭 左手食指指向前上方，右手五指并拢，掌心贴在左手食指上向前快速冲出，象征火箭发射。|https://d.bmcx.com/shouyu/_file/7/9d2ea431fd538346.png
2632	大炮	武器装备	大炮 左手拇指与其余四指搭成半圆形，虎口向上不动。右手五指撮合，迅速冲向左手半圆形中间，同时放开五指，如大炮发射之状。|https://d.bmcx.com/shouyu/_file/4/b1a5a6df3d2b7c2a.png
2633	地雷	武器装备	（一）左手平伸，掌心向下不动。右手五指撮合，指尖抵住左手心，表示埋着的地雷。（二）双手五指撮合，指尖相对，然后迅速向上弹起并放开五指，象征炸弹爆炸|https://d.bmcx.com/shouyu/_file/f/b7175cb87bd65e82.png
2634	手枪	武器装备	一手伸出拇、食指，指尖微曲，如握手枪射击状|https://d.bmcx.com/shouyu/_file/f/3d7e0120619742c7.png
2635	步枪	武器装备	（一）手指字母“B”的指式。（二）双手作托步枪状，在后的手作勾动枪机动作。|https://d.bmcx.com/shouyu/_file/d/4c52961d14b7071f.png
2636	机枪	武器装备	机枪 左手握拳，虎口向上不动。右手伸食指叠在左拳上并转动半圈，象征机枪扫射之状。|https://d.bmcx.com/shouyu/_file/f/68e8f52dc6cc8393.png
2637	坦克	武器装备	坦克 左手握拳，手背向上，右手伸食指叠在左拳背上，向前作波纹状移动，象征前进中的坦克。|https://d.bmcx.com/shouyu/_file/7/8bbf405475de748a.png
2638	潜艇	武器装备	潜艇 右手平伸，掌心向下，作波纹状移动。右手伸食指，指尖从右手下向上稍伸，象征潜艇的潜望镜。|https://d.bmcx.com/shouyu/_file/7/11efee3a92c47b1b.png
2639	雷达	武器装备	雷达 左手握拳，虎口向上不动。右手五指分开微曲，以腕部置于左拳虎口上并转一圈，象征雷达天线活动。|https://d.bmcx.com/shouyu/_file/e/faff541dc294b285.png
2640	望远镜	武器装备	双手虚握成圆通形，虎口贴在两眼上，模拟使用望远镜的动作。|https://d.bmcx.com/shouyu/_file/4/277761dce3c2ebdd.png
2641	刺刀	武器装备	（一）左手食、中指横放不动。右手拇、食指顺左手两指向下移动，边移两指边捏紧，模仿刺刀形状。（二）双手握拳，一前一后，模仿持枪刺杀动作。|https://d.bmcx.com/shouyu/_file/b/8b6df74551751185.png
2642	子弹	武器装备	（一）双手作持步枪射击状。（二）一手拇、食指相对，相距约两寸，表示步枪子弹。|https://d.bmcx.com/shouyu/_file/b/3fb6ba2e96481146.png
271	植物	植物	（一）左手平伸，掌心向下不动。右手五指向上张开，沿左掌腕部向指尖处边移动边抖动手指，象征植物群。（二）双手以食指互碰一下，然后分开并张开五指。|https://d.bmcx.com/shouyu/_file/5/6a51181ed102fb0c.png
4808	森林	植物	双手拇、食指相搭成圆形，连续上举两次，象征众多的树木。|https://d.bmcx.com/shouyu/_file/6/8b9f687a4f511135.png
4809	林	植物	双手拇、食指相搭成圆形，连续上举两次，象征众多的树木。|https://d.bmcx.com/shouyu/_file/0/bd8941968920b3d6.png
4810	树	植物	双手拇、食指相搭成圆形，向上移动，象征树干。|https://d.bmcx.com/shouyu/_file/d/8efa370982ecd8eb.png
4811	木	植物	双手拇、食指相搭成圆形，向上移动，象征树干。|https://d.bmcx.com/shouyu/_file/6/41d642f10dc56150.png
4812	树木	植物	双手拇、食指相搭成圆形，向上移动，象征树干。|https://d.bmcx.com/shouyu/_file/1/e0cf3d5fe60357fa.png
4813	松树	植物	（一）双手伸出食指，交替向上方左右各指几下，象征松树的针叶。（二）双手拇、食指相搭成圆形，向上移动，象征树干。|https://d.bmcx.com/shouyu/_file/9/0287236ffdb33c84.png
4814	柏树	植物	（一）手指字母“B”的指式。（二）双手拇、食指相搭成圆形，向上移动，象征树干。|https://d.bmcx.com/shouyu/_file/d/1848a4f894963286.png
4815	杉树	植物	（一）一手伸中、无名、小指在空中画撇，即书空“彡”。（二）双手拇、食指相搭成圆形，向上移动，象征树干。|https://d.bmcx.com/shouyu/_file/8/ea11b31af9210d76.png
4816	柳树	植物	（一）一手五指撮合指尖向上，作弧形自上而下移动，五指放开并向左右摆动，象征低垂的柳条。（二）双手拇、食指相搭成圆形，向上移动，象征树干。|https://d.bmcx.com/shouyu/_file/1/32f080c9d4bb438c.png
4817	樟树	植物	（一）一手拇、食、中指相撮，指尖按在另一手掌心上，模仿盖章动作（“蟑”与“章”同音，此处借用）。（二）双手拇、食指相搭成圆形，向上移动，象征树干。|https://d.bmcx.com/shouyu/_file/3/4674bc47b198403e.png
4818	桑树	植物	（一）手指字母“S”的指式。（二）双手拇、食指相搭成圆形，向上移动，象征树干。|https://d.bmcx.com/shouyu/_file/a/3d60a2d488a9d682.png
4819	竹	植物	双手拇、食指捏成圆圈，上下相叠，下面的不动，上面的一节一节向上移动，象征竹的外形。|https://d.bmcx.com/shouyu/_file/1/1d4411355fe67849.png
4820	竹子	植物	双手拇、食指捏成圆圈，上下相叠，下面的不动，上面的一节一节向上移动，象征竹的外形。|https://d.bmcx.com/shouyu/_file/4/d9295f9657ab2e66.png
4821	芦苇	植物	（一）左手拇、食指握成半圆形，横放不动。右手五指伸开，在左手半圆中作波纹状向后移动。（二）双手食指向上伸直，交替上下动几下。|https://d.bmcx.com/shouyu/_file/d/b05ae732036ebf65.png
4822	花	植物	一手五指撮合，指尖向上，然后向上移动，并放开五指。|https://d.bmcx.com/shouyu/_file/c/35364ecaa204f51b.png
4823	草	植物	双手伸出食指，指尖向上，交替上下动几下，象征丛生的野草。|https://d.bmcx.com/shouyu/_file/0/bdfca1b7667e99b8.png
4824	叶	植物	双手拇、食指相对，向左右拉开表示叶形。|https://d.bmcx.com/shouyu/_file/6/34a7918ccc3e2c39.png
4825	人参	植物	（一）双手食指搭成“人”字形。（二）左手小指向下伸直不动，右手拇、食指相捏，沿左手小指向下移动，象征人参的根须。|https://d.bmcx.com/shouyu/_file/5/8b3195851cfbb411.png
4826	向日葵	植物	一手五指弯曲，掌心斜向上，臂向上伸直，手腕左右转动。|https://d.bmcx.com/shouyu/_file/5/11e3169486f98fac.png
253	金	矿物	一手食指在另一手中指或无名指跟部点几下。以金戒指表示“金”。|https://d.bmcx.com/shouyu/_file/4/332cd7f00162ee4e.png
4501	银	矿物	银 左手握拳，虎口向上不动。右手打手指字母“Y”的指式，以腕部敲一下左拳，表示“银”金属。|https://d.bmcx.com/shouyu/_file/4/a593bdb0e9a0424e.png
4502	铜	矿物	铜 左手握拳，虎口向上不动。右手打手指字母“T”的指式，以腕部敲一下左拳，表示“铜”金属。|https://d.bmcx.com/shouyu/_file/c/0bcdddd4ce75fcc7.png
4503	钢	矿物	双手握拳，上拳打下拳，并向外微移。|https://d.bmcx.com/shouyu/_file/e/902df368318bcc9b.png
4504	铁	矿物	双手握拳，虎口向上，一上一下，上拳敲打下拳，再向里移动。|https://d.bmcx.com/shouyu/_file/3/c938101a361eeb58.png
4505	铝	矿物	铝 左手握拳，虎口向上不动。右手打手指字母“L”的指式，以腕部敲打一下左拳，表示“铝”金属。|https://d.bmcx.com/shouyu/_file/9/ab43380af98ebe7c.png
4506	铅	矿物	铅 左手握拳，虎口向上不动。右手打手指字母“Q”的指式，以腕部敲打一下左拳，表示“铅”金属。|https://d.bmcx.com/shouyu/_file/a/7c7faed79ba87498.png
4507	锡	矿物	锡 左手握拳，虎口向上不动。右手打手指字母“X”的指式，以腕部敲打一下左拳，表示“锡”金属。|https://d.bmcx.com/shouyu/_file/0/bec9849ac5b2636a.png
4508	金刚石	矿物	金刚石 左手平伸，掌心向下不动。右手五指撮合成尖形，指尖向上，手背贴在左掌中指或无名指骨节处，然后五指放开，象征钻石的光芒。|https://d.bmcx.com/shouyu/_file/4/ebd8be8ce12ff385.png
4509	钻石	矿物	钻石 左手平伸，掌心向下不动。右手五指撮合成尖形，指尖向上，手背贴在左掌中指或无名指骨节处，然后五指放开，象征钻石的光芒。|https://d.bmcx.com/shouyu/_file/9/65d060e223033e08.png
4510	铀	矿物	一手食指书空“U”字形，并显示“铀”的口型（“U”是铀的元素符号）。|https://d.bmcx.com/shouyu/_file/a/4f8daa6cc69988b1.png
4511	煤	矿物	（一）手指字母“M”的指式。（二）双手拇、食指搭成“[]”形，表示煤块。|https://d.bmcx.com/shouyu/_file/0/ed24b1c4e755fe98.png
4512	石油	矿物	（一）手指字母“SH”的指式。（二）一手先打“Y”的指式，然后拇指向下点动几下。|https://d.bmcx.com/shouyu/_file/4/02f099eb067b7d60.png
4513	天然气	矿物	（一）一手食指向上指天空。（二）手指字母“R”的指式。（三）一手打手指字母“Q”的指式，并指向鼻孔。|https://d.bmcx.com/shouyu/_file/8/c07b720975ec712b.png
4514	矿藏	矿物	（一）手指字母“K”的指式。（二）双手伸开，掌心向下，一手插入另一手掌心下，表示埋藏在地下的东西。|https://d.bmcx.com/shouyu/_file/0/f39531399cd2d62f.png
4515	蕴藏	矿物	（一）手指字母“Y”的指式。（二）双手伸开，掌心向下，一手插入另一手掌心下，表示埋藏在地下的东西。|https://d.bmcx.com/shouyu/_file/8/05dbc940cb7ff68a.png
4516	宝石	矿物	（一）一手虚握，然后甩腕，五指张开，掌心向下。（二）手指字母“SH”的指式。|https://d.bmcx.com/shouyu/_file/7/42c752df9e57717c.png
4517	锌	矿物	一手食指先书空大写字母“Z”，再书空小写字母“n”、“Zn”是锌的元素符号。|https://d.bmcx.com/shouyu/_file/2/521e3d677e219236.png
244	生物	生物	（一）手指字母“SH”的指式。（二）双手先以食指互碰一下，然后分开并张开五指。|https://d.bmcx.com/shouyu/_file/9/a6feb80d72f47f3f.png
245	酵母	生物	（一）双手拇指与四指弯曲相对，相距约寸许，然后双手五指同时放开，象征发酵。（二）手指字母“M”的指式。|https://d.bmcx.com/shouyu/_file/f/cdc4e0b75cda9f3a.png
4359	微生物	生物	（一）一手拇指捏住小指指尖，表示“微小”的意思。（二）手指字母“SH”的指式。（三）双手先以食指互碰一下，然后分开并张开五指。|https://d.bmcx.com/shouyu/_file/3/8aab35bd5b602d5e.png
4360	生命	生物	（一）手指字母“SH”的指式。（二）一手按在胸前。这是表示心脏所在，以心脏跳动象征生命。|https://d.bmcx.com/shouyu/_file/1/e078e74685e32298.png
4361	生长	生物	（一）一手握住另一手小指，然后小指向下抽出。（二）一手平伸，掌心向下，向上移动。|https://d.bmcx.com/shouyu/_file/8/ca5c53bc89e0df9f.png
4362	发育	生物	（一）双手五指并拢，指尖向上，同时向上移动并张开五指。（二）一手平伸，掌心向下，缓缓向上移动。|https://d.bmcx.com/shouyu/_file/0/01235df705ab4301.png
4363	衰老	生物	（一）一手拇、小指立于另一手掌心上，微微摇摆。（二）一手在颏下作捋胡须状|https://d.bmcx.com/shouyu/_file/8/5328f684f99a553b.png
4364	衰退	生物	（一）一手拇、小指立于另一手掌心上，微微摇摆。（二）右手拇、小指先立于左掌心上，然后向后移动。|https://d.bmcx.com/shouyu/_file/6/d5b0ba891613dd8b.png
4365	萎缩	生物	双手五指伸开，掌心向上，并排在胸前缓缓收拢五指，然后双手倒转向下|https://d.bmcx.com/shouyu/_file/f/d61b498d1f108c21.png
4366	死亡	生物	一手拇、小指先直立，然后向下一倒。|https://d.bmcx.com/shouyu/_file/1/deea5a67cfcdcb37.png
4367	死	生物	一手拇、小指先直立，然后向下一倒。|https://d.bmcx.com/shouyu/_file/1/d6a3d2234e0ff247.png
4368	遗传	生物	（一）一手握住另一手小指，然后小指向下抽出。（二）左手侧立，手掌向内，五指放开；右手五指并拢，从左手拇指开始向下逐个移动。|https://d.bmcx.com/shouyu/_file/1/a02b9b218ed1f757.png
4369	寄生	生物	（一）一手食指紧靠另一手拇指。（二）手指字母“SH”的指式。|https://d.bmcx.com/shouyu/_file/1/a2f9cf9941d86687.png
4370	品种	生物	（一）双手拇、食指捏成小圆形，排列成“品”字形。（二）一手拇、食、中指相捏，向下点动几下。|https://d.bmcx.com/shouyu/_file/2/c17ab0e7c0c19329.png
4371	蜕化	生物	（一）右手五指撮合，从左手虚握的掌心中向下拉出。（二）手指字母“H”的指式。|https://d.bmcx.com/shouyu/_file/6/7361470c6b1042ae.png
4372	滋长	生物	双手五指张开。左掌心向下，右手五指向上，从左手指缝中钻出。|https://d.bmcx.com/shouyu/_file/3/5c4b4b19570fa3f1.png
4373	滋生	生物	双手五指张开。左掌心向下，右手五指向上，从左手指缝中钻出。|https://d.bmcx.com/shouyu/_file/b/21d2f98e8610afca.png
4374	细胞	生物	（一）手指字母“X”的指式。（二）手指字母“B”的指式。|https://d.bmcx.com/shouyu/_file/0/2318c1bd91ce1937.png
4375	细菌	生物	（一）手指字母“X”的指式。（二）一手食指边弯曲边向前移动一下，如“虫”类爬动状。|https://d.bmcx.com/shouyu/_file/1/eeb5ee54c7ce65c9.png
4376	蛋白	生物	（一）双手拇、食指相对成圆形，然后指尖同时向下一动，如打蛋状。（二）右手拍左手背后再打出手指字母“B”的指式。|https://d.bmcx.com/shouyu/_file/4/baaaea399f8f2d25.png
235	物理	物理	（一）双手先以食指互碰一下再分开，同时张开五指。（二）一手打手指字母“L”的指式。|https://d.bmcx.com/shouyu/_file/d/c61adc9aefaf00db.png
236	水	物理	一手平伸，掌心向下，作波纹状移动。|https://d.bmcx.com/shouyu/_file/1/20e207f858f437a7.png
237	沾染	物理	沾染 右手五指相撮，对着左手拇指一放一收再放。|https://d.bmcx.com/shouyu/_file/1/749d3d2dbc724d88.png
238	电波	物理	（一）一手食指作“雷电”形挥动。（二）一手食指作横向波纹状移动。|https://d.bmcx.com/shouyu/_file/4/4d0299f79bb64ca7.png
239	功率	物理	（一）左手食、中指与右手食指搭成“工”字形，再在旁边书空“力”字，组成“功”字形。（二）一手五指向上直伸，手背贴与另一手横伸的食指，手指微微抖动。|https://d.bmcx.com/shouyu/_file/2/7094d5d3db1f329e.png
240	水槽	物理	（一）一手平伸，掌心向下，向一侧作波纹状移动。（二）双手先左右斜立，掌心相对，相距约20厘米，上宽下窄；再前后斜立，手背向外，上宽下窄，相距约20厘米。|https://d.bmcx.com/shouyu/_file/d/95f0d8c8fd39379e.png
4214	原理	物理	（一）一手拇、食指捏成小圆形，微动一下。（二）手指字母“L”的指式|https://d.bmcx.com/shouyu/_file/5/dd3de3d5ef1fad63.png
4215	定理	物理	（一）一手食指向下挥动一下。（二）手指字母“L”的指式。|https://d.bmcx.com/shouyu/_file/0/b43fdac42a4e7022.png
4216	定律	物理	（一）一手食指向下挥动一下。（二）右手五指并拢直伸，指尖向上，由右向左一顿一顿的移动。|https://d.bmcx.com/shouyu/_file/6/11e752d6f2f5d59d.png
4217	重量	物理	（一）双手平伸，掌心向上，同时向下一顿，如手托重物状。（二）一手五指伸开，指尖向上，手指抖动几下。|https://d.bmcx.com/shouyu/_file/e/2c598d005d203908.png
4218	力量	物理	一手握拳曲肘，向内抖动几下。|https://d.bmcx.com/shouyu/_file/9/d67736efe322ff70.png
4219	力气	物理	一手握拳曲肘，向内抖动几下。|https://d.bmcx.com/shouyu/_file/b/113e0d0613a209f8.png
4220	能量	物理	（一）一手握拳曲肘，向内抖动几下。（二）一手五指伸开，指尖向上，手指抖动几下。|https://d.bmcx.com/shouyu/_file/a/8caed09b211c8122.png
4221	比重	物理	（一）双手拇指向上伸出，交替上下动几下。（二）双手平伸，掌心向上，同时向下一顿，如手托重物状。|https://d.bmcx.com/shouyu/_file/3/876a975f9c794872.png
4222	精密	物理	（一）手指字母“J”的指式。（二）双手五指向上伸直，并拢，并紧靠在一起。|https://d.bmcx.com/shouyu/_file/2/0e68f3da1ef15321.png
4223	精度	物理	（一）手指字母“J”的指式。（二）左手食指伸直不动，右手食指横伸，贴于左手食指并上下移动。|https://d.bmcx.com/shouyu/_file/f/333a786800f70b8d.png
4224	密度	物理	（一）一手五指先叉开，然后慢慢并拢。（二）左手食指伸直不动，右手食指横伸，贴于左手食指并上下移动。|https://d.bmcx.com/shouyu/_file/6/785f6f79c1d52207.png
4225	强度	物理	（一）双手握拳曲肘，在胸前向下一顿，表示“强壮”。（二）左手食指伸直不动，右手食指横伸，贴于左手食指并上下移动。|https://d.bmcx.com/shouyu/_file/c/6e09b4c9d0a28487.png
4226	亮度	物理	（一）一手五指先撮合，然后张开五指。（二）左手食指伸直不动，右手食指横伸，贴于左手食指并上下移动。|https://d.bmcx.com/shouyu/_file/c/edd0ba5d94b12057.png
4227	效率	物理	（一）一手在另一掌心上拍一下，再握拳伸拇指。（二）一手五指张开，手背搭在另一手横伸的食指上，五指微微抖动，表示百分率的意思。|https://d.bmcx.com/shouyu/_file/c/e406fb13cb5847b7.png
227	数学	数学	（一）一手五指向上，手指抖动几下。（二）手指字母“X”的指式。|https://d.bmcx.com/shouyu/_file/8/39d2eab04e53d993.png
228	百分比	数学	一手食指书空“%”号。|https://d.bmcx.com/shouyu/_file/9/13eea98aa14f52e8.png
229	体积	数学	（一）一手贴于胸前，向下移动。（二）手指字母“J”的指式。|https://d.bmcx.com/shouyu/_file/e/2c59254988973bd4.png
230	千克	数学	一手打出手指字母“G”的指式，置于另一手掌心上，并向下一沉。|https://d.bmcx.com/shouyu/_file/4/47127502a997ec18.png
231	等于	数学	等于 右手食、中指横伸，手背朝外，从左向右移动一下（移动的距离要比“等号”手势（一）的长些。|https://d.bmcx.com/shouyu/_file/4/b783808e10a765cc.png
232	近似值	数学	（一）右手食、中指横伸，掌心向内，作“≈”形移动，模仿近似值符号。（二）同“倒数”手势（一手五指向上，手指抖动几下。）|https://d.bmcx.com/shouyu/_file/d/427b99ba0d0a9a21.png
233	填空	数学	（一）右手拇、食指捏成小圆圈，虎口贴在左掌心上。（二）双手食指在面前划“（）”形。|https://d.bmcx.com/shouyu/_file/9/098b28afaef49cca.png
234	一名	数学	（一）一手食指横伸。（二）一手打手指字母“M”的指式|https://d.bmcx.com/shouyu/_file/no_picture.png
4081	算术	数学	双手五指向上，手指微微抖动，表示“算一算”的意思。|https://d.bmcx.com/shouyu/_file/e/3340de758a7bc689.png
4082	代数	数学	（一）双手食指交叉移动。（二）一手五指向上，手指抖动几下。|https://d.bmcx.com/shouyu/_file/0/5effde2602f4434c.png
4083	几何	数学	（一）一手食、中指叉开，食指尖抵于另一手掌心，并转动一圈，模拟圆规绘图状。（二）双手拇、食指搭成三角形。|https://d.bmcx.com/shouyu/_file/b/ce05b4005e6681f3.png
4084	比	数学	比 左手五指向上微微抖动，右手食指在左手边上下点两下，表示比号。然后右手五指在向上抖动几下，模仿“比”的书写形式。|https://d.bmcx.com/shouyu/_file/3/1902332884f54b84.png
4085	比例	数学	（一）左手五指向上微微抖动，右手食指在左手边上下点两下，表示比号。然后右手五指在向上抖动几下，模仿“比”的书写形式。（二）手指字母“L”的指式。|https://d.bmcx.com/shouyu/_file/8/b6cc327703540b0a.png
4086	计算	数学	（一）一手五指伸直，从拇指起依次逐一弯曲，表示计算。（二）双手五指向上，手指微微抖动。|https://d.bmcx.com/shouyu/_file/2/7e7295b805cb325b.png
4087	推算	数学	（一）一手五指伸直，向一侧推移。（二）双手五指向上，手指微微抖动。|https://d.bmcx.com/shouyu/_file/b/5ee6200195f36f73.png
4088	加	数学	加 加（+）--jia 
一手拇、食指搭成“+”字形，表示“加号”“正号”。|https://d.bmcx.com/shouyu/_file/8/41772e43133a25d2.png
4089	减	数学	减 减（-）--jian 
一手食指横伸成“-”形，表示“减号”“负号”。|https://d.bmcx.com/shouyu/_file/1/70a891f764b029c3.png
4090	乘	数学	乘 乘（×）--cheng 
双手食指交叉搭成“×”形，表示“乘号”。|https://d.bmcx.com/shouyu/_file/1/d85c9b471f81e1f1.png
4091	除	数学	除 除（÷）--chu 
一手拇、中指搭在食指上，象征“÷”，表示“除号”。|https://d.bmcx.com/shouyu/_file/2/49cec796f35e980e.png
4092	除数	数学	除数 左手拇、中指搭在食指上，象征“÷”，右手五指向上，手指抖动几下，表示除号后面的数是“除数”。|https://d.bmcx.com/shouyu/_file/8/8f0c444a6719fe0c.png
215	卫生	卫生	（一）一手拇、食指搭成“+”字形，置于前额。（二）一手先打手指字母“SH”的指式，往旁移动，然后伸出拇指。|https://d.bmcx.com/shouyu/_file/a/a0dac2903507ecdc.png
216	腹	卫生	一手食指在腹部划一圈。|https://d.bmcx.com/shouyu/_file/b/f6cfef98c94576bd.png
217	屎	卫生	一手打手指字母“F”的指式并向下微甩。|https://d.bmcx.com/shouyu/_file/d/9b9a78d759a89594.png
218	烫伤	卫生	（一）一手微曲，掌心向上，上下微动。（二）右手微曲，掌心向下，罩于左手手背上，然后放开五指，急速抬起，表示左手手背受到烫伤。|https://d.bmcx.com/shouyu/_file/8/106069d910b39725.png
219	脑膜炎	卫生	（一）一手食指指后脑部。（二）一手五指微曲，指尖向上，上下微动几下。|https://d.bmcx.com/shouyu/_file/4/f4f3d6ff9e90a9db.png
220	碘酒	卫生	（一）手指字母“D”的指式。（二）一手拇、食、中指相捏，如捏药棉在另一手背作涂擦状。|https://d.bmcx.com/shouyu/_file/c/f45797fc8239580d.png
221	按摩	卫生	一手捏住另一手臂部，轻捻几下，如按摩动作。|https://d.bmcx.com/shouyu/_file/b/0428954e501b45e4.png
222	怀孕	卫生	一手掌心贴于腹部，向外缓缓移动，如腹部隆起状。|https://d.bmcx.com/shouyu/_file/b/22f43e7609063a27.png
223	抽搐	卫生	抽搐 两手食指指太阳穴处，然后五指张开抖动几下，面呈抽搐样。|https://d.bmcx.com/shouyu/_file/d/21ae09fcc8b7fe7c.png
224	淋浴	卫生	（一）一手平伸，置于头上，掌心向下，微动几下。（二）双手掌心朝内，在胸前交替动几下。|https://d.bmcx.com/shouyu/_file/2/90dbe49cb7769891.png
225	体征	卫生	（一）右手食、中、无名指搭成于另一手脉门处，如诊脉动作。（二）双手拇、食指伸直，在脸颊两边交替上下动几下。|https://d.bmcx.com/shouyu/_file/3/c765439f674a63ad.png
3880	生理	卫生	（一）左手虚握，虎口向上。右手伸小指置于左拳内，再向下抽出。（二）手指字拇“L”的指式。|https://d.bmcx.com/shouyu/_file/d/9f8386ae25cb5f27.png
3881	身体	卫生	双手掌心向内，贴于胸部，向下微移，象征身体。|https://d.bmcx.com/shouyu/_file/1/c445e01cd3502902.png
3882	脑	卫生	一手食指指额部。|https://d.bmcx.com/shouyu/_file/8/958929ea990e00d4.png
3883	眼	卫生	一手食指指眼部。|https://d.bmcx.com/shouyu/_file/b/99ae5aee274e829d.png
3884	眼睛	卫生	一手食指指眼部。|https://d.bmcx.com/shouyu/_file/c/d28e54cf59b1f747.png
3885	耳	卫生	一手食指指耳朵。|https://d.bmcx.com/shouyu/_file/6/6a0458977293b8f6.png
3886	耳朵	卫生	一手食指指耳朵。|https://d.bmcx.com/shouyu/_file/2/2a6886973565a41f.png
3887	鼻	卫生	一手食指指鼻子。|https://d.bmcx.com/shouyu/_file/4/b2cf9c551bb37d1a.png
3888	鼻子	卫生	一手食指指鼻子。|https://d.bmcx.com/shouyu/_file/5/abe77ec67c0e10eb.png
202	半	数量词	一手食指横伸，拇指在食指中部划一下。|https://d.bmcx.com/shouyu/_file/6/dfa1bff9bffbe179.png
203	一次	数量词	（一）一手食指横伸。（表示数字1）（二）一手打手指字母“C”的指式。（二次，右手姿势不变，碰一下手打的数字“2”，依此类推）。|https://d.bmcx.com/shouyu/_file/1/a2432be23596d35a.png
3674	遍	数量词	一手打手指字母“B”的指式，向下微移。|https://d.bmcx.com/shouyu/_file/1/c97fce4f19f95d5a.png
3675	丙	数量词	丙 右手食指书空“丙”字。|https://d.bmcx.com/shouyu/_file/c/21ec2b9ddfb1c641.png
3676	册	数量词	册 左手食、中、无名、小指伸出，指尖朝下；右手食指横于左手四指中间，仿“册”字形。|https://d.bmcx.com/shouyu/_file/4/9bb29078a1708c26.png
3677	次序	数量词	（一）手指字母“C”的指式。（二）左手横伸，五指他开；右手食指沿左手五指向下划一下。|https://d.bmcx.com/shouyu/_file/0/ab3b992f96a1ac93.png
3678	顺序	数量词	（一）手指字母“C”的指式。（二）左手横伸，五指他开；右手食指沿左手五指向下划一下。|https://d.bmcx.com/shouyu/_file/b/1626be2edaa125e9.png
3679	次	数量词	手指字母“C”的指式。()|https://d.bmcx.com/shouyu/_file/1/5d60bb49d624ca14.png
3680	第一次	数量词	第一次 左手打手指字母“C”的指式；右手伸食指指尖朝上，置于左手上方（第二次，左手姿势不变，右手打数字“2”依此类推）。|https://d.bmcx.com/shouyu/_file/6/2d3001637de97c12.png
3681	第一届	数量词	第一届 左手打手指字母“J”的指式；右手伸食指，指尖朝上，置于左手上方（第二届，左手姿势不变，右手打数字“2”，依此类推）。|https://d.bmcx.com/shouyu/_file/2/52f8e366570cad89.png
3682	丁	数量词	双手食指搭成“T”形|https://d.bmcx.com/shouyu/_file/6/a429d24df5916618.png
3683	各	数量词	一手食指向上伸直，向一边一顿一顿移动几次。|https://d.bmcx.com/shouyu/_file/e/e2c6f7735624f921.png
3684	个	数量词	个 左手拇、食指与右手食指搭成“个”字。|https://d.bmcx.com/shouyu/_file/3/985460fc7ea6c430.png
3685	号码	数量词	（一）一手五指微曲，虎口贴于嘴边。（二）同“编码”手势（左手拇、食指成“[”形；右手手背向外，五指伸出，在“[”表内从左向右连续抖动手指，表示一串数码。）|https://d.bmcx.com/shouyu/_file/2/0a3ab9029066801a.png
3686	甲	数量词	甲 右手食指书空“甲”字。|https://d.bmcx.com/shouyu/_file/0/5dd642cc6b873895.png
3687	件	数量词	件 左手拇、食指成“亻”形，右手食指书空“牛”字，组成“件”字。|https://d.bmcx.com/shouyu/_file/6/a81dd3d52e378f59.png
3688	棵	数量词	一手打手指字母“K”的指式，并向下稍动一下。|https://d.bmcx.com/shouyu/_file/6/bf348b651bcfaff6.png
3689	株	数量词	一手打手指字母“K”的指式，并向下稍动一下。|https://d.bmcx.com/shouyu/_file/5/9af728cbc7b6e6e7.png
3690	名额	数量词	（一）一手食指沿另一手中、无名、小指指尖向下划动。（二）同“超额”手势（左手五指分开，指尖朝上，微微抖动；右手食指尖朝下，绕左手一圈。）|https://d.bmcx.com/shouyu/_file/d/91174c2a01de80c7.png
3691	篇	数量词	篇 左手横伸，指尖向右置于胸前；右手拇、食指相捏，其他手指伸直朝下，自左手食指向小指处移动。|https://d.bmcx.com/shouyu/_file/c/2abb8882a93388b0.png
186	文化	文化	（一）一手如执笔写字状。（二）手指字母“H”的指式。|https://d.bmcx.com/shouyu/_file/f/c682064e87721d52.png
187	油画	文化	（一）手指字母“Y”的指式。（二）一手食、中指在另一手掌心上涂抹，如作油画动作。|https://d.bmcx.com/shouyu/_file/3/20983d5d5855a5ba.png
188	戏剧	文化	（一）一手模仿京剧演员捋胡须的动作。（二）双手各伸出拇、小指，交替转动。|https://d.bmcx.com/shouyu/_file/9/7e36be8b40b9188b.png
189	装订	文化	（一）双掌上下相合。（二）一手食指指尖向下，在另一手掌心上按两下。|https://d.bmcx.com/shouyu/_file/d/ebeb7cd1b12e7a05.png
190	钢琴	文化	双手十指在胸前灵活按动，如弹钢琴状。|https://d.bmcx.com/shouyu/_file/c/5fc7dbc0a8634cf5.png
191	图书馆	文化	（一）一手食、中指伸直并拢，先贴于另一手掌心，然后向外翻转，如翻书状。（二）双手搭成“＾”形。|https://d.bmcx.com/shouyu/_file/7/b517129e486870e2.png
3412	文学	文化	（一）一手如执笔写字状。（二）手指字母“X”的指式。|https://d.bmcx.com/shouyu/_file/3/a1ec26f7aee77189.png
3413	文艺	文化	（一）一手如执笔写字状。（二）一手食指书空“艺”字。|https://d.bmcx.com/shouyu/_file/0/85989363ac65988e.png
3414	小说	文化	（一）一手拇、小指指尖相捏。（二）一手食指横放口边，转动两下。|https://d.bmcx.com/shouyu/_file/4/19fa63df6db86c48.png
3415	诗歌	文化	（一）一手四指弯曲，指尖向前，叩打几下，如一行行的诗歌。（二）双手食指从口边向外挥动两下，象征唱歌。|https://d.bmcx.com/shouyu/_file/3/a15026348512cf01.png
3416	寓言	文化	（一）手指字母“Y”的指式。（二）一手食指横放口边，转动两下。|https://d.bmcx.com/shouyu/_file/3/223c0afc09540b8a.png
3417	散文	文化	（一）手指字母“S”的指式。（二）一手如执笔写字状。|https://d.bmcx.com/shouyu/_file/6/c1ed628c61d24b4a.png
3418	杂文	文化	（一）手指字母“Z”的指式。（二）一手如执笔写字状。|https://d.bmcx.com/shouyu/_file/b/e38181de2be02c66.png
3419	论文	文化	（一）一手打手指字母“L”指式，并放在嘴前转动两下。（二）一手如执笔写字状。|https://d.bmcx.com/shouyu/_file/d/1467e39ba3fc89f0.png
3420	故事	文化	（一）一手五指微曲，向肩后点几下。（二）一手食指横放嘴边，转动几下。|https://d.bmcx.com/shouyu/_file/3/a4b3c1d2da4ff1b6.png
3421	情节	文化	（一）左手横伸，五指分开。右手食指向左手五指逐一点一下。（二）手指字母“J”的指式。|https://d.bmcx.com/shouyu/_file/8/7406584f800a9621.png
3422	序言	文化	（一）左手横伸，五指分开，右手食指点一下左手拇指。（二）一手食指横放口边，转动两下。|https://d.bmcx.com/shouyu/_file/c/ac69066f3f010695.png
3423	目录	文化	（一）一手食、中指在另一手掌心上作翻书动作。（二）右手握拳贴在左掌心上，依次伸出食、中、无名、小指，表示目录次序。|https://d.bmcx.com/shouyu/_file/c/9f4c891aa9c15fc3.png
3424	内容	文化	（一）左手侧深，掌心向内，右手食指在左掌心内从上向下移。（二）双手先以食指互碰一下，然后分开并张开五指。|https://d.bmcx.com/shouyu/_file/8/3817df5d7e174bc3.png
3425	形式	文化	（一）双手食、中指搭成“开”字形，再右手伸中、无名、小指在旁一撇，如“彡”形，合成“形”。（二）双手拇、食指搭成方形，稍微摆动，表示未定型的式样。|https://d.bmcx.com/shouyu/_file/2/c2cc9bfd2ceac9c7.png
173	农	农牧副渔	双手五指弯曲，掌心向下，向后拉动几下，如耙田的动作。|https://d.bmcx.com/shouyu/_file/4/991f7e621df0a07c.png
174	间苗	农牧副渔	间苗 左手五指放开，向上直伸，右手拇、食指揪一下左手食、无名指，并向下一甩，如间去多余的苗。|https://d.bmcx.com/shouyu/_file/b/81700d2680b621c7.png
175	稻	农牧副渔	稻 左手食指微曲，右手拇、食指相距约一粒米大小，从左手食指指尖处点几下，象征稻穗上一粒粒稻子。|https://d.bmcx.com/shouyu/_file/b/217144814c21a442.png
176	香蕉	农牧副渔	香蕉 左手食指向上直伸，右手拇、食指沿左手食指尖向下扯，反复几下，如剥香蕉皮动作。|https://d.bmcx.com/shouyu/_file/d/f750a4b30fdec475.png
177	谷子	农牧副渔	谷子 左手伸出食指微曲，右手拇、食指捏成小圆形，自左手食指尖向下移动，象征谷子饱满的垂穗状|https://d.bmcx.com/shouyu/_file/7/63e936f29dfca53e.png
178	芹菜	农牧副渔	（一）双手拇、食指相捏，如提称称斤两状，此处借“斤”作“芹”。（二）双手五指撮合，指尖向上。向上伸出，同时放开五指。|https://d.bmcx.com/shouyu/_file/3/0651a7d4530c0180.png
179	铁锹	农牧副渔	一手平伸，掌心向上，斜着和向前产一下，再翻转手掌，如用铁锹铲土之状。|https://d.bmcx.com/shouyu/_file/7/588a57e5947925ce.png
180	水利	农牧副渔	（一）一手平伸，掌心向下，作波纹状平移。（二）左手平伸，掌心向下，右手越过左手背向下伸，同时五指分开，象征水库大坝溢水状，引申为水利。|https://d.bmcx.com/shouyu/_file/e/f0ee5d229ac266ec.png
181	浮萍	农牧副渔	浮萍 左手平伸，掌心向下。右手拇、食指捏成小圆形，放在左掌背上，一同作波纹状平移，如浮萍随水流动之状。|https://d.bmcx.com/shouyu/_file/1/6d02db6489a68dfd.png
182	鸽	农牧副渔	（一）左手五指成“[”形，右手掌尖插入“[”处，即“信”的手势。（二）一手拇、食指捏成尖形，手背贴于嘴上，指尖开合几下，表示鸡的嘴。|https://d.bmcx.com/shouyu/_file/8/fdc509ef30a67dd5.png
183	鳗	农牧副渔	（一）手指字母“M”的指式。（二）一手侧伸，手背向外，向一边作波纹状平移，如鱼游动状。|https://d.bmcx.com/shouyu/_file/6/72535f5f54989225.png
184	菠萝	农牧副渔	（一）双手五指弯曲，指尖相对，左手在上，右手在下，虚构菠萝外形。（二）左手姿势不变；右手五指撮合，在左手背上点动几下，表示菠萝外形特征。|https://d.bmcx.com/shouyu/_file/b/091b8780b96e913e.png
185	枇杷	农牧副渔	（一）手指字母“P”的指式。（二）左手伸食、中指，指尖分开；右手拇、食指捏成小圆圈，分别在左手两指尖上碰一下。|https://d.bmcx.com/shouyu/_file/d/c2d423bd340007a2.png
3175	田	农牧副渔	双手食、中、无名指搭成“田”字形。|https://d.bmcx.com/shouyu/_file/8/8060cb7e6d4a59eb.png
3176	土	农牧副渔	一手拇、食、中指互捻，如捻土状。|https://d.bmcx.com/shouyu/_file/b/588eceacd5c8ee22.png
3177	土壤	农牧副渔	一手拇、食、中指互捻，如捻土状。|https://d.bmcx.com/shouyu/_file/0/aff9b9d810670de5.png
3178	土地	农牧副渔	（一）一手拇、食、中指互捻，如捻土状。（二）一手食指向下指。|https://d.bmcx.com/shouyu/_file/c/a532b74528f97d44.png
3179	耕地	农牧副渔	耕地 右手虚握，向前甩动一下，如挥鞭子。左手向前斜伸，并向前移，如赶牛犁田之状。|https://d.bmcx.com/shouyu/_file/f/a407fa4075715ff2.png
3180	荒地	农牧副渔	（一）双手小指指尖向上，交替上下微动。（二）一手食指向下指。|https://d.bmcx.com/shouyu/_file/0/021a774d2bec95a7.png
3181	农场	农牧副渔	（一）双手五指弯曲，掌心向下，向后拉动几下，如耙田的动作。（二）一手食指指尖向下划一大圆圈。|https://d.bmcx.com/shouyu/_file/6/c1577387670f425b.png
149	经济	财政贸易	双手拇、食指捏成小圆圈，交互转动，表示“经济”。|https://d.bmcx.com/shouyu/_file/9/65bd0bff4e290633.png
150	挂失	财政贸易	（一）双手食指弯曲如钩，一上一下互相钩住。（二）一手作向口袋中做取物动作，再抽出向下一甩，如丢失物件。|https://d.bmcx.com/shouyu/_file/7/139219074468f153.png
151	预算	财政贸易	（一）一手食指轻打一下另一手拇指。（二）双掌直立，指尖向上，食指灵活动几下，表示计算，同时两手靠拢。|https://d.bmcx.com/shouyu/_file/0/2da3621ad055e6ba.png
152	批发	财政贸易	双手五指微曲，一上一下掌心相对，象征出卖大批货物。|https://d.bmcx.com/shouyu/_file/1/6b2587c30beebfd2.png
153	发票	财政贸易	双手掌心向上，指尖相对。一手不动，一手向下翻转，如撕发票状。|https://d.bmcx.com/shouyu/_file/c/91f707381b244e80.png
154	标价	财政贸易	（一）在手食指伸直；右手五指并拢指向左手食指。（二）同“保值”手势（一手拇、食指捏成小圆圈，微动几下。）|https://d.bmcx.com/shouyu/_file/7/c314003c2920a088.png
155	典当	财政贸易	（一）同“抵押”手势（双手一上一下，掌心相对，间距约10厘米，然后向下一入，表示将物品“抵押”。）（二）一手拇、食指捏成小圆圈，由外向胸前拉，表示换回钱。|https://d.bmcx.com/shouyu/_file/0/1a76eb5add364c52.png
156	毁约	财政贸易	（一）双手拇、食指相捏，其他手指握拳，作撕东西动作。（二）双手拇、食、中指相捏，同时向下一按。|https://d.bmcx.com/shouyu/_file/f/00f30ed608553f91.png
157	美元	财政贸易	（一）双手五指伸开，拇指在上，其余四指交叉，在腹部转动一圈。（二）同“保值”手势（左手伸出拇指；右手微曲，绕左手半圈。）|https://d.bmcx.com/shouyu/_file/4/6db8804dd42cd639.png
158	摊派	财政贸易	（一）一手平伸，掌心向上，由一侧向另一侧移动几下。（二）一手食、中指并拢伸直，向下挥动。|https://d.bmcx.com/shouyu/_file/9/ee40a031b9a19b1b.png
159	支票	财政贸易	（一）左手横于胸前，掌心向上；右手拇、食指如握笔状在左掌心上划几个“0”，表示在填写钱数。此为国际手语。（二）双手拇、食指相对，如支票宽度，由中间向两边微拉。|https://d.bmcx.com/shouyu/_file/a/99476857c39efb7c.png
2757	财政	财政贸易	（一）一手拇、食指捏成小圆圈，微动几下，表示“钱币”。（二）手指字母“ZH”的指式。|https://d.bmcx.com/shouyu/_file/7/fa3a1da754408314.png
2758	贸易	财政贸易	双手掌心向上重叠。下面的手不动，上面的手向外移，再重叠，再向内移，象征卖出买进，以此代表“贸易”。|https://d.bmcx.com/shouyu/_file/b/bb93ad4722342795.png
2759	财务	财政贸易	（一）一手拇、食指捏成小圆圈，微动几下，表示“钱币”。（二）一手拍一下另一侧的肩头。|https://d.bmcx.com/shouyu/_file/5/e320b18cbb940d58.png
2760	统计	财政贸易	（一）一手掌侧伸，手背向外，五指微曲，向前转一圈，然后握拳。（二）双掌直伸，指尖向上，食指灵活动几下，同时双掌互碰，表示计算。|https://d.bmcx.com/shouyu/_file/8/df48d83739a0efa3.png
2761	建设	财政贸易	双手掌心相对，指尖向上，从胸前向上举过头，指尖相搭成“＾”形。|https://d.bmcx.com/shouyu/_file/c/f926d7dbe49fae13.png
2762	金融	财政贸易	（一）一手食指点一下另一手中指或无名指跟部，表示金（戒指）。（二）双手拇、食指捏成小圆圈，微动几下，象征经济活动。|https://d.bmcx.com/shouyu/_file/d/1394858711437016.png
2763	银行	财政贸易	（一）双手拇、食指捏成圆形，一前一后交替移动,表示银钱进出。（二）双手指尖搭成“＾”形。|https://d.bmcx.com/shouyu/_file/d/abec28c120dd4db0.png
2764	海关	财政贸易	（一）双手掌心向下往两旁作波浪形移动，象征海浪。（二）双掌向上直立，拇指紧贴掌心，掌心相对，由两旁向中间翻转靠拢，掌心向外，如关门动作。|https://d.bmcx.com/shouyu/_file/e/aa1c68ee38b3f143.png
2765	股票	财政贸易	（一）一手伸入口袋作取物状，再向胸前一放，象征投资。（二）双手拇、食指相对，向两侧移动，如股票形状。|https://d.bmcx.com/shouyu/_file/e/84f6dcd2f77d3ead.png
138	部队	部队编制	（一）手指字母“B”的指式。（二）双手张开，指尖向上，紧靠成一排，象征军队|https://d.bmcx.com/shouyu/_file/e/5e3e6b2a628fec19.png
139	队伍	部队编制	双手五指张开，指尖朝上，一前一后，排成一行，同时一顿一顿向前移动。|https://d.bmcx.com/shouyu/_file/1/f6bf94ca4bf60cc1.png
2602	解放军	部队编制	（一）双手握拳，胸部交叉置于胸前，向左右分开，同时放开五指。（二）一手平伸，掌心向下，贴于前额，象征军帽的帽檐。|https://d.bmcx.com/shouyu/_file/c/1613ccd7566f3ed2.png
2603	游击队	部队编制	（一）一手伸拇、食指模仿手枪状，向左右随意指几下，象征游击活动。（二）双手张开，指尖向上，靠成一排，象征军队。|https://d.bmcx.com/shouyu/_file/f/ba649bdb7bd96279.png
2604	民兵	部队编制	（一）双受食指搭成“人”字形并转一圈。（二）一手平伸，掌心向下，贴于前额，象征军帽的帽檐。|https://d.bmcx.com/shouyu/_file/8/4d71e058dbdcc40b.png
2605	军衔	部队编制	（一）一手平伸，掌心向下，贴于前额，象征军帽的帽檐。（二）右手伸出拇指，置于胸前向上举。|https://d.bmcx.com/shouyu/_file/f/a96ea75af0cab7c4.png
2606	元帅	部队编制	（一）一手拇、食指捏成小圆圈。（二）右手伸出拇指，置于胸前向上微举。|https://d.bmcx.com/shouyu/_file/4/04dad14ee32fde9d.png
2607	将军	部队编制	（一）右手拇、食指捏成小圆圈，置于左肩上，表示一颗星，即将军军衔。少将、中将、上将 、大将可分别用一颗星、二颗星、三颗星、四颗星表示。（二）一手平伸，掌心向下，贴于前额，象征军帽的帽檐。|https://d.bmcx.com/shouyu/_file/8/1ccb9c55c8e476a8.png
2608	校	部队编制	校 右手食、中指分开，在肩上划一下，表示肩上有两条杠，即校官军官。少校、中校、上校、大校可分别用一指、两指、三指、四指在肩上点一下，象征一、二、三、四颗星|https://d.bmcx.com/shouyu/_file/a/696b31fbd2d980de.png
2609	尉	部队编制	尉 右手食指在肩上划一下，表示肩上有一条杠，即尉级军官。少尉、中尉、上尉的表现方法与“校级”同。|https://d.bmcx.com/shouyu/_file/4/8824f9253314d2e4.png
2610	士	部队编制	一手食指书空“士”字。|https://d.bmcx.com/shouyu/_file/d/00063914e4b28204.png
2611	统帅	部队编制	（一）右手微曲，在胸前转半圆形，然后用力一握，表示“权力”。（二）右手握拳伸出拇指，置于胸前向上微举。|https://d.bmcx.com/shouyu/_file/e/cb7e5d2750944b47.png
2612	军	部队编制	（一）手指字母“J”的指式。（二）双手张开，指尖向上，紧靠成一排，象征军队。|https://d.bmcx.com/shouyu/_file/9/3fcc66d982991600.png
2613	师	部队编制	（一）手指字母“SH”的指式。（二）双手张开，指尖向上，紧靠成一排，象征军队。|https://d.bmcx.com/shouyu/_file/2/175bdbe8f8800f0c.png
2614	旅	部队编制	（一）手指字母“L”的指式。（二）双手张开，指尖向上，紧靠成一排，象征军队。|https://d.bmcx.com/shouyu/_file/3/a22b6135b55aac35.png
2615	团	部队编制	（一）手指字母“T”的指式。（二）双手张开，指尖向上，紧靠成一排，象征军队。|https://d.bmcx.com/shouyu/_file/9/fe5dec55f49fc258.png
2616	营	部队编制	（一）手指字母“Y”的指式。（二）双手张开，指尖向上，紧靠成一排，象征军队。|https://d.bmcx.com/shouyu/_file/8/55a64efeaf3081df.png
2617	连	部队编制	（一）手指字母“L”与“I”的指式。（二）双手张开，指尖向上，紧靠成一排，象征军队。|https://d.bmcx.com/shouyu/_file/b/3aacf87050b0979e.png
2618	排	部队编制	（一）手指字母“P”的指式。（二）双手张开，指尖向上，紧靠成一排，象征军队|https://d.bmcx.com/shouyu/_file/b/50e5f0f8b058db2d.png
2619	班	部队编制	（一）手指字母“B”的指式。（二）双手张开，指尖向上，紧靠成一排，象征军队。|https://d.bmcx.com/shouyu/_file/4/22d6f26e6ece7ad6.png
110	党	党政机关	手指字母“D”的指式。|https://d.bmcx.com/shouyu/_file/2/578959d9d416a022.png
111	派出所	党政机关	（一）双手拇、食指搭成“公”字形。（二）一手五指并拢，掌心向下，贴于前额。（三）双手搭成“＾”形。|https://d.bmcx.com/shouyu/_file/5/6b155d78d9d7e0db.png
2137	共产党	党政机关	双手食、中指相搭成“共”字形，这是“共产党”的专用手势。|https://d.bmcx.com/shouyu/_file/e/3e26d95fd459a6b7.png
2138	支部	党政机关	（一）手指字母“ZH”的指式。（二）手指字母“B”的指式。|https://d.bmcx.com/shouyu/_file/c/ea0f9ed164290424.png
2139	共青团	党政机关	（一）双手食、中指相搭成“共”字形。（二）一手摸一下下颏，表示“年轻”“青年”。（三）双手五指微曲，从两侧向中间并拢，表示“团体”。|https://d.bmcx.com/shouyu/_file/1/c9493318d1828576.png
2140	少先队	党政机关	（一）一手拇、食指先叉开，自领口向下边移动边收拢，拇、食两指相捏，如“红领巾”状。（二）双手伸直，五指并拢，一前一后排列，如排队状。|https://d.bmcx.com/shouyu/_file/f/496565c21f636880.png
2141	中央	党政机关	（一）一手食指搭在另一手拇、食指捏成圆圈的中央。（二）一手伸出拇指，坐于另一手掌心上，象征居中。|https://d.bmcx.com/shouyu/_file/2/c2e70edfe9153f65.png
2142	地方	党政机关	（一）一手食指向下一指。（二）双手先掌心一左一右相对侧立，再转为手背向外，一前一后侧立，表示方块。|https://d.bmcx.com/shouyu/_file/a/977a6d44ef98ae8c.png
2143	政府	党政机关	（一）手指字母“ZH”的指式。（二）双手搭成“＾”形。|https://d.bmcx.com/shouyu/_file/a/1caaf58ce9267bd4.png
2144	国务院	党政机关	（一）一手打出手指字母“G”的指式，并转一圈。（二）右手按一下左肩部。（三）双手搭成“＾”形。|https://d.bmcx.com/shouyu/_file/5/8ff7e964fb2bd42f.png
2145	机关	党政机关	（一）手指字母“J”的指式。（二）双手搭成“＾”形。|https://d.bmcx.com/shouyu/_file/2/f603b7384c0d8ab8.png
2146	机构	党政机关	（一）手指字母“J”的指式。（二）双手五指张开，手指互相交叉，表示“结构”“构成”的意思。|https://d.bmcx.com/shouyu/_file/5/8632a0d5dd4ecb2c.png
2147	部	党政机关	手指字母“B”的指式|https://d.bmcx.com/shouyu/_file/4/3a2c32eebdbdaeb3.png
2148	司	党政机关	手指字母“S”的指式。|https://d.bmcx.com/shouyu/_file/7/400ca0dadde59758.png
2149	局	党政机关	手指字母“J”的指式。|https://d.bmcx.com/shouyu/_file/2/9ed26948306e5d63.png
2150	处	党政机关	手指字母“CH”的指式。|https://d.bmcx.com/shouyu/_file/a/30cfe0ffcf042c3a.png
2151	科	党政机关	手指字母“K”的指式。|https://d.bmcx.com/shouyu/_file/0/b69ef98e9062bc89.png
2152	委员会	党政机关	（一）右手在肩部虚按一下。（二）一手拇、食指捏成小圆圈，贴于胸侧。（三）双手五指微曲，掌心相对，从两边向中间并拢。|https://d.bmcx.com/shouyu/_file/a/98ea3eea5709b798.png
2153	办公室	党政机关	（一）双手互拍手背。（二）双手拇、食指搭成“公”字形。（三）双手搭成“＾”形。|https://d.bmcx.com/shouyu/_file/0/c76360dd58ea8815.png
2154	法院	党政机关	（一）一手打手指字母“F”的指式，并向下挥动一下。（二）双手搭成“＾”形。|https://d.bmcx.com/shouyu/_file/6/bff90f3df6f38d17.png
45	不久	时间	（一）一手伸直，左右摆动几下。（二）一手打手指字母“J”的指式，并向前微移。|https://d.bmcx.com/shouyu/_file/8/27bb6f5a8da8b3b9.png
46	机会	时间	（一）手指字母“J”的指式。（二）双手五指微曲，从两侧向中间并拢。|https://d.bmcx.com/shouyu/_file/5/c05c25d2cedccbc3.png
47	前夕	时间	（一）同“初期”手势（双手直立，掌心相对间距约20厘米，表示一段时间。）（二）同“当时”手势（一手伸出拇、食指，拇指尖抵住另一手掌心，食指向下移动，表示钟表的指针转动。）|https://d.bmcx.com/shouyu/_file/9/bcd24839a59383d5.png
48	现在	时间	一手平伸，掌心向上，横于腰部，上下颠动两下。|https://d.bmcx.com/shouyu/_file/8/f22e561c5a65543b.png
49	朝代	时间	（一）手指字母“CH”的指式。（二）同“时代”手势（二）。|https://d.bmcx.com/shouyu/_file/6/32c5a3a50f39a244.png
50	秋天	时间	秋天 右手伸食指在左拳无名指骨节处点一下，表示第三个季节。|https://d.bmcx.com/shouyu/_file/e/ef162ca36caaf82e.png
51	星期	时间	星期 左手食指直立不动。右手打“七”手势在左手食指尖上点一下，表示七天即一星期之意（如二个星期，则右手打“七”手势在左手食、中指尖上分别点一下，余类推）。|https://d.bmcx.com/shouyu/_file/b/0352296d3f3a4c7f.png
52	暂时	时间	（一）双手伸食指，指面相对，相距约两寸。（二）一手伸出拇、食两指，拇指尖抵住另一手掌心，食指向下转动，象征钟表的时针在转动。|https://d.bmcx.com/shouyu/_file/c/ac403c0d05d44e0a.png
53	秋季	时间	秋季 右手伸食指在左拳无名指骨节处点一下，表示第三个季节。|https://d.bmcx.com/shouyu/_file/8/f03c40c8558d3230.png
1006	傍晚	时间	一手拇指与并拢的四指成90°角，放在眼前。然后拇指不动，其他四指作弧移动成“]”形，表示天色转暗。|https://d.bmcx.com/shouyu/_file/f/672b9f4bef9a2225.png
1007	黄昏	时间	一手拇指与并拢的四指成90°角，放在眼前。然后拇指不动，其他四指作弧移动成“]”形，表示天色转暗。|https://d.bmcx.com/shouyu/_file/7/acb87206204a76c2.png
1008	重阳节	时间	（一）双手打数字“九”的手势，一上一下，表示农历九月九日。（二）一手打手指字母“J”的指式，置于前额。|https://d.bmcx.com/shouyu/_file/9/82999e51dc68612d.png
1009	重阳	时间	（一）双手打数字“九”的手势，一上一下，表示农历九月九日。（二）一手打手指字母“J”的指式，置于前额。|https://d.bmcx.com/shouyu/_file/9/bee74b5035023bf6.png
1010	除夕	时间	（一）右手伸食指从左拳的骨节处向下划。（二）用“三”的手势，并将三指弯动一下，表示“三十”。|https://d.bmcx.com/shouyu/_file/9/92743749b96b7206.png
1011	初期	时间	（一）一手食指打一下另一手拇指。（二）双手直立，掌心相对间距约20厘米，表示一段时间。|https://d.bmcx.com/shouyu/_file/9/e90707e8b9d21426.png
1012	大暑	时间	（一）双手掌心相对，同时向两侧挥动。（二）一手在额部作挥汗状，表示天气炎热。|https://d.bmcx.com/shouyu/_file/2/74e234a1ff20b3c9.png
1013	当天	时间	（一）手指字母“D”的指式。（二）右手伸食指，指尖向右，然后作弧形移动至左肩前|https://d.bmcx.com/shouyu/_file/5/55af6b441854a09f.png
1014	当时	时间	（一）手指字母“D”的指式。（二）一手伸出拇、食指，拇指尖抵住另一手掌心，食指向下移动，表示钟表的指针转动。|https://d.bmcx.com/shouyu/_file/c/b4c1d3f2b65ea93b.png
1015	定期	时间	（一）一手食指伸直向下一挥。（二）同“初期”动作（双手直立，掌心相对间距约20厘米，表示一段时间。)|https://d.bmcx.com/shouyu/_file/a/5d9f6dac89f3042e.png
1016	分钟	时间	（一）一手食指书空“，”一下，表示分的记时符号。（二）同“当时”手势（一手伸了拇、食指，拇指尖抵住另一手掌心，食指向下移动，表示钟表的指针转动。）。|https://d.bmcx.com/shouyu/_file/0/3657023fcca5f784.png
29	爆米花	食品	（一）双手五指撮合，指尖相对，然后同时迅速向上弹起，放开五指。（二）一手拇、食指相对，中间留有米粒大小距离。（三）右手五指虚捏，指尖向上伸出。|https://d.bmcx.com/shouyu/_file/8/2775f7eabec60aa1.png
30	米	食品	（一）一手拇、食指相对，中间留有米粒大小距离。（二）一手伸食、中指象征筷子，作吃饭动作。|https://d.bmcx.com/shouyu/_file/b/ff385d6210ea672c.png
31	豆腐	食品	（一）同“豆浆”手势（一）。（二）双手拇指与四指分别作“[”和“]”形，指尖相对，向两旁拉开，象征豆腐。|https://d.bmcx.com/shouyu/_file/e/57df7cfd1a542a3f.png
32	冰淇凌	食品	（一）双手握拳，臂部抖动（哆嗦）一下，表示冰冷。（二）左手拇、食指搭乘半圆形；右手食、中指并拢，在半圆形内作勺物，吃纸杯冰激凌状。|https://d.bmcx.com/shouyu/_file/8/a6fb9d865094e166.png
738	点心	食品	点心 左手五指微曲，掌心向上；右手拇、食指捏成小圆圈置于左掌心上，然后放在嘴边，作咬的动作。|https://d.bmcx.com/shouyu/_file/0/41ba36a5e134a105.png
739	粉丝	食品	（一）一手拇、食、中指指尖互相捻动。（二）双手拇、食指指尖相捏，从中间向两侧拉开。|https://d.bmcx.com/shouyu/_file/c/26882d0148ddd6a6.png
740	粉条	食品	（一）同“粉丝”（一手拇、食、中指指尖互相捻动。）（二）双手拇食指相对中间留约1厘米距离，从中间向两拉开。|https://d.bmcx.com/shouyu/_file/8/16ce8eb7307da4b7.png
741	瓜子	食品	一手作捏瓜子状，放于嘴部作吃状。|https://d.bmcx.com/shouyu/_file/0/20eac801ae4a44cd.png
742	挂面	食品	（一）双手虚握成半圆形，一左一右横置胸前，再由中间向两介拉开少许。（二）手指字母“M”的指式。|https://d.bmcx.com/shouyu/_file/7/ca8a4405d811dc1e.png
743	果脯	食品	（一）一手拇、食指捏成圆形，表示果子。（二）手指字母“P”的指式。|https://d.bmcx.com/shouyu/_file/c/e77b0fa9b1205163.png
744	咖啡	食品	咖啡 左手五指虚握成拿杯状；右手指字母“K”的指式，中指对准左手虎口，做搅拌动作。|https://d.bmcx.com/shouyu/_file/a/e78f6d3dc9b84827.png
745	快餐	食品	（一）一手拇、食指相捏，从一侧向中一侧作快速挥动。（二）一手伸食、中指向外向嘴边拨动，表示吃饭。|https://d.bmcx.com/shouyu/_file/3/d4c3b70f84d9085b.png
746	粘糕	食品	（一）一手拇、食、中指相捏，再慢慢张开。（二）一手五指作“[”形，轻捏几下。|https://d.bmcx.com/shouyu/_file/f/ca76808fd99a2c4f.png
747	啤酒	食品	（一）手指字母“P”的指式。（二）一手打手指字母“J”的指式放在嘴边，作喝酒状。|https://d.bmcx.com/shouyu/_file/8/1ad347129e64f5bb.png
748	汽水	食品	（一）一手五指虚握成半圆形，虎口向上；另一手食、中指叉开，在半圆形处一撬，如开瓶盖状。（二）一手平伸，手背向上，向一侧作波纹状微移。|https://d.bmcx.com/shouyu/_file/c/53788c4ea1420650.png
749	肉肠	食品	（一）一手拇、食指捏另一手小鱼肌的部位。（二）双手虚握成圆形，从中间向两边平移。|https://d.bmcx.com/shouyu/_file/1/7395fafa8ea173e8.png
750	西餐	食品	（一）左手食、中指分开，向斜下方伸出，如用叉子叉食品；右手食、中指并拢朝下，表示餐刀。（二）同“快餐”手势（一手伸食、中指由外嘴边拨动，表示吃饭。）|https://d.bmcx.com/shouyu/_file/7/163f4fdc9b6f76cb.png
751	饮料	食品	（一）一手批语、食指捏成小圆形，作举杯喝饮料状。（二）双手食指先互碰一下，然后分开并张开五指。|https://d.bmcx.com/shouyu/_file/5/f6ab43426497ce80.png
752	元霄	食品	（一）双手掌心相贴，作揉元宵动作。（二）一手拇、食指捏成小圆形，连续打两下，表示元宵。|https://d.bmcx.com/shouyu/_file/a/f0beb441e6225be3.png
753	汤圆	食品	（一）双手掌心相贴，作揉元宵动作。（二）一手拇、食指捏成小圆形，连续打两下，表示元宵。|https://d.bmcx.com/shouyu/_file/0/4ee927edef954e31.png
27	丝	衣物	一手拇、食指尖相捏，放在口边向外作波纹状拉出，如蚕吐丝状。|https://d.bmcx.com/shouyu/_file/1/5ed5ecd35238f39a.png
28	茄克衫	衣物	双手拇、食指相捏，一手捏住衣角，另一手同时做扣合拉练动作。|https://d.bmcx.com/shouyu/_file/0/20972c9f03a1ec0b.png
706	丝绸	衣物	（一）同“丝”手势。（二）一手拇指和四指互捻，象征以手感知丝绸的光滑度。|https://d.bmcx.com/shouyu/_file/f/b4e395116d8cd2c9.png
707	呢绒	衣物	一手在另一手掌心上来回抚摩，模仿购置呢绒时了解呢绒毛感的动作。|https://d.bmcx.com/shouyu/_file/0/ffc814f7560835d6.png
708	尼龙	衣物	（一）手指字母“N”的指式。（二）双手拇、食指相捏，从鼻下左右向外拉出，象征龙的两条长须。|https://d.bmcx.com/shouyu/_file/3/aef82cf48abc4cb5.png
709	锦纶	衣物	（一）手指字母“N”的指式。（二）双手拇、食指相捏，从鼻下左右向外拉出，象征龙的两条长须。|https://d.bmcx.com/shouyu/_file/8/6ceb259dd2f37030.png
710	晴纶	衣物	（一）手指字母“J”的指式。（二）双手拇、食指相捏，从中间向两边拉开。|https://d.bmcx.com/shouyu/_file/9/651400f58fedb15f.png
711	涤纶	衣物	（一）手指字母“D”的指式。（二）同“晴纶”手势（二）。|https://d.bmcx.com/shouyu/_file/8/17b25206c8946656.png
712	的确良	衣物	（一）手指字母“D”的指式。（二）同“晴纶”手势（二）。|https://d.bmcx.com/shouyu/_file/6/4057215c10c386b1.png
713	衣服	衣物	双手掌心贴胸向下移，至小腹处向左右横划。这是上装的外形特征，用来代表“衣服”这个概念。夹衣、棉衣、毛衣等均用此手势。|https://d.bmcx.com/shouyu/_file/5/8a56d451332d42ed.png
714	棉衣	衣物	双手掌心贴胸向下移，至小腹处向左右横划。这是上装的外形特征，用来代表“衣服”这个概念。夹衣、棉衣、毛衣等均用此手势。|https://d.bmcx.com/shouyu/_file/b/cff4a168c4233119.png
715	毛衣	衣物	双手掌心贴胸向下移，至小腹处向左右横划。这是上装的外形特征，用来代表“衣服”这个概念。夹衣、棉衣、毛衣等均用此手势。|https://d.bmcx.com/shouyu/_file/5/2439648d5bc792d6.png
716	制服	衣物	双手掌心在胸部及腰部各贴一下，象征制服的四只口袋。再在小腹处向左右横划，表示上装。|https://d.bmcx.com/shouyu/_file/4/f304c20198f08755.png
717	中山装	衣物	双手掌心在胸部及腰部各贴一下，象征制服的四只口袋。再在小腹处向左右横划，表示上装。|https://d.bmcx.com/shouyu/_file/5/b6a17741cf460c0f.png
718	西服	衣物	双手伸拇指，自颈两旁至胸口划两条斜线，象征西服领口。|https://d.bmcx.com/shouyu/_file/a/ef7cfaea96faa612.png
719	衬衣	衣物	一手先以食指向领口内指一下，然后改用拇、食指揪一下胸前衣服，意即“内衣”。|https://d.bmcx.com/shouyu/_file/9/276ac4275112766c.png
720	裤子	衣物	双手拇、食指相捏，在腿部向上提，如穿裤子状。夹裤、棉裤、毛裤等均用此手势。|https://d.bmcx.com/shouyu/_file/1/4f0d6828fbf2a8f2.png
721	毛裤	衣物	双手拇、食指相捏，在腿部向上提，如穿裤子状。|https://d.bmcx.com/shouyu/_file/e/eb5406ebd2142e7c.png
722	裤衩	衣物	双手掌心向上，在大腿跟部向左右横划，表示裤衩。|https://d.bmcx.com/shouyu/_file/8/9bf3c122443b4a35.png
723	背心	衣物	双手掌心向外，从两肩向下划一弧线，如背心形状。|https://d.bmcx.com/shouyu/_file/f/9c2335b43c228496.png
272	道德	人品德才	（一）双手握拳，在胸前以小臂交替转动几下，表示行为。（二）手指字母“D”的指式。|https://d.bmcx.com/shouyu/_file/4/159cff52d1a6ed20.png
273	懒	人品德才	双手握拳，交叉搭臂，表示“不干活”、“不愿劳动”。|https://d.bmcx.com/shouyu/_file/0/76ed51b9db29e93d.png
274	活泼	人品德才	一手食指边转动边向上升。|https://d.bmcx.com/shouyu/_file/4/e75c15665fec3ddb.png
275	谨慎	人品德才	一手拇指抵于小指尖，在另一手掌心上微微拍打几下，表示“小心”。|https://d.bmcx.com/shouyu/_file/6/821ca5d5fc0e3e18.png
276	英明	人品德才	（一）一手食指指点一下前额。（二）一手伸直，掌心向外，从左向右边移动，然后伸出拇指。|https://d.bmcx.com/shouyu/_file/3/2ac0fd820ffa83be.png
4827	品德	人品德才	（一）双手拇、食指握成圆形，拼成“品”字形。（二）手指字母“D”的指式。|https://d.bmcx.com/shouyu/_file/3/ec559a81c454c325.png
4828	品行	人品德才	（一）双手拇、食指握成圆形，拼成“品”字形。（二）手指字母“D”的指式。|https://d.bmcx.com/shouyu/_file/a/1eb0833920f24879.png
4829	品质	人品德才	（一）双手拇、食指握成圆形，拼成“品”字形。（二）一手食、中指在另一拳背上弹动几下。|https://d.bmcx.com/shouyu/_file/7/0a978d9002b0d7b9.png
4830	修养	人品德才	（一）手指字母“X”的指式。（二）右手食指伸直，左手五指相捏，沿右手食指向前移动。|https://d.bmcx.com/shouyu/_file/7/cf90ba380cbb2f62.png
4831	行为	人品德才	双手握拳，在胸前以两小臂交替转动几下。|https://d.bmcx.com/shouyu/_file/d/b7899eead1e96002.png
4832	行动	人品德才	双手握拳，在胸前以两小臂交替转动几下。|https://d.bmcx.com/shouyu/_file/a/75149acec69869d4.png
4833	性格	人品德才	（一）一手食、中指弹打另一手拳背。（二）双手五指张开，相叠成格子形。|https://d.bmcx.com/shouyu/_file/2/7ffa68b2593a0650.png
4834	作风	人品德才	（一）双手握拳，一拳敲打另一拳。（二）一手侧伸，来回扇动几下。|https://d.bmcx.com/shouyu/_file/e/02abc233a238cda3.png
4835	才能	人品德才	（一）一手食指书空“才”字。（二）一手握拳曲肘，向内弯动几下|https://d.bmcx.com/shouyu/_file/e/fc7149dac134e017.png
4836	能力	人品德才	一手握拳曲肘，向内弯动几下。|https://d.bmcx.com/shouyu/_file/7/b454da3621927152.png
4837	智慧	人品德才	（一）手指字母“ZH”的指式。（二）一手食指先指于太阳穴处，然后向外放开五指。|https://d.bmcx.com/shouyu/_file/c/08909b7563c12031.png
4838	纯洁	人品德才	（一）手指字母“CH”的指式。（二）一手掌心从另一手掌心上擦过，并握拳伸出拇指。|https://d.bmcx.com/shouyu/_file/a/171988f0e9048ebc.png
4839	勇敢	人品德才	双手拇、食指在胸前搭成圆形，然后向两侧拉开，表示“大胆”。|https://d.bmcx.com/shouyu/_file/4/57e9dacc2cf08f8a.png
4840	大胆	人品德才	双手拇、食指在胸前搭成圆形，然后向两侧拉开，表示“大胆”。|https://d.bmcx.com/shouyu/_file/c/73c2a936670d285c.png
4841	胆大	人品德才	双手拇、食指在胸前搭成圆形，然后向两侧拉开，表示“大胆”。|https://d.bmcx.com/shouyu/_file/d/0823c584e58fd2b7.png
249	地理	地理地质	地理 右手握拳，手背向上不动。右掌侧立，在左拳背上绕一圈。|https://d.bmcx.com/shouyu/_file/c/7a3962ecfacdae5a.png
250	山	地理地质	一手伸拇、食、小指，指尖向上，如“山”字形。|https://d.bmcx.com/shouyu/_file/3/e5a056cfb59ab22f.png
251	主流	地理地质	（一）左手伸中、无名、小指，与右手食指搭成“主”字形。（二）一手伸开，掌心向下，指尖向前作波浪形移动，象征流水。|https://d.bmcx.com/shouyu/_file/c/b70b0cbccb1c85ba.png
252	坑	地理地质	坑 左手横伸，掌心向下；右手侧立，在左手旁作先伏后起的移动，表示地不平。|https://d.bmcx.com/shouyu/_file/0/bfa74c82af7649d8.png
4431	地形	地理地质	（一）一手食指向下指。（二）先以双手食、中指搭成“开”字形，然后左手不动，右手中、无名、小指在“开”字旁加撇，构成“形”字。|https://d.bmcx.com/shouyu/_file/6/1c8a6e0a5556228d.png
4432	地貌	地理地质	（一）一手食指向下指。（二）先以双手食、中指搭成“开”字形，然后左手不动，右手中、无名、小指在“开”字旁加撇，构成“形”字。|https://d.bmcx.com/shouyu/_file/b/33c8d0d4f89d90b0.png
4433	地质	地理地质	（一）一手食指向下指。（二）右手伸食、中指弹打左拳背，表示结构或质地、质量。|https://d.bmcx.com/shouyu/_file/7/8ad68dcbe032b867.png
4434	地图	地理地质	地图 右掌侧立在左掌心上弯曲向前移动，象征地图上的边界线，引申为“地图”。|https://d.bmcx.com/shouyu/_file/9/1d38a5f018663bf4.png
4435	陆地	地理地质	（一）手指字母“L”的指式。（二）一手食指向下指。|https://d.bmcx.com/shouyu/_file/6/d57b3620838c5a1e.png
4436	海洋	地理地质	双手平伸，掌心向下，向两旁左波浪形移动，动作幅度要大，象征海浪起伏波动的状态。|https://d.bmcx.com/shouyu/_file/4/99c6f24925f6fc12.png
4437	海	地理地质	双手平伸，掌心向下，向两旁左波浪形移动，动作幅度要大，象征海浪起伏波动的状态。|https://d.bmcx.com/shouyu/_file/2/ee326591b48ba760.png
4438	大海	地理地质	双手平伸，掌心向下，向两旁左波浪形移动，动作幅度要大，象征海浪起伏波动的状态。|https://d.bmcx.com/shouyu/_file/d/dbdd255c830d0c96.png
4439	海滩	地理地质	（一）双手平伸，掌心向下，向两旁左波浪形移动，动作幅度要大，象征海浪起伏波动的状态。（二）双手拇、食、中指互捻（表示沙子），并向左右展开，五指同时放开并向两侧移动，象征海边的沙滩。|https://d.bmcx.com/shouyu/_file/4/9d783ec0d0c13a2f.png
4440	平原	地理地质	双手伸平，掌心向下，同时向左右展开，象征广阔的平地。|https://d.bmcx.com/shouyu/_file/f/cbb79093c589f138.png
4441	平地	地理地质	双手伸平，掌心向下，同时向左右展开，象征广阔的平地。|https://d.bmcx.com/shouyu/_file/1/e8a65a2b7a8d2c2b.png
4442	高原	地理地质	（一）右掌平伸，掌心向下，自胸前高举过头顶。（二）双手伸平，掌心向下，同时向左右展开，象征广阔的平地。|https://d.bmcx.com/shouyu/_file/3/aea079fa26c09631.png
4443	高地	地理地质	（一）右掌平伸，掌心向下，自胸前高举过头顶。（二）双手伸平，掌心向下，同时向左右展开，象征广阔的平地。|https://d.bmcx.com/shouyu/_file/0/a65545f1b2e09ec9.png
4444	草原	地理地质	（一）双手伸食指，指尖向上，交替上下动几下，象征丛生的野草。（二）双手伸平，掌心向下，同时向左右展开，象征广阔的平地|https://d.bmcx.com/shouyu/_file/b/15d524e1054829ec.png
4445	盆地	地理地质	（一）双手拇、食指搭成一个大圆形，向上移动，渐上渐大，象征盆形。（二）一手食指向下指。|https://d.bmcx.com/shouyu/_file/d/f977d36f9d4b4c8b.png
4446	洼地	地理地质	（一）一手平伸，掌心向下，由高而低向前移动。（二）一手食指向下指。|https://d.bmcx.com/shouyu/_file/e/2de7a76691a3db5a.png
226	科学	科学	双手分别打手指字母“K”“X”的指式，并交替前后转动。|https://d.bmcx.com/shouyu/_file/d/cd84ebc39dbc60a6.png
4073	科研	科学	（一）手指字母“K”的指式。（二）一手伸食、中指，指尖在另一手手心上研动。|https://d.bmcx.com/shouyu/_file/2/d533aecb43e634b6.png
4074	尖端	科学	一手拇、食指捏着另一手食指向上移出，并伸出拇指。|https://d.bmcx.com/shouyu/_file/a/23dae27c3a96fd5c.png
4075	技术	科学	双手伸平，互拍手背，表示有本领。此处引申为技术。|https://d.bmcx.com/shouyu/_file/0/d412064bb1372631.png
4076	发明	科学	一手握拳贴于太阳穴旁，然后向外移动，并张开五指。|https://d.bmcx.com/shouyu/_file/1/11a9b1502a2ada0a.png
4077	创造	科学	一手握拳贴于太阳穴旁，然后向外移动，并张开五指。|https://d.bmcx.com/shouyu/_file/7/e102f42305ae7290.png
4078	学术	科学	（一）双手平伸，掌心向内，放于面前，如读书状。（二）双手伸平，互拍手背，表示有本领。此处引申为技术。|https://d.bmcx.com/shouyu/_file/e/06644b34a4d5a63c.png
4079	宏观	科学	（一）一手食指尖向下，在胸前划一个大圆，表示一个相当大的范围。（二）一手食、中指指尖向前置于眼前。|https://d.bmcx.com/shouyu/_file/2/1bd7c384b04f9a76.png
4080	微观	科学	（一）一手食指尖向下，在胸前划一个小圆，表示一个相当小的范围。（二）一手食、中指指尖向前置于眼前。|https://d.bmcx.com/shouyu/_file/0/9f5d35de1622c2b8.png
200	零	数目	一手拇、食指相捏成圆圈，余指自然弯曲。|https://d.bmcx.com/shouyu/_file/9/ed3632f5162bbe68.png
201	千	数目	一手食指书空“千”字。|https://d.bmcx.com/shouyu/_file/3/2f67b14ed59cac30.png
3653	一	数目	一手身出食指，其余四指弯曲。|https://d.bmcx.com/shouyu/_file/1/0bf1e70a634f7b1f.png
3654	二	数目	一手身出食、中指，其余三指弯曲。|https://d.bmcx.com/shouyu/_file/7/b73f83a39ff51bd7.png
3655	三	数目	一手身出中、无名、小指，拇、食指弯曲。|https://d.bmcx.com/shouyu/_file/0/a326481500f08fb3.png
3656	四	数目	一手身出食、中、无名、小指，拇指弯曲。|https://d.bmcx.com/shouyu/_file/4/ec49df0812171026.png
3657	五	数目	五 五指一齐伸出。|https://d.bmcx.com/shouyu/_file/c/a0c3f4cde2bc37c7.png
3658	六	数目	一手身出拇、小指，其余三指弯曲。|https://d.bmcx.com/shouyu/_file/7/f6796a1235fed2fa.png
3659	七	数目	一手拇、食、中指相捏，其余两指弯曲。|https://d.bmcx.com/shouyu/_file/c/49ec50b83edc6400.png
3660	八	数目	一手身出拇、食指，其余三指弯曲。|https://d.bmcx.com/shouyu/_file/6/dbe359076280b492.png
3661	九	数目	一手食指弯如钩形，其余四指弯曲。|https://d.bmcx.com/shouyu/_file/6/0d97a55f2dbbf1d0.png
3662	十	数目	一手食、中指交叉，其余三指弯曲。|https://d.bmcx.com/shouyu/_file/d/a4074e8a821326bf.png
3663	二十	数目	二十 用“二”的手势，并将食、中指弯动一下。|https://d.bmcx.com/shouyu/_file/8/b4e17090c7897fd7.png
3664	三十	数目	三十 用“三”的手势，并将三指弯动一下。|https://d.bmcx.com/shouyu/_file/5/bbd404c142681f6d.png
3665	四十	数目	四十 用“四”的手势，并将四指弯动一下。|https://d.bmcx.com/shouyu/_file/5/f73138ebddef47b4.png
3666	五十	数目	五十 用“五”的手势，并将五指弯动一下。|https://d.bmcx.com/shouyu/_file/c/74d6ad2342705fb4.png
3667	六十	数目	六十 用“六”的手势，并将拇、小指弯动一下。|https://d.bmcx.com/shouyu/_file/5/e2e9ba956399d43f.png
3668	七十	数目	七十 用“七”的手势，并将拇指和食、中指的指尖弯动一下。|https://d.bmcx.com/shouyu/_file/3/d7b0428469fdf74e.png
3669	八十	数目	八十 用“八”的手势，并将拇、食指弯动一下。|https://d.bmcx.com/shouyu/_file/8/63212e6967b9ba21.png
3670	九十	数目	九十 用“九”的手势，并将食指弯动一下。|https://d.bmcx.com/shouyu/_file/7/4c864441aed9f2b3.png
147	历史	历史	（一）一手掌心向里，指尖向上，向肩后挥动两下。（二）一手五指并齐，侧立于另一手掌心，并从指尖处向掌跟划过去，表示过程、经历的意思。|https://d.bmcx.com/shouyu/_file/4/19bde5584b5273fd.png
148	墓	历史	墓 左手伸拇、小指，手背向外；右手五指微曲如拱形，置于左手上方。|https://d.bmcx.com/shouyu/_file/b/6dd9e8453f27f54b.png
2726	原始	历史	（一）一手拇、食指搭成圆圈。“圆”与“原”同音，此处借用。（二）一手食指打另一手拇指，表示最初、开始的意思。|https://d.bmcx.com/shouyu/_file/b/0d75ad1dbbfeb6dc.png
2727	氏族	历史	（一）左手中、无名、小指伸开，右手食指点一下左手中指，表示“姓氏”。（二）一手五指指尖向上，先张开后撮合，表示一个组合的单位。|https://d.bmcx.com/shouyu/_file/d/53d123a077da4219.png
2728	部落	历史	（一）手指字母“B”的指式。（二）双手掌心相对，从两边向中间合拢。|https://d.bmcx.com/shouyu/_file/5/f3b601591ae901a5.png
2729	公社	历史	（一）双手拇、食指搭成“公”字形。（二）左手五指撮合，指尖向上。右手食指围绕左手手指尖转一圈。|https://d.bmcx.com/shouyu/_file/a/7e93793d1716e4c6.png
2730	封建	历史	双手食、中指并齐，相交成“×”形，贴于前额，并向下移动。|https://d.bmcx.com/shouyu/_file/f/7b8895ce92d7870f.png
2731	割据	历史	（一）一手指尖向下划一圈。（二）一手五指张开如抓形，往另一手掌心上移动，同时握拳，如抓物状。|https://d.bmcx.com/shouyu/_file/0/0dcd9acaf85c2175.png
2732	兼并	历史	一手五指张开如抓形，在另一手掌心上作抓物状，然后送到口边，如吞物状。|https://d.bmcx.com/shouyu/_file/d/a11c30df793df2d2.png
2733	变法	历史	（一）一手食、中指向上伸直，并转动一圈。（二）手指字母“F”的指式，并向下挥动一下。|https://d.bmcx.com/shouyu/_file/9/63deaae3bc62a7bd.png
2734	同化	历史	（一）双手掌心相对，从两旁向中间合拢。（二）一手伸食、中指、斜着挥动一下。|https://d.bmcx.com/shouyu/_file/b/b2545017893cf7f6.png
2735	考古	历史	（一）一手食、中指并齐，在另一掌心上作圆形磨动。（二）双手拇、食指搭成“古”字形。|https://d.bmcx.com/shouyu/_file/7/bd382dd3c69901bc.png
2736	猿人	历史	（一）双手五指撮合，指尖向下，在胸前交替动几下。（二）双手食指搭成“人”字形。|https://d.bmcx.com/shouyu/_file/f/aec5d50f1dd0a201.png
2737	化石	历史	（一）手指字母“H”的指式。（二）右手食、中指弯曲，以指背关节在左拳上敲打几下。|https://d.bmcx.com/shouyu/_file/a/1059ee6e0198e2d1.png
2738	甲骨	历史	（一）以食指书空“甲”字。（二）右手食指弯曲，指点左手腕部的骨节处。|https://d.bmcx.com/shouyu/_file/b/2eaf095b703073e7.png
2739	遗址	历史	（一）手指字母“Y”的指式。（二）双手伸食指，指尖相对，作“古城墙”状向两边分开。|https://d.bmcx.com/shouyu/_file/5/462b5329756dfc13.png
2740	墓葬	历史	墓葬 左手伸拇、小指，躺着不动。右手五指张开，掌心向下，盖在左手上面。|https://d.bmcx.com/shouyu/_file/8/c98cf75d4f34eec2.png
2741	碑	历史	双手拇指贴于掌心，其余四指关拢伸直，掌心相对，模仿碑的形状，边向上移，边封口。|https://d.bmcx.com/shouyu/_file/8/2c266396aafbb1d2.png
2742	坟墓	历史	坟墓 左手伸拇、小指，手背向外；右手五指微曲如拱形，置于左手上方。|https://d.bmcx.com/shouyu/_file/0/e88a88620e8787e8.png
2743	汉朝	历史	（一）手指字母“H”的指式。（二）手指字母“CH”的指式。|https://d.bmcx.com/shouyu/_file/d/0b21534a75ed6d1e.png
133	国防	国防公安	（一）一手打手指字母“G”的指式并转一圈。（二）双掌向上直立，掌心向外，在胸前向外推出，表示防御。|https://d.bmcx.com/shouyu/_file/4/95831c3beb2a624e.png
134	进攻	国防公安	双手掌心向下，五指分开，并排向前伸出，象征许多人向前冲。|https://d.bmcx.com/shouyu/_file/8/9646854df9df08d9.png
135	释放	国防公安	双手五指张开，指尖上下相对，象征监狱铁栅栏。然后双手向上分开，表示开放铁栅栏释放犯人。|https://d.bmcx.com/shouyu/_file/f/2b1dc45a80646535.png
136	卫戍	国防公安	（一）同“保镖”手势（右手拇指叉开，食、中指并拢，指尖朝下，贴于腰带处。）（二）一手边迫打另一手背边向旁移动。|https://d.bmcx.com/shouyu/_file/a/f9f92bd263fa55d9.png
137	行军	国防公安	（一）双手直立，掌心向外，五指张开，一前一后，然后一顿一顿向前移动。（二）同“海军”手势（右手平伸，掌心向下，贴于额前。）|https://d.bmcx.com/shouyu/_file/b/35c60cc240ed531c.png
2513	公安	国防公安	（一）双手拇、食指搭成“公”字形。（二）一手平伸，贴于胸前，向下微按。|https://d.bmcx.com/shouyu/_file/f/552479b80f59c0d2.png
2514	战略	国防公安	（一）双手伸出拇、食指，食指尖相对触动几下，模仿用手枪互击的动作。（二）右手握拳，依次伸出食、中、无名、小指。|https://d.bmcx.com/shouyu/_file/f/65db410cd4878679.png
2515	战术	国防公安	（一）同“战略”手势（一）。（二）双手平伸，互拍手背。|https://d.bmcx.com/shouyu/_file/e/59612497439efc22.png
2516	防空	国防公安	（一）双掌向上直立，掌心向外，在胸前向外推出，表示防御。（二）一手伸食指，在头侧前方转动一圈。|https://d.bmcx.com/shouyu/_file/4/39064d68dd4663a3.png
2517	海防	国防公安	（一）双手平伸，掌心向下，往两旁作波浪形移动，动作幅度要大。（二）同“防空”手势（一）。|https://d.bmcx.com/shouyu/_file/4/a36c9a049c12da4a.png
2518	消防	国防公安	（一）双手上举，掌心向外，向前扑下，一手掌压住另一手背，表示“扑灭”“消灭”之意。（二）双手五指微曲，指尖向上交替动几下，象征火焰。|https://d.bmcx.com/shouyu/_file/7/212d67f456459f96.png
2519	后勤	国防公安	（一）一手伸食指，指尖向肩后指。（二）双手武职微曲，掌心向前，往前拍动几下。原意是“帮助”“服务”，引申为“勤务”。|https://d.bmcx.com/shouyu/_file/b/89d7a8ee0b16e067.png
2520	部署	国防公安	（一）手指字母“B”的指式。（二）一手五指撮合，指尖向下，往旁一顿一顿移动几下，表示布置之意。|https://d.bmcx.com/shouyu/_file/3/166f9150df5d0778.png
2521	布置	国防公安	（一）手指字母“B”的指式。（二）一手五指撮合，指尖向下，往旁一顿一顿移动几下，表示布置之意。|https://d.bmcx.com/shouyu/_file/0/17e5de4b24427c63.png
2522	统帅	国防公安	（一）一手微曲在胸前转一圈后用力一握。（二）左手伸出拇指在前。右手五指伸开，围在左手后，同时向前移动，象征“领导”“率领”之意。|https://d.bmcx.com/shouyu/_file/a/d4aae1de4a94cfc7.png
2523	指挥	国防公安	一手伸食指置于胸前，左右挥动几下。|https://d.bmcx.com/shouyu/_file/4/30b5ca015213d433.png
2524	侦察	国防公安	（一）手指字母“ZH”的指式。（二）一手伸食、中指，腕部贴近眼前，指尖左右缓缓转动，表示察看|https://d.bmcx.com/shouyu/_file/1/d8bf99976e86403c.png
2525	包围	国防公安	包围 左手伸出拇、小指，直立不动。右手五指伸开，微曲，围着左手转一圈，象征“包围”。|https://d.bmcx.com/shouyu/_file/9/f9a80860eebb9c94.png
2526	抵抗	国防公安	（一）双手伸出拇、食指，食指对触几下。（二）双手握拳，向前上方挥击。|https://d.bmcx.com/shouyu/_file/b/5505ca00bd6bb88a.png
2527	射击	国防公安	双手作托步枪状，在后的手作勾动枪机动作|https://d.bmcx.com/shouyu/_file/a/59e279964a621d17.png
121	行政	行政管理	（一）手指字母“X”的指式。（二）手指字母“ZH”的指式。|https://d.bmcx.com/shouyu/_file/a/d4796162a44b21e8.png
122	宣誓	行政管理	宣誓 右手握拳向上举起，嘴作讲话状。|https://d.bmcx.com/shouyu/_file/8/a003458425850e8c.png
123	报告	行政管理	一手五指撮合，放于嘴边，然后向前边伸出边放开五指。|https://d.bmcx.com/shouyu/_file/0/64980ba87173e071.png
124	任务	行政管理	任务 右手拇、食指弯曲成“[”形，放在左肩上，然后按动几下。|https://d.bmcx.com/shouyu/_file/f/0f96d089c510cd7f.png
125	取消	行政管理	一手抓住另一手小指，然后向下一甩。|https://d.bmcx.com/shouyu/_file/d/800549884bad230b.png
126	抚恤	行政管理	（一）一手抚摩另一手拇指背面，表示“安慰”“爱抚”。（二）一手拇、食指捏成小圆形，向前移动一下。|https://d.bmcx.com/shouyu/_file/e/82b2b5a6ed3a2041.png
2316	管理	行政管理	（一）一手拍打一下另一肩。（二）双手掌心相对约距一尺，指尖向上，同时向一侧移动。|https://d.bmcx.com/shouyu/_file/2/daf8a6155fd65382.png
2317	筹备	行政管理	双手五指微曲，掌心向下，左右微动几下。|https://d.bmcx.com/shouyu/_file/e/82e1da59c4f72f1a.png
2318	准备	行政管理	一手边拍打另一手背边向旁移动。|https://d.bmcx.com/shouyu/_file/b/b67c081a280d50be.png
2319	会议	行政管理	（一）双手五指微曲，从两侧向中间并拢。（二）一手平伸食指，横于胸前。|https://d.bmcx.com/shouyu/_file/9/7ccb11d948db7a69.png
2320	通知	行政管理	（一）一手五指并拢，指尖向前，从嘴部向前伸出，同时放开五指。（二）一手食指指尖指点一下太阳穴处。|https://d.bmcx.com/shouyu/_file/d/a3e1b637cbdbb163.png
2321	主持	行政管理	（一）一手握拳，伸出拇指，贴于胸前。（二）一手拍一下另一肩。|https://d.bmcx.com/shouyu/_file/4/3f2aad2a9da7dc1e.png
2322	召集	行政管理	（一）双手伸直，指尖向前，同时手指弯动几下，如召唤状。（二）双手五指微曲，从两侧向中间移动，相距半尺停住。|https://d.bmcx.com/shouyu/_file/4/36a61e20bf0bc40a.png
2323	动员	行政管理	（一）双手握拳曲肘，同时在胸前转动几下。（二）双手伸平，掌心向上，同时向上移动，表示“起来”。|https://d.bmcx.com/shouyu/_file/3/5539850befcd88be.png
2324	举行	行政管理	双手先从两侧作弧形向中间移动，然后同时向上抬起。|https://d.bmcx.com/shouyu/_file/9/1461c40d948d60e5.png
2325	参加	行政管理	一手伸直，指尖向上，另一手伸出拇、小指，向伸直的掌心靠拢，表示“加入一个行列”的意思。|https://d.bmcx.com/shouyu/_file/b/3a7162e153850fbb.png
2326	开幕	行政管理	双手伸直并列，掌心向外，慢慢向两侧分开，模拟“拉幕”的动作。|https://d.bmcx.com/shouyu/_file/c/3de3aae588684f77.png
2327	倡议	行政管理	（一）一手食指打另一手拇指，表示“首先”。（二）一手食指从嘴前向外挥出，表示“倡议”。|https://d.bmcx.com/shouyu/_file/f/04bd64a081499a82.png
2328	建议	行政管理	（一）一手食指打另一手拇指，表示“首先”。（二）一手食指从嘴前向外挥出，表示“倡议”。|https://d.bmcx.com/shouyu/_file/1/517f71ac8cab5d12.png
2329	讨论	行政管理	双手食指指尖相对，在嘴边转动几下。|https://d.bmcx.com/shouyu/_file/5/492027b4baf3e918.png
89	家庭	生活	（一）双手指尖搭成“＾”形，表示“家”“房屋”。（二）手指字母“T”的指式。|https://d.bmcx.com/shouyu/_file/1/a72aa867a11dae97.png
90	缝	生活	双手拇、食指相捏，左手不动，右手上下微动，如缝衣服状。|https://d.bmcx.com/shouyu/_file/4/6cef2db20f11eef0.png
91	恩爱	生活	（一）左手拇、小指伸出；右手拇、食指伸出，贴于胸部，然后移向左手，表示对人的一片真心。（二）一手轻轻抚摸另一手拇指指背。|https://d.bmcx.com/shouyu/_file/d/5aa2a03df0a09108.png
92	帮忙	生活	双手掌心向外，拍动两下，表示给人援助、帮助。|https://d.bmcx.com/shouyu/_file/7/048ddc963de66e63.png
1788	生活	生活	（一）手指字母“SH”的指式。（二）一手食指向上，以腕部晃动几圈。|https://d.bmcx.com/shouyu/_file/a/949718f865709642.png
1789	恋爱	生活	（一）双手拇指靠在一起，转动一圈，象征“恋人”。（二）一手伸开，轻抚另一手拇指指背。|https://d.bmcx.com/shouyu/_file/1/e7e0dce39e8de79a.png
1790	对象	生活	双手各打手指字母“X”的指式，由两边向中间靠拢。|https://d.bmcx.com/shouyu/_file/3/85e68a030dc767b5.png
1791	结婚	生活	双手伸拇指，指尖相对，弯曲两下，表示婚礼中新郎新娘相对鞠躬。|https://d.bmcx.com/shouyu/_file/6/a167fd838dde92f5.png
1792	离婚	生活	双手伸拇指，指尖相对，接着向两边分开，象征夫妻双方分离。|https://d.bmcx.com/shouyu/_file/4/7de4d61fc3bde3f3.png
1793	晚婚	生活	（一）一手伸出拇、食指，拇指抵在另一手掌心，食指向下移动，象征时间已迟。（二）双手伸拇指，指尖相对，弯曲两下，表示婚礼中新郎新娘相对鞠躬。|https://d.bmcx.com/shouyu/_file/f/a01d7c7c1a8bc068.png
1794	聚居	生活	（一）双手五指微曲，掌心相对，从两边向中间合拢。（二）双手指尖搭成“＾”形，向下一顿。|https://d.bmcx.com/shouyu/_file/5/218fba7cca7b38ae.png
1795	分居	生活	（一）双手拇、小指直立，从中间向两边分开。（二）双手指尖搭成“＾”形，向下一顿。|https://d.bmcx.com/shouyu/_file/1/272e0484d546444a.png
1796	定居	生活	（一）一手食指向下挥动一下。（二）双手指尖搭成“＾”形，向下一顿。|https://d.bmcx.com/shouyu/_file/4/b5f337ad09533d1f.png
1797	睡觉	生活	一手掌心捂于头侧，头微倾，闭眼，如睡觉状。|https://d.bmcx.com/shouyu/_file/3/a506195556ba346c.png
1798	起身	生活	一手伸拇、小指，先“躺”在另一手掌心中，再“立”起来，表示“起身”。|https://d.bmcx.com/shouyu/_file/1/595c68d60d18d7c3.png
1799	起床	生活	一手伸拇、小指，先“躺”在另一手掌心中，再“立”起来，表示“起身”。|https://d.bmcx.com/shouyu/_file/b/e50f1087963463a2.png
1800	洗脸	生活	一手掌心在脸前转一圈，如洗脸动作。|https://d.bmcx.com/shouyu/_file/d/cf7a61fc5d7c9f64.png
1801	刮脸	生活	一手食指弯曲如钩状，在腮上刮动，如刮脸动作。|https://d.bmcx.com/shouyu/_file/5/4c104a9138a0f05f.png
1802	理发	生活	一手食、中指分开如剪刀，放在头侧，作剪发动作。|https://d.bmcx.com/shouyu/_file/7/cc8cfce86fdebc45.png
1803	洗澡	生活	双手五指分开，掌心贴于胸部，上下交替擦动，如洗澡动作。|https://d.bmcx.com/shouyu/_file/e/be51b1d9e9852658.png
86	劳动	工作	双手握拳，先以左拳打右臂，再以右拳打左臂，表示用手劳动之意。|https://d.bmcx.com/shouyu/_file/b/ee3a480f98b1a351.png
87	报到	工作	（一）一手五指提撮合，放于嘴边，然后向前边伸出边放开五指。（二）一手拇、小指伸出，向前移动，然后一顿。|https://d.bmcx.com/shouyu/_file/1/439b3c27376906cf.png
88	聘用	工作	（一）同“聘请”手势（右手伸拇、小指，置于左掌心上，由外向内移至胸前。）（二）一手向前伸出小臂，五指先张开，然后从前向后微移并收拢五指|https://d.bmcx.com/shouyu/_file/d/3529c3b55c8e3541.png
1742	就业	工作	（一）一手打手指字母“J”的指式，放于另一掌心上。（二）一手食指横放于另一手四指跟部，如“业”字形。|https://d.bmcx.com/shouyu/_file/b/74d2639e0689f7e4.png
1743	工作	工作	双手握拳，上拳打下拳，即“做”手势，引申为“工作”。|https://d.bmcx.com/shouyu/_file/4/10646cb55ffa37a3.png
1744	休息	工作	双手交叉贴于胸前，表示休息之意。|https://d.bmcx.com/shouyu/_file/6/fbc1e4bb5cc7c367.png
1745	休养	工作	双手交叉贴于胸前，表示休息之意。|https://d.bmcx.com/shouyu/_file/7/7013a2446534b7f0.png
1746	业余	工作	（一）一手食指横放于另一手四指跟部，如“业”字形。（二）左掌侧立，掌心向里，右手在左手背拍一下，手指向外。|https://d.bmcx.com/shouyu/_file/a/57afd756a5379e50.png
1747	活动	工作	（一）一手食指向上，以腕部晃动几圈。（二）双手握拳，以肘部交替转动几下。|https://d.bmcx.com/shouyu/_file/5/ba70b68f80b2e313.png
1748	上班	工作	（一）一手食指向上指。（二）双手握拳，上拳打下拳，即“做”手势，引申为“工作”。|https://d.bmcx.com/shouyu/_file/f/9d6fc8b6b479080a.png
1749	下班	工作	（一）一手食指向下指。（二）双手握拳，上拳打下拳，即“做”手势，引申为“工作”。|https://d.bmcx.com/shouyu/_file/b/4215ed09dc0cba05.png
1750	加班	工作	（一）右手拇、食指捏成小圆圈，贴在左掌心上，表示“增加”。（二）双手握拳，上拳打下拳，即“做”手势，引申为“工作”。|https://d.bmcx.com/shouyu/_file/e/e79fba29f9e61375.png
1751	办公	工作	（一）（二）双手拇、食指搭成“公”字形。|https://d.bmcx.com/shouyu/_file/b/2ef18c7eaf1b8e00.png
1752	公出	工作	（一）同“办公”手势（二）。（二）一手伸出拇、小指，向前移动，表示外出。|https://d.bmcx.com/shouyu/_file/9/b27d8b85f7766a60.png
1753	公差	工作	（一）同“办公”手势（二）。（二）一手伸出拇、小指，向前移动，表示外出。|https://d.bmcx.com/shouyu/_file/e/688f150585f06269.png
1754	早退	工作	（一）一手五指互撮，手背向上，缓缓抬起，五指同时放开。（二）一手拇、小指直立，在另一掌心上向后退。|https://d.bmcx.com/shouyu/_file/b/73ddd916400e07a7.png
1755	迟到	工作	（一）一手伸出拇、食指，拇指抵在另一手掌心，食指向下移动，象征时间已迟。（二）一手拇、小指直立，向前移动，表示“到来”。|https://d.bmcx.com/shouyu/_file/6/db225402dd9218b1.png
1756	离休	工作	（一）右手食指贴于左掌心，向外移开，表示“离开”。（二）双手交叉贴于胸前，表示休息之意。|https://d.bmcx.com/shouyu/_file/1/42c87a2233e54934.png
1757	值班	工作	（一）一手拇、食指相距约二寸，在另一手臂上横划一下，表示值班的袖章。（二）双手握拳，上拳打下拳，即“做”手势，引申为“工作”。|https://d.bmcx.com/shouyu/_file/4/710c62f08ccad077.png
1758	退休	工作	（一）一手拇、小指直立，在另一掌心上向后退。（二）双手交叉贴于胸前，表示休息之意。|https://d.bmcx.com/shouyu/_file/0/9085ea99f702de37.png
65	安排	事物的动作	（一）双手平伸，掌心向下，微微按几下。（二）双手五指张开，掌心向下，同时向右侧一顿一顿移动，表示安置。|https://d.bmcx.com/shouyu/_file/a/281dae889b599666.png
66	表述	事物的动作	（一）同“表达”手势（双手伸出拇、食指，从面颊两旁向前推出。）（二）一手食指横于嘴前转动几下。|https://d.bmcx.com/shouyu/_file/f/d67cbb3dac838040.png
67	嘲弄	事物的动作	（一）一手掩住口部，并作讥笑状。（二）双手拇、中、无名指相捏，食、小指伸出，指尖斜向左下方动几下。|https://d.bmcx.com/shouyu/_file/c/9c8c0936441de38e.png
68	撮	事物的动作	一手五指微曲，五指他开向下，然后撮合成尖形。|https://d.bmcx.com/shouyu/_file/d/2e358469b6ead120.png
69	跌	事物的动作	跌 右手伸拇、小指，直立在右手掌心上。然后右手小指向一侧滑出，使右手手腕贴在左手掌心边沿。|https://d.bmcx.com/shouyu/_file/c/eda06597aa415ed3.png
70	俯视	事物的动作	俯视 身体前倾，低头，一手食、中指从眼前向下伸。|https://d.bmcx.com/shouyu/_file/7/b01519540e696c3f.png
71	抬	事物的动作	一手握拳，靠肩平齐，上下微动几下。|https://d.bmcx.com/shouyu/_file/2/36898067669b7b66.png
72	填	事物的动作	双手伸开，掌心向上，同时以两侧向中间移动，并翻掌，使掌心向下。|https://d.bmcx.com/shouyu/_file/1/48530c937e1ca62f.png
73	卷	事物的动作	双手虚握，虎口相对，同时向前转动两下|https://d.bmcx.com/shouyu/_file/9/92eff33643434b2f.png
74	踢	事物的动作	踢 左手拇、食指搭成圆圈，右手伸食、中指朝着左手圆圈作踢球状。|https://d.bmcx.com/shouyu/_file/c/b48cac1d5e41bb0b.png
75	尝	事物的动作	一手拇、食、中指相捏，作捏取食物投向口中状。|https://d.bmcx.com/shouyu/_file/f/8e199e2315b7cc06.png
76	呼唤	事物的动作	双手五指成“└ ┘”形，分别置于嘴边，头从一侧向另一侧转一下，模仿呼喊动作。|https://d.bmcx.com/shouyu/_file/6/12050e295f183b56.png
77	嗑	事物的动作	一手拇、食指相捏，放在嘴边，作嗑瓜子的动作。|https://d.bmcx.com/shouyu/_file/b/54abb97ef8110caf.png
78	录用	事物的动作	（一）左手五指张开伸直；右手拇、食指捏一下左手食指，然后向上一提。（二）一手向前伸出小臂，五指先张开，然后从前向后微移，并收拢五指。|https://d.bmcx.com/shouyu/_file/b/25079d88f9314f65.png
79	挠	事物的动作	一手五指弯曲，在另一手背上抓几下。|https://d.bmcx.com/shouyu/_file/9/b4c3a15302b38fe0.png
80	启示	事物的动作	一）右手打手指字母“Q”的指式，放在太阳穴上。头先略低，再抬起。（二）左手食、中指横伸，手背向外；右手食指在左手中指下边书空“小”字，如“示”字形。|https://d.bmcx.com/shouyu/_file/5/8d9d07bee7fe5eb6.png
81	伸	事物的动作	一手平伸，掌心向上，然后向前伸出，手臂伸直。|https://d.bmcx.com/shouyu/_file/c/29f8455a74263db7.png
82	躺	事物的动作	一手伸出拇、小指，平放在另一手掌心上，手背向下，同时头部朝拇指方向倾斜，如睡觉状。|https://d.bmcx.com/shouyu/_file/8/3e2082ee1a8ab873.png
83	销毁	事物的动作	（一）双手五指微曲，指尖朝上，交替上下动几下，如火苗跳动状。（二）双手五指弯曲并拢，指尖相对，掌心向下，然后向外放开五指。|https://d.bmcx.com/shouyu/_file/6/f2bea0fd6919d343.png
84	造成	事物的动作	（一）双手握拳，上拳打下拳。（二）一手伸出拇指向上举。|https://d.bmcx.com/shouyu/_file/5/2e7d0867fcd49177.png
56	凹	事物的特性	双手拇指与四指搭成“[]”形，然后上而后四指向内作凹进动作，手成“︼”形。|https://d.bmcx.com/shouyu/_file/6/9ef671ac9a06cafa.png
57	褐色	事物的特性	（一）一手打手指字母“H”、“E”的指式。（二）一手四指紧贴嘴唇，指尖轻轻动几下。|https://d.bmcx.com/shouyu/_file/f/fcf948f43962d43d.png
58	炎热	事物的特性	（一）双手微曲，指尖朝上，一上一下，同时动几下。（二）一手五指微张，擦一下前额后向外侧挥动一下。|https://d.bmcx.com/shouyu/_file/4/11e3f5f780913a0c.png
59	低	事物的特性	一手平伸，掌心向下，往下微。|https://d.bmcx.com/shouyu/_file/b/761d0a6f8dff4e95.png
60	坏	事物的特性	一手握拳，向下伸出小指。|https://d.bmcx.com/shouyu/_file/c/dd098d8abaed4703.png
61	多	事物的特性	一手五指伸开、微曲，微微抖动几下。|https://d.bmcx.com/shouyu/_file/7/620954f500f84099.png
62	稠	事物的特性	一手食、中指斜插入另一手握成的半圆形中，慢慢地搅动几下，表示容器中的液体很稀|https://d.bmcx.com/shouyu/_file/5/26698a9de2ad05cc.png
63	热	事物的特性	一手五指微张，自前额向面颊部划动，象征流汗。（可根据实际情况模仿热的状态）|https://d.bmcx.com/shouyu/_file/2/113508c499720a7b.png
64	红	事物的特性	一手打手指字母“H”的指式，并摸摸嘴唇。嘴唇是红色的，以此表示“红”。|https://d.bmcx.com/shouyu/_file/2/53933296ecdb3f28.png
1189	碧绿	事物的特性	（一）手指字母“B”的指式。（二）一手打手指字母“L”、“U”的指示。|https://d.bmcx.com/shouyu/_file/d/71a148d6088a2f54.png
1190	扁	事物的特性	双手拇指与四指相对成“[]”形，指尖相对，然后向下并拢五。|https://d.bmcx.com/shouyu/_file/e/9043e52ff25fb55d.png
1191	瘪	事物的特性	双手拇指与四指相对成“[]”形，指尖相对，然后向下并拢五。|https://d.bmcx.com/shouyu/_file/a/40b94b0e39737343.png
1192	差	事物的特性	一手伸出小指划一个“╳”形。|https://d.bmcx.com/shouyu/_file/0/6c227dda434bb85f.png
1193	劣	事物的特性	一手伸出小指划一个“╳”形。|https://d.bmcx.com/shouyu/_file/3/d0655b10440a0286.png
1194	橙色	事物的特性	（一）左手虚握，指尖朝上；右手沿左手指背向下址，如剥桔子皮状。（二）一手五指分开，在嘴唇处交替动几下。|https://d.bmcx.com/shouyu/_file/2/cd88ad3d105cf6a9.png
1195	炽热	事物的特性	（一）双手食指直立，左手动，右手食指由下往上超过左手，表示温度很高。（二）一手五指微张，擦一下前额后向外侧挥动一下。|https://d.bmcx.com/shouyu/_file/1/fac423c6c98e3e79.png
1196	粗糙	事物的特性	（一）手指字母“C”的指式。（二）右手五指微曲，指尖抵于左手背上，并点两下。|https://d.bmcx.com/shouyu/_file/b/b1144d642050eb46.png
1197	催	事物的特性	催 右手食指伸出在胸前向左挥动几下，同时露出催促别人的表情|https://d.bmcx.com/shouyu/_file/2/9277f87c8f498419.png
1198	摧毁	事物的特性	（一）双手拇、食指相捏，指尖相对，向上掰开。（二）双手伸直，掌心相对，同进相向倒下。|https://d.bmcx.com/shouyu/_file/3/8fc2287393284dec.png
1199	陡峭	事物的特性	陡峭 左手伸拇、食、小指，指尖朝上，手背朝外，如“山”字形；右手侧伸沿左手小指由上而下切一下，表示山峰直上直下。|https://d.bmcx.com/shouyu/_file/0/fbacd367f659f37a.png
54	背面	空间	背面 左手直立，掌心向外，右手食指指一下左手背，然后用手掌摸一下左手背。|https://d.bmcx.com/shouyu/_file/8/76dd14a4fb5ff187.png
55	右	空间	右 左手拍一下右臂，表示右。|https://d.bmcx.com/shouyu/_file/b/77c1a94c16d9bf19.png
1159	边	空间	一手五指并拢，指尖朝下，沿另一平伸的手的小指边缘动一下。|https://d.bmcx.com/shouyu/_file/d/5919ea2d1346149f.png
1160	边缘	空间	（一）同“边”的手势（一手五指并拢，指尖朝下，沿另一平伸的手的小指边缘动一下。）（二）左手不动，右手伸出食指沿左手小指边划动。|https://d.bmcx.com/shouyu/_file/7/8a22bf8e81d7109d.png
1161	侧面	空间	侧面 左手直立，掌心向外，五指并拢；右手直立，掌心贴着左手拇指从上向下动一下。|https://d.bmcx.com/shouyu/_file/8/5fd40da1d806d571.png
1162	对面	空间	（一）双手伸食指，指尖朝上，相距一定距离，置于胸前。（二）一手轻贴一下脸颊部。|https://d.bmcx.com/shouyu/_file/8/8c18efed185a8346.png
1163	附近	空间	双手拇、食指相捏，手背朝外，左手不动，右手向左手连续靠近几次。|https://d.bmcx.com/shouyu/_file/c/726347ed2f10b85b.png
1164	旁边	空间	一手伸食指在另一侧手臂处向外指几下。|https://d.bmcx.com/shouyu/_file/4/bdb19d39ee0eca9b.png
1165	中间	空间	（一）同“中旬”手势（左手拇、食指与右手食指搭成“中”字形。）（二）同“期间”手势（左手直立，手背向外，五指张开；右手食指在左手指缝间指点几下。）|https://d.bmcx.com/shouyu/_file/8/58ca51506d9f8366.png
1166	周围	空间	一手打手指字母“ZH”的指式，绕另一握拳的手一圈。|https://d.bmcx.com/shouyu/_file/b/094b7f16916e578b.png
1167	空间	空间	（一）一手伸食指向上，在头部侧面转动一圈，表示天空。（二）手指字母“J”的指式。|https://d.bmcx.com/shouyu/_file/c/ccd50cf2565f6dc7.png
1168	方向	空间	（一）双手伸拇、食指相搭成方形。（二）一手伸掌，向前伸出，以示方向。|https://d.bmcx.com/shouyu/_file/d/93aa98f4ef46e4c3.png
1169	位	空间	一手握拳伸出拇指，置于另一手掌心上，表示所在的位子。|https://d.bmcx.com/shouyu/_file/3/d8cae3bf963f055a.png
1170	位置	空间	一手握拳伸出拇指，置于另一手掌心上，表示所在的位子。|https://d.bmcx.com/shouyu/_file/b/62f0c331c3a65f11.png
1171	东	空间	东 右手伸掌，指尖指向右边。这是根据地图上北、下南、左东、右西的习惯（如打手语者面对地图）制定的。|https://d.bmcx.com/shouyu/_file/6/e530cb815210678c.png
1172	西	空间	西 右手伸掌，指尖指向左边。|https://d.bmcx.com/shouyu/_file/4/95992d6ff87e63d2.png
1173	南	空间	南 右手伸掌，指尖朝下。|https://d.bmcx.com/shouyu/_file/a/592b80c881eba801.png
1174	北	空间	北 右手伸掌，小臂上举，指尖在头右侧。|https://d.bmcx.com/shouyu/_file/d/d2e9bde43dfbb525.png
1175	上	空间	一手伸食指向上指。|https://d.bmcx.com/shouyu/_file/c/6ddfdd7f2dfe15d5.png
1176	下	空间	一手伸食指向下指。|https://d.bmcx.com/shouyu/_file/7/edb52e7728564764.png
254	首都	行政区划	（一）手指字母“SH”的指式并转一圈。（二）左掌平伸，掌心向上。右手握拳伸出拇指坐于左掌心上。|https://d.bmcx.com/shouyu/_file/7/9407e2d4547e93ee.png
255	内蒙古自治区	行政区划	（一）左手横放，手背向外不动。右手食指指尖向上，放于左掌内并向下移，表示“内”。（二）一手虚握，指尖向下，于额部绕头一圈并放开五指，如蒙族人以布缠头状。|https://d.bmcx.com/shouyu/_file/e/e45f6aa7ba23f839.png
256	福建	行政区划	（一）右手五指分开，贴在胸腹间转一圈。（二）双手五指并拢，指尖向上，从胸部左右向头顶移动，搭成“＾”形。|https://d.bmcx.com/shouyu/_file/3/ceee31193f552cfe.png
257	四川	行政区划	（一）一手食、中、无名、小指指尖分开向上（数目字“4”的手势）。（二）一手中、无名、小指指尖向下，象征“川”字形。|https://d.bmcx.com/shouyu/_file/1/16ab20b84d817faa.png
258	香港特别行政区	行政区划	（一）一手拇、食指相捏，置于鼻下，作嗅闻状，然后移向胸前并伸出拇指，表示香气。（二）左掌侧立不动。右掌平伸，掌心向上，缓慢向左掌靠拢，象征船舶码头。|https://d.bmcx.com/shouyu/_file/e/d0102d81b6378729.png
259	成都	行政区划	一手食、中指并拢，弯曲如钩，置于太阳穴旁，以腕部转动几下。|https://d.bmcx.com/shouyu/_file/3/8c1ad4bb3f754bf8.png
260	海南	行政区划	（一）双手平伸，掌心向下，向两旁作波浪状移动。（二）右手伸平，指尖朝下。（三）一手打手指字母“SH”的指式，并平行转一圈。|https://d.bmcx.com/shouyu/_file/7/075b93e7eb91b915.png
4518	省会	行政区划	（一）手指字母“SH”的指式并转一圈。（二）双手伸食指，指背向上，指尖相对，作“长城”形向两旁分开，象征城垛。|https://d.bmcx.com/shouyu/_file/c/9153b418de0bc0f5.png
4519	省	行政区划	（一）手指字母“SH”的指式并转一圈。（二）双手伸食指，指背向上，指尖相对，作“长城”形向两旁分开，象征城垛。|https://d.bmcx.com/shouyu/_file/6/a01f6e68af646a90.png
4520	城市	行政区划	（一）（二）双手伸食指，指背向上，指尖相对，作“长城”形向两旁分开，象征城垛。（二）手指字母“SH”的指式转一圈。|https://d.bmcx.com/shouyu/_file/5/2b10bed25fd32e68.png
4521	市	行政区划	（一）（二）双手伸食指，指背向上，指尖相对，作“长城”形向两旁分开，象征城垛。（二）手指字母“SH”的指式转一圈。|https://d.bmcx.com/shouyu/_file/6/c044c9c90d08c05c.png
4522	州	行政区划	州 左手食指与右手中、无名、小指搭成“州”字形|https://d.bmcx.com/shouyu/_file/a/dc1bc87e66461e65.png
4523	县	行政区划	手指字母“X”的指式并转一圈。|https://d.bmcx.com/shouyu/_file/c/d1c3de25325acbed.png
4524	区	行政区划	一手打手指字母“Q”的指式并划一个大的“[”形（“区”字的外廓）。|https://d.bmcx.com/shouyu/_file/5/36c90ecc74f6fa9d.png
4525	镇	行政区划	一手打手指字母“ZH”的指式并转一圈。|https://d.bmcx.com/shouyu/_file/7/d7e59addd56786fb.png
4526	村	行政区划	双手相搭成“＾”形（即“家”手势）并转一圈。|https://d.bmcx.com/shouyu/_file/7/9ce17c25983bb590.png
4527	乡	行政区划	一手食指书空“乡”字。|https://d.bmcx.com/shouyu/_file/1/e3625ec9267b6289.png
4528	街道	行政区划	（一）双手相搭成“＾”形，并向旁一顿一顿移动。（二）双掌侧立，掌心相对，同时向前伸出。|https://d.bmcx.com/shouyu/_file/5/f49ed9a62036e8cd.png
4529	里弄	行政区划	一手五指弯曲，另一手伸拇、小指直立，从弯曲的手中穿过。|https://d.bmcx.com/shouyu/_file/0/1c74c8ca18e37685.png
4530	门牌	行政区划	（一）双手并在一起，五指并拢，掌心向外。（二）双手拇、食指相对，相距约两寸，向两旁微拉。|https://d.bmcx.com/shouyu/_file/a/4f258cb07bc1acaa.png
261	世界	洲洋国家名称	世界 左手握拳不动，右手五指张开，微曲，绕左拳转动。|https://d.bmcx.com/shouyu/_file/3/e6adefa29755297a.png
262	菲律宾	洲洋国家名称	菲律宾 左手握拳背向上不动。右手食、中指指尖分开，在空中划一个“？”号，然后中指指尖抵载左券背上。|https://d.bmcx.com/shouyu/_file/5/975cb4a0a36ef3c5.png
263	葡萄牙	洲洋国家名称	葡萄牙 右手伸食指，手背向上，指尖自前额沿鼻尖及嘴至胸部划出一条虚线轮廓。|https://d.bmcx.com/shouyu/_file/f/38c95a256d4070a1.png
264	秘鲁	洲洋国家名称	秘鲁 右手食、中指伸出，指尖朝上，其他三指弯曲相捏，置于头顶右后部位。（此为国际手语）|https://d.bmcx.com/shouyu/_file/3/1f554646f8160841.png
265	智利	洲洋国家名称	智利 右手拇、食指相捏，其他三指叉开伸直，置于左胸部。（此为国际手语）|https://d.bmcx.com/shouyu/_file/6/8f6d203298b06d2f.png
4651	亚洲	洲洋国家名称	手指字母“A”的手势，由左上向右下至右腰部划弧线（取“Asia”字头）。|https://d.bmcx.com/shouyu/_file/c/847f928383db7cef.png
4652	欧洲	洲洋国家名称	欧洲 右手拇指与四指虚捏，右拳在左肩部胸前，由左上肩至右下腹划两个圆弧形。|https://d.bmcx.com/shouyu/_file/d/7ab1525d00d58685.png
4653	非洲	洲洋国家名称	一手伸开，五指张开，掌心贴在前额，由上而下移动。|https://d.bmcx.com/shouyu/_file/c/5e805eae2ee46445.png
4654	南美洲	洲洋国家名称	（一）右手伸掌，五指并拢，指尖在胸腹部向下指。（二）右手四指并拢，手背向上，弯曲如“┌”形，置于右肩部，向下作弧形移动。|https://d.bmcx.com/shouyu/_file/a/2cbcaae092db6d43.png
4655	北美洲	洲洋国家名称	（一）右手伸掌，五指并拢，指尖在头部右侧向上指。（二）右手四指并拢，手背向上，弯曲如“┌”形，置于右肩部，向下作弧形移动。|https://d.bmcx.com/shouyu/_file/e/83b18f47819ec3e6.png
4656	大洋州	洲洋国家名称	大洋州 右手拇、食指捏成小圆圈，虎口贴在左肩部向右腰部划弧线。|https://d.bmcx.com/shouyu/_file/4/dd9746ff1a80749a.png
4657	太平洋	洲洋国家名称	（一）一手食指书空“太”字。（二）双手并排，掌心向下，同时向两旁展开。（三）双手平伸，掌心向下，向两旁作波浪形移动，动作幅度要大。|https://d.bmcx.com/shouyu/_file/5/9fc8f6ceced20e86.png
4658	印度洋	洲洋国家名称	（一）一手握拳伸拇指，指尖抵于眉心处。（二）双手平伸，掌心向下，向两旁作波浪形移动，动作幅度要大。|https://d.bmcx.com/shouyu/_file/3/852913e525ea6aa1.png
4659	大西洋	洲洋国家名称	（一）一手食指书空“大”字。（二）右手伸直，五指并拢，指向左方。（三）双手平伸，掌心向下，向两旁作波浪形移动，动作幅度要大。|https://d.bmcx.com/shouyu/_file/e/8624363389f9a83c.png
4660	北冰洋	洲洋国家名称	（一）右手伸掌，五指并拢，在头部右侧向上指。（二）双手先握拳，在胸前微微抖动。然后双手四指在上，拇指在下，相距约一寸，相对不动。（三）双手平伸，掌心向下，向两旁作波浪形移动，动作幅度要大。|https://d.bmcx.com/shouyu/_file/1/a492aa25a9d2e17a.png
4661	中国	洲洋国家名称	一手伸食指，自咽喉布向下顺肩胸部至右腰部划一条线（此是中国旧式服装“长衫”的前襟线，所以以此表示中国）。|https://d.bmcx.com/shouyu/_file/2/8b8521fc72c770a9.png
4662	蒙古	洲洋国家名称	一手食、中指与拇指虚撮（如持布带），绕额、头部转一圈，然后指尖向下，放开五指，模仿蒙古人以布带缠头动作。|https://d.bmcx.com/shouyu/_file/7/0e75da79ddf99f80.png
4663	日本	洲洋国家名称	双手伸食指，在胸部两侧向上移动，两指搭成“＾”形。|https://d.bmcx.com/shouyu/_file/3/9bb0d4efacc0b7af.png
4664	朝鲜	洲洋国家名称	朝鲜 右手指尖分开，自额部作弧形想头侧部下移（根据该国习惯手势）。|https://d.bmcx.com/shouyu/_file/9/8f5fc9b776aa742b.png
4665	越南	洲洋国家名称	一手伸食，中指，掌心向外，指尖向上分开，置于太阳穴旁（根据该国习惯手势）。|https://d.bmcx.com/shouyu/_file/7/3abf2c86805b7902.png
142	民族	民族	（一）双手食指搭成“人”字形并转一圈。（二）一手五指指尖向上，先张开后撮合，表示一个组合的单位。|https://d.bmcx.com/shouyu/_file/0/ad1b8f2520e3d2ca.png
143	仡佬族	民族	（一）手指字母“G”、“L”的指式。（二）同“阿昌族”手势（一手五指指尖朝上，先张开后撮合。）|https://d.bmcx.com/shouyu/_file/1/b3f9ca339447ed07.png
144	乌孜别克族	民族	（一）手指字母“W”、“Z”、“B”、“K”的指式。（二）同“阿昌族”手势（一手五指指尖朝上，先张开后撮合。）|https://d.bmcx.com/shouyu/_file/2/5c20a399771cfd1b.png
2648	汉族	民族	（一）手指字母“H”的指式。（二）一手五指指尖向上，先张开后撮合，表示一个组合的单位。|https://d.bmcx.com/shouyu/_file/a/2ce35953c24aa280.png
2649	蒙族	民族	（一）手指字母“M”的指式。（二）一手五指指尖向上，先张开后撮合，表示一个组合的单位。|https://d.bmcx.com/shouyu/_file/6/9f97a9f277bf0a1e.png
2650	蒙古族	民族	（一）手指字母“M”的指式。（二）一手五指指尖向上，先张开后撮合，表示一个组合的单位。|https://d.bmcx.com/shouyu/_file/3/778434fbe30c5817.png
2651	满族	民族	（一）手指字母“M”“N”的指式。（二）一手五指指尖向上，先张开后撮合，表示一个组合的单位。|https://d.bmcx.com/shouyu/_file/0/51f7c44d6ef7b0a0.png
2652	藏族	民族	（一）手指字母“Z”的指式。（二）一手五指指尖向上，先张开后撮合，表示一个组合的单位。|https://d.bmcx.com/shouyu/_file/3/6607619a2f747152.png
2653	回族	民族	（一）手指字母“H”“I”的指式。（二）一手五指指尖向上，先张开后撮合，表示一个组合的单位。|https://d.bmcx.com/shouyu/_file/a/0b1b5b9561bc96a7.png
2654	苗族	民族	（一）手指字母“M”“O”的指式。（二）一手五指指尖向上，先张开后撮合，表示一个组合的单位。|https://d.bmcx.com/shouyu/_file/5/25cb6b85557135c6.png
2655	壮族	民族	（一）手指字母“ZH”的指式。（二）一手五指指尖向上，先张开后撮合，表示一个组合的单位。|https://d.bmcx.com/shouyu/_file/0/731a540d5122616a.png
2656	维吾尔族	民族	（一）手指字母“W”的指式。（二）一手五指指尖向上，先张开后撮合，表示一个组合的单位。|https://d.bmcx.com/shouyu/_file/8/ff8dec204c37797a.png
2657	阿昌族	民族	（一）手指字母“A”的指式。（二）手指字母“CH”的指式。（三）一手五指指尖朝上，先张开后撮合。|https://d.bmcx.com/shouyu/_file/1/9fce7f951c22b72d.png
2658	布朗族	民族	（一）手指字母“B”、“L”的指式。（二）同“阿昌族”手势（一手五指指尖朝上，先张开后撮合。）|https://d.bmcx.com/shouyu/_file/1/5fb1025aa2d45366.png
2659	朝鲜族	民族	（一）右手指尖分开，身额部向头侧部作弧形下移。（二）同“阿昌族”手势（一手五指指尖朝上，先张开后撮合。）|https://d.bmcx.com/shouyu/_file/a/894d47ade3454a72.png
2660	达翰尔族	民族	（一）手指字母“D、”“W”、“E”的指式。（二）同“阿昌族”手势（一手五指指尖朝上，先张开后撮合。）|https://d.bmcx.com/shouyu/_file/9/55bfc0745b9fdd79.png
2661	傣族	民族	（一）一手打手指字母“D”的指式。（二）同“阿昌族”手势（一手五指指尖朝上，先张开后撮合。）|https://d.bmcx.com/shouyu/_file/d/1abc4492f7cc5af5.png
2662	德昂族	民族	（一）手指字母“D”、“A”的指式。（二）同“阿昌族”手势（一手五指指尖朝上，先张开后撮合。）|https://d.bmcx.com/shouyu/_file/6/4c848349be423983.png
2663	侗族	民族	（一）左手拇、食指成“亻”形，右手食指书空“同”字，组成“侗”字形。（二）同“阿昌族”手势（一手五指指尖朝上，先张开后撮合。）|https://d.bmcx.com/shouyu/_file/2/549674fd2bc798bd.png
2664	俄罗斯族	民族	（一）左手食指横伸，手背向上，贴在下颏，并向右手平行移动。（二）同“阿昌族”手势（一手五指指尖朝上，先张开后撮合。）|https://d.bmcx.com/shouyu/_file/f/cfe81f1f9023e6b5.png
346	自己	称谓	一手伸食指，指尖向上，贴于胸前。|https://d.bmcx.com/shouyu/_file/c/35bb113d4c11b62d.png
347	个人	称谓	一手伸食指，指尖向上，贴于胸前。|https://d.bmcx.com/shouyu/_file/f/4de9fbf02a7cc79c.png
348	大家	称谓	一手掌心向下，在胸前平行转一圈。|https://d.bmcx.com/shouyu/_file/d/a80ba7c14c152502.png
349	谁	称谓	一手伸食指，指尖向上，在肩前摇动。|https://d.bmcx.com/shouyu/_file/c/635b5a0aa6dbc2f2.png
350	某人	称谓	（一）一手伸食指，指尖向上，左右微动。（二）双手食指搭成“人”字形。|https://d.bmcx.com/shouyu/_file/4/772f0e94e1573c95.png
351	女	称谓	一手拇、食指捏耳垂，象征耳环，泛指妇女|https://d.bmcx.com/shouyu/_file/9/5e71cf8b367b483c.png
352	姑娘	称谓	一手拇、食指捏耳垂，象征耳环，泛指妇女（凡女性均用此手势）。|https://d.bmcx.com/shouyu/_file/2/0ebbbf2b1a819fe2.png
353	婴儿	称谓	双手掌心向内，一上一下，虚置胸前，作抱婴儿状。|https://d.bmcx.com/shouyu/_file/c/de9a70dee89cf0ac.png
354	小孩	称谓	一手平伸，掌心向下，在胸前向下微按（根据小孩、儿童、少年不同身高而决定手的高低）|https://d.bmcx.com/shouyu/_file/e/aa8f19a8fad4cec1.png
355	儿童	称谓	一手平伸，掌心向下，在胸前向下微按（根据小孩、儿童、少年不同身高而决定手的高低）|https://d.bmcx.com/shouyu/_file/d/fcfa7ef1ad49f2ae.png
356	老人	称谓	（一）一手在颏下作捋胡须动作，以长胡须来表示老。（二）双手食指搭成“人”字形。|https://d.bmcx.com/shouyu/_file/b/20abfd4fe655e6c8.png
357	残疾人	称谓	（一）（二）一手连打手指字母“C”“J”两个指式。（三）双手食指搭成“人”字形。|https://d.bmcx.com/shouyu/_file/a/0751887f17c46b74.png
358	聋人	称谓	（一）一手伸食、中指，贴于耳部，表示耳聋。（二）双手食指搭成“人”字形。|https://d.bmcx.com/shouyu/_file/9/5c5ac3d02769988c.png
359	盲人	称谓	（一）一手食、中指伸直并分开，贴于左右眼部，表示双目失明。（二）双手食指搭成“人”字形。|https://d.bmcx.com/shouyu/_file/8/cf718d99ce071e3a.png
360	失明	称谓	一手食、中指伸直并分开，贴于左右眼部，表示双目失明()|https://d.bmcx.com/shouyu/_file/0/7680abb753ad1dbf.png
361	肢残人	称谓	（一）右手伸掌，划以下左臂。（二）双手食指搭成“人”字形。|https://d.bmcx.com/shouyu/_file/f/fd219dd87fea34b8.png
362	智力	称谓	一手食指指前额,象征智力()|https://d.bmcx.com/shouyu/_file/5/311ab8abae92a4fb.png
363	智障	称谓	（一)一手伸拇、小指，直立于另一手掌心上,左右微动,表示弱。（二）一手食指指前额,象征智力。(,2)|https://d.bmcx.com/shouyu/_file/6/4808e4cd782bc969.png
364	健全人	称谓	（一）一手以拇指指耳部，再指口部，表示健全。（二）双手食指搭成“人”字形。|https://d.bmcx.com/shouyu/_file/1/fbff5648abe486c4.png
365	健全	称谓	一手以拇指指耳部，再指口部，表示健全。()|https://d.bmcx.com/shouyu/_file/0/6b907d8c21558dc2.png
366	家属	称谓	（一）双手斜伸，指尖相对，搭成“＾”形。（二）一手五指分开，然后逐个弯曲，表示各个家属成员。|https://d.bmcx.com/shouyu/_file/2/ef0fbff8b51fffea.png
367	亲戚	称谓	（一）双手横伸胸前，掌心向内，一前一后，后掌向前靠贴，表示亲近之意。（二）手指字母“Q”的指式。|https://d.bmcx.com/shouyu/_file/7/42c8f92891727026.png
368	亲属	称谓	（一）双手横伸胸前，掌心向内，一前一后，后掌向前靠贴，表示亲近之意。（二）手指字母“Q”的指式。|https://d.bmcx.com/shouyu/_file/e/68719fc2d03096e9.png
369	祖父	称谓	（一）手指字母“Z”的指式。（二）一手伸拇指贴在嘴唇上。|https://d.bmcx.com/shouyu/_file/c/fabba410d9289969.png
370	爷爷	称谓	（一）手指字母“Z”的指式。（二）一手伸拇指贴在嘴唇上。|https://d.bmcx.com/shouyu/_file/0/545a579f296f332a.png
371	奶奶	称谓	（一）手指字母“Z”的指式。（二）一手伸食指贴在嘴唇上。|https://d.bmcx.com/shouyu/_file/e/1e4f36d14e5a0d32.png
372	祖母	称谓	（一）手指字母“Z”的指式。（二）一手伸食指贴在嘴唇上。|https://d.bmcx.com/shouyu/_file/3/14f5fef2119acf08.png
373	爸爸	称谓	一手伸拇指贴在嘴唇上。|https://d.bmcx.com/shouyu/_file/3/8525546f6d3e52c2.png
374	妈妈	称谓	一手伸食指贴在嘴唇上。|https://d.bmcx.com/shouyu/_file/d/3a4fc3ca2d996c5a.png
375	外祖父	称谓	（一）左手横伸，掌心向内，右手食指在左掌背外向下指。（二）手指字母“Q”的指式。（三）一手伸拇指贴在嘴唇上。|https://d.bmcx.com/shouyu/_file/8/b3bfda1d413b5588.png
376	外公	称谓	（一）左手横伸，掌心向内，右手食指在左掌背外向下指。（二）手指字母“Q”的指式。（三）一手伸拇指贴在嘴唇上。|https://d.bmcx.com/shouyu/_file/e/5987f559ada54bcc.png
377	外祖母	称谓	（一）同“外祖父”手势（一）（二）手指字母“Z”的指式。（三）一手伸食指贴在嘴唇上。|https://d.bmcx.com/shouyu/_file/2/eb34bedb64b1d8df.png
378	伯父	称谓	（一）手指字母“B”的指式。（二）一手伸拇指贴在嘴唇上。|https://d.bmcx.com/shouyu/_file/0/47dd8920cf45e2af.png
379	伯母	称谓	（一）手指字母“B”的指式。（二）一手伸食指贴在嘴唇上。|https://d.bmcx.com/shouyu/_file/7/4487a75a647681fc.png
380	叔父	称谓	（一）手指字母“SH”的指式。（二）一手伸拇指贴在嘴唇上。|https://d.bmcx.com/shouyu/_file/f/da5b6efa8cb06b8e.png
381	婶母	称谓	（一）手指字母“SH”的指式。（二）一手伸拇指贴在嘴唇上。|https://d.bmcx.com/shouyu/_file/2/60f1f184f6a02cb8.png
382	婶婶	称谓	（一）手指字母“SH”的指式。（二）一手伸拇指贴在嘴唇上。|https://d.bmcx.com/shouyu/_file/0/428c63ce081369b1.png
383	婶	称谓	（一）手指字母“SH”的指式。（二）一手伸拇指贴在嘴唇上。|https://d.bmcx.com/shouyu/_file/0/4e91bd7c1ebf164a.png
384	婶子	称谓	（一）手指字母“SH”的指式。（二）一手伸拇指贴在嘴唇上。|https://d.bmcx.com/shouyu/_file/3/ba613d53bbde4473.png
385	姑父	称谓	（一）手指字母“G”的指式。（二）一手伸食指贴在嘴唇上。|https://d.bmcx.com/shouyu/_file/3/9346a54d46303ec8.png
386	姑母	称谓	（一）手指字母“G”的指式。（二）一手伸食指贴在嘴唇上|https://d.bmcx.com/shouyu/_file/7/96aadaa7b06cbfc7.png
387	姑	称谓	（一）手指字母“G”的指式。（二）一手伸食指贴在嘴唇上。|https://d.bmcx.com/shouyu/_file/6/8b09689577742268.png
388	姑姑	称谓	（一）手指字母“G”的指式。（二）一手伸食指贴在嘴唇上。|https://d.bmcx.com/shouyu/_file/2/1b0904360488fc23.png
389	舅父	称谓	（一）手指字母“J”的指式。（二）一手伸拇指贴在嘴唇上（如连打两下“J”指式，即表示舅舅。|https://d.bmcx.com/shouyu/_file/6/806479f8adef5bb7.png
390	舅舅	称谓	（一）手指字母“J”的指式。（二）一手伸拇指贴在嘴唇上（如连打两下“J”指式，即表示舅舅。|https://d.bmcx.com/shouyu/_file/7/8ed7fe1a1727b5ea.png
391	舅	称谓	（一）手指字母“J”的指式。（二）一手伸拇指贴在嘴唇上（如连打两下“J”指式，即表示舅舅。|https://d.bmcx.com/shouyu/_file/0/5fe3d5166fdf7cfe.png
392	舅母	称谓	（一）手指字母“J”的指式。（二）一手伸食指贴在嘴唇上。|https://d.bmcx.com/shouyu/_file/d/c0fb498d28a94a3f.png
393	姨母	称谓	（一）手指字母“Y”的指式。（二）一手伸食指贴在嘴唇上。|https://d.bmcx.com/shouyu/_file/c/40d02e8f8fab087b.png
394	岳父	称谓	一）双手伸拇、食指，指尖相对，作弧形分向左右下移，如半弦月之状。（二）一手伸拇指贴在嘴唇上。|https://d.bmcx.com/shouyu/_file/a/44e770e68b529be5.png
395	岳母	称谓	（一）双手伸拇、食指，指尖相对，作弧形分向左右下移，如半弦月之状。（二）一手伸食指贴在嘴唇上。|https://d.bmcx.com/shouyu/_file/c/5b9aa0114cd6347f.png
396	哥哥	称谓	一手先伸中指贴于嘴唇上；再改伸掌直立，在头侧自后向前挥动，即“男”手势。|https://d.bmcx.com/shouyu/_file/1/7c90e855c70a2b36.png
397	哥	称谓	一手先伸中指贴于嘴唇上；再改伸掌直立，在头侧自后向前挥动，即“男”手势。|https://d.bmcx.com/shouyu/_file/c/5a3ee08b315f3909.png
398	嫂嫂	称谓	（一）一手先伸中指贴于嘴唇上；再改伸掌直立，在头侧自后向前挥动，即“男”手势。（二）一手拇、食指捏耳垂，象征耳环，泛指妇女。|https://d.bmcx.com/shouyu/_file/c/fa9628df119beb79.png
399	嫂	称谓	（一）一手先伸中指贴于嘴唇上；再改伸掌直立，在头侧自后向前挥动，即“男”手势。（二）一手拇、食指捏耳垂，象征耳环，泛指妇女。|https://d.bmcx.com/shouyu/_file/2/16d42fe452e398e2.png
400	嫂子	称谓	（一）一手先伸中指贴于嘴唇上；再改伸掌直立，在头侧自后向前挥动，即“男”手势。（二）一手拇、食指捏耳垂，象征耳环，泛指妇女。|https://d.bmcx.com/shouyu/_file/e/8e6b6d6efec1f941.png
401	姐姐	称谓	一手先伸中指贴于嘴唇上，然后改以拇、食指捏耳垂。|https://d.bmcx.com/shouyu/_file/e/655c49a217318d98.png
402	姐	称谓	一手先伸中指贴于嘴唇上，然后改以拇、食指捏耳垂。|https://d.bmcx.com/shouyu/_file/8/974d663e303fad83.png
403	姐夫	称谓	（一）一手先伸中指贴于嘴唇上，然后改以拇、食指捏耳垂。（二）一手直立，五指并拢在头侧自后向前挥动，以“短发”表示男子。|https://d.bmcx.com/shouyu/_file/e/84eb1c33628f1cf8.png
404	弟弟	称谓	一手先以小指贴于嘴唇上，再打“男”手势。|https://d.bmcx.com/shouyu/_file/e/b8a32addff1f4464.png
405	弟	称谓	一手先以小指贴于嘴唇上，再打“男”手势。|https://d.bmcx.com/shouyu/_file/5/c05e6d883c35c719.png
406	妹妹	称谓	（一）双手横伸胸前，掌心向内，一前一后，后掌向前靠贴，表示亲近之意。（二）手指字母“Q”的指式。|https://d.bmcx.com/shouyu/_file/8/28134bbe26fde0ad.png
407	妹	称谓	（一）双手横伸胸前，掌心向内，一前一后，后掌向前靠贴，表示亲近之意。（二）手指字母“Q”的指式。|https://d.bmcx.com/shouyu/_file/6/f493b5811955b131.png
408	妹子	称谓	（一）双手横伸胸前，掌心向内，一前一后，后掌向前靠贴，表示亲近之意。（二）手指字母“Q”的指式。|https://d.bmcx.com/shouyu/_file/c/aaa37af434477919.png
409	表哥	称谓	（一）手指字母“B”的指式。（二）同“哥哥”手势（表弟、表姐、表妹等手势以此类推，从略）。|https://d.bmcx.com/shouyu/_file/8/2ea5b517f7c5e4e5.png
410	表弟	称谓	（一）手指字母“B”的指式。（二）同“弟弟”手势（表弟、表姐、表妹等手势以此类推，从略）。()|https://d.bmcx.com/shouyu/_file/8/cb09741d6792b75c.png
411	表姐	称谓	（一）手指字母“B”的指式。()（二）同“姐姐”手势|https://d.bmcx.com/shouyu/_file/1/ae54df9baf5dc1cc.png
412	儿子	称谓	（一）同“男”手势。（二）同“小孩”手势。|https://d.bmcx.com/shouyu/_file/2/f4b2acbe66983a78.png
413	男孩	称谓	（一）同“男”手势。（二）同“小孩”手势。|https://d.bmcx.com/shouyu/_file/5/375d54b81ffe86b4.png
414	女儿	称谓	（一）同“女”手势。（二）同“小孩”手势。|https://d.bmcx.com/shouyu/_file/f/77e3a8b9352ed8be.png
415	女孩	称谓	（一）同“女”手势。（二）同“小孩”手势。|https://d.bmcx.com/shouyu/_file/9/194a9c0882d534cc.png
416	外甥	称谓	（一）左手横伸，掌心向内，右手食指在左掌背外向下指。（二）手指字母“SH”的指式。|https://d.bmcx.com/shouyu/_file/3/dc061ec2d6c101ce.png
417	侄子	称谓	（一）手指字母“ZH”的指式。（二）同“小孩”手势（如为侄女，可换一个“女”的手势。|https://d.bmcx.com/shouyu/_file/5/8887cbf94292177f.png
418	侄女	称谓	（一）手指字母“ZH”的指式。()（二）同“女”的手势。|https://d.bmcx.com/shouyu/_file/7/1a124975693b7623.png
419	孙子	称谓	（一）手指字母“S”的指式。（二）同“男”手势。|https://d.bmcx.com/shouyu/_file/f/55a8190386068e96.png
420	孙女	称谓	（一）手指字母“S”的指式。（二）同“女”手势。|https://d.bmcx.com/shouyu/_file/6/bb28316b6175b3e6.png
421	丈夫	称谓	（一）双手伸拇指，相对弯曲两下。（二）同“男”手势。|https://d.bmcx.com/shouyu/_file/9/8cc237ae8cc40912.png
422	妻子	称谓	（一）双手伸拇指，相对弯曲两下。（二）同“女”手势。|https://d.bmcx.com/shouyu/_file/6/f74d495a157b4e74.png
423	女婿	称谓	（一）手指字母“SH”的指式。（二）一手伸拇指贴在嘴唇上。|https://d.bmcx.com/shouyu/_file/5/788a77892cec6842.png
424	老婆	称谓	老婆 同"妻子"（一）双手伸拇指，相对弯曲两下。（二）同“女”手势。|https://d.bmcx.com/shouyu/_file/5/b938521f61a236fa.png
425	媳妇	称谓	（一）手指字母“X”的指式。（二）同“女”手势。|https://d.bmcx.com/shouyu/_file/e/d9bf602701b92f82.png
426	同志	称谓	一手伸食、中指，手背向上，在胸前平行挥动两下。|https://d.bmcx.com/shouyu/_file/4/b95b15487ce2ea5c.png
427	同事	称谓	（一）手指字母“J”的指式。（二）一手伸拇指贴在嘴唇上（如连打两下“J”指式，即表示舅舅。|https://d.bmcx.com/shouyu/_file/3/1f34f0547adb8fb1.png
428	同学	称谓	（一）同“同志”手势。（二）双手伸掌，掌心向内，方于胸前，如读书状。|https://d.bmcx.com/shouyu/_file/8/582ad4269be9cba0.png
429	同胞	称谓	（一）同“同志”手势。（二）双手伸拇指，互相靠紧并左右微动。|https://d.bmcx.com/shouyu/_file/d/244a73f12563ce53.png
430	乡亲	称谓	（一）双手五指弯曲，一前一后，来回爬动，如用耙耙田之状。（二）双手伸拇指互碰几下。|https://d.bmcx.com/shouyu/_file/c/f7760c6d50935d04.png
431	朋友	称谓	双手伸拇指互碰几下，表示友谊。|https://d.bmcx.com/shouyu/_file/7/56fc20591abccceb.png
432	友谊	称谓	双手伸拇指互碰几下，表示友谊。|https://d.bmcx.com/shouyu/_file/8/973227889a0c789d.png
433	师傅	称谓	（一）一手伸拇指贴于胸前，表示师长、长辈之意。（二）手指字母“F”的指式。|https://d.bmcx.com/shouyu/_file/8/4d03fa7db4fd0e68.png
434	徒弟	称谓	徒弟 左手伸拇指，象征师傅。右手小指靠在左手拇指背面，象征向师傅学习的徒弟。|https://d.bmcx.com/shouyu/_file/f/fa3faae2e9a2fb12.png
435	先生	称谓	一手伸拇指，贴于胸前，表示尊敬。|https://d.bmcx.com/shouyu/_file/e/3fa873e94bfba988.png
436	女士	称谓	（一）同“女”手势。（二）一手食指书空“士”字。|https://d.bmcx.com/shouyu/_file/8/25840e0d4bcac1ed.png
437	华侨	称谓	（一）一手五指撮合，指尖向上，向上移并方开五指。（二）双手食、中指微曲，指尖相对，向两边拉开。象征“桥”（“桥”和“侨”同音，此处借用）。|https://d.bmcx.com/shouyu/_file/e/86825fd1b41af593.png
438	归侨	称谓	（一）右手伸直，左手伸食指，在一段距离外向右掌心靠拢，表示侨民归来。（二）同“华侨”手势。|https://d.bmcx.com/shouyu/_file/6/877781924cb90199.png
439	侨眷	称谓	（一）同“华侨”手势。（二）一手五指分开，然后逐个弯曲。|https://d.bmcx.com/shouyu/_file/9/602684afe5f4faa4.png
440	英雄	称谓	（一）双手伸拇指置于胸前，一手不动，一手向上移动。表示受尊敬的人。（二）一手虚握，手背贴于胸前，然后放开五指，象征光荣花。|https://d.bmcx.com/shouyu/_file/0/b5b575debf8cc432.png
441	模范	称谓	（一）双手伸拇指置于胸前，一手不动，一手向上移动。表示受尊敬的人。（二）一手虚握，手背贴于胸前，然后放开五指，象征光荣花。|https://d.bmcx.com/shouyu/_file/2/97384a29a2bd54b2.png
442	楷模	称谓	（一）双手伸拇指置于胸前，一手不动，一手向上移动。表示受尊敬的人。（二）一手虚握，手背贴于胸前，然后放开五指，象征光荣花。|https://d.bmcx.com/shouyu/_file/9/3ef24e9517645a3d.png
443	烈士	称谓	（一）一手握拳向上举，表示“革命”。（二）一手伸拇、小指，先直立再倒下，表示“牺牲”。|https://d.bmcx.com/shouyu/_file/3/cd63e55b69ca9650.png
444	烈属	称谓	（一）同“烈士”手势。（二）一手五指分开，然后逐个弯曲。|https://d.bmcx.com/shouyu/_file/6/af95f2b19d8c890c.png
445	军属	称谓	（一）右手平伸，掌心向下、食指贴于前额，象征军帽帽檐。（二）一手五指分开，然后逐个弯曲。|https://d.bmcx.com/shouyu/_file/8/83c3a9cb17387de9.png
446	阿姨	称谓	（1）手指字母“A”的指式。（2）手指字母“Y”的指式。|https://d.bmcx.com/shouyu/_file/5/9a248649e228ab33.png
447	宝贝	称谓	（一）一手虚握，然后甩腕，五指张开，掌心向下。（二）左手伸出指拇，手背向外；右手轻拍几下左手背。|https://d.bmcx.com/shouyu/_file/9/5387a1d2c2973835.png
448	保姆	称谓	（一）双手掌心向外，微按两下，表示帮助、保护之意。（二）一手伸食指，贴在嘴唇上。|https://d.bmcx.com/shouyu/_file/b/22690286c8dcb696.png
449	辈	称谓	一手拇、食指相捏，拇指贴在嘴唇上，边向下移动边伸出食指，以示先后之分。|https://d.bmcx.com/shouyu/_file/c/1ce16ad5a7256e78.png
450	别人	称谓	（一）一手食指指向侧方第三者。（二）双手食指搭成“人”字形。|https://d.bmcx.com/shouyu/_file/7/2b4997bc78563e0a.png
451	乘客	称谓	（一）一手伸出拇、小指坐于另一掌心上，向前平移一下。（二）双手掌心向上，同时向一侧移动一下。|https://d.bmcx.com/shouyu/_file/0/75c85a207987b423.png
452	成年人	称谓	（一）一手平伸，掌心向下，往上缓慢移动，表示长大。（二）双手食指搭成“人”字形。|https://d.bmcx.com/shouyu/_file/3/48adbb1d3933e0c6.png
453	大人	称谓	（一）一手平伸，掌心向下，往上缓慢移动，表示长大。（二）双手食指搭成“人”字形。|https://d.bmcx.com/shouyu/_file/2/4439ed6bb6e6a000.png
454	东道主	称谓	（一）右手伸直，指尖指向右边。（二）双手侧伸，掌心相对，相距约20厘米，向前方伸出。（三）一手伸拇指贴于胸前。|https://d.bmcx.com/shouyu/_file/9/081deebf00031a14.png
455	恩人	称谓	（一）左手拇、小指伸出；右手拇、食指伸出置于胸部，然后移向左手。（二）双手食指搭成“人”字形。|https://d.bmcx.com/shouyu/_file/7/0342dc1e3f82439c.png
456	副手	称谓	（一）左手伸拇、食指；右手食指点一下左手食指。（二）一手拍另一手背。|https://d.bmcx.com/shouyu/_file/2/68bd8ac08e47c0d1.png
457	夫人	称谓	（一）双手五指弯曲，一前一后，来回爬动，如用耙耙田之状。（二）双手伸拇指互碰几下。|https://d.bmcx.com/shouyu/_file/2/72cc31af7688eef1.png
458	太太	称谓	（一）双手五指弯曲，一前一后，来回爬动，如用耙耙田之状。（二）双手伸拇指互碰几下。|https://d.bmcx.com/shouyu/_file/0/79555f7d9d4915d6.png
459	公仆	称谓	（一）双手拇、食指搭成“公”字形。（二）手指字母“P”的指式。|https://d.bmcx.com/shouyu/_file/1/de420f70ffd0945f.png
460	公公	称谓	双手拇、食指搭成“公”字形，重复两次。|https://d.bmcx.com/shouyu/_file/f/290351439c2896c6.png
461	功臣	称谓	（一）左手拇、食指捏成小圆圈；右手指尖抵于小圆圈上端，贴于胸前。（二）双手食指搭成“人”字形。|https://d.bmcx.com/shouyu/_file/5/1ecbb748eba8f039.png
462	孤儿	称谓	（一）一手伸食指，指尖朝上贴于胸前，再向下微微划动一下。（二）一手平伸，掌心向下，在胸前向下微按。|https://d.bmcx.com/shouyu/_file/c/f6a449bc9c52ae57.png
463	孤独	称谓	一手伸食指，指尖朝上贴于胸前，再向下微微划动一下()|https://d.bmcx.com/shouyu/_file/c/0c29ed37d8e12df5.png
464	顾客	称谓	（一）一手打手指字母“G”、“U”的指式。（二）双手掌心向上，同时向一侧移动一下。|https://d.bmcx.com/shouyu/_file/b/06d79e9ed644a4b0.png
465	雇员	称谓	（一）手指字母“G”的指式。（二）一手拇、食指捏成小圆圈，贴于胸侧。|https://d.bmcx.com/shouyu/_file/c/9293f67c57eb06e7.png
466	雇工	称谓	（一）手指字母“G”的指式。（二）一手拇、食指捏成小圆圈，贴于胸侧。|https://d.bmcx.com/shouyu/_file/1/9ab407a5fe58ea02.png
467	寡妇	称谓	（一）双手伸拇指，指尖相向，弯曲一下，然后左手横放，指尖朝左，象征婚后男方故去。（二）右手拇、食指捏耳垂。|https://d.bmcx.com/shouyu/_file/5/2b53ced4b0463a7a.png
468	寡	称谓	双手伸拇指，指尖相向，弯曲一下，然后左手横放，指尖朝左，象征婚后男方故去。()|https://d.bmcx.com/shouyu/_file/4/c5b6b714bd54b361.png
469	妓女	称谓	（一）一手打手指字母“J”的指式抵于下颏。（二）一手拇、食指捏耳垂。|https://d.bmcx.com/shouyu/_file/6/e56b46e3b598947f.png
470	娼妓	称谓	（一）一手打手指字母“J”的指式抵于下颏。（二）一手拇、食指捏耳垂。|https://d.bmcx.com/shouyu/_file/7/096cf3384bb8898e.png
471	矿工	称谓	（一）右手打手指字母“K”的指式置于额前,然后五指撮合,指尖向前,再放开五指,表示矿灯。（二）左手食、中指横伸；右手伸食指搭成“工”字。|https://d.bmcx.com/shouyu/_file/6/985c0043ddbba417.png
472	老板	称谓	（一）一手拇、食指在颏下作捋胡须的动作。（二）右手拍右侧腰带处。|https://d.bmcx.com/shouyu/_file/a/80e00a6cbe652ec6.png
473	旅客	称谓	（一）一手伸拇、小指转动一圈。（二）双手掌心向上，同时向一侧移动一下。|https://d.bmcx.com/shouyu/_file/9/8ec97252f314266f.png
474	明星	称谓	一）一手中、无名、小指放在耳边，表示大家听说过的名字。（二）一手拇、食指捏成小圆圈，在头上一顿一顿地移动几下。|https://d.bmcx.com/shouyu/_file/7/bf0c5e74645cee6e.png
475	婆婆	称谓	（一）手指字母“P”的指式。（二）一手伸食指贴在嘴唇上。|https://d.bmcx.com/shouyu/_file/f/178c7047512542b7.png
476	婆母	称谓	（一）手指字母“P”的指式。（二）一手伸食指贴在嘴唇上。|https://d.bmcx.com/shouyu/_file/a/872a75fe3fdb6395.png
477	新郎	称谓	（一）一手伸出拇指，从另一手背上向外划过。（二）双手伸拇指，指尖相对，弯曲一下。（三）一手直立，五指并拢在头的一侧自后向前动一下。|https://d.bmcx.com/shouyu/_file/3/5428e648b943475a.png
478	新娘	称谓	（一）同"新娘"手势一手。(一手伸出拇指,从另一手背上向外划过。)（二）同"新娘"手势一手。(双手伸拇指,指尖相对,弯曲一下。)（三）一手拇、食指捏耳垂。|https://d.bmcx.com/shouyu/_file/0/f53f4991aad40514.png
479	学生	称谓	（一）双手放于面前，如读书状。（二）右手食指书空“士”字。|https://d.bmcx.com/shouyu/_file/a/52ef6daa90adb429.png
480	研究生	称谓	（一）一手食指在太阳穴部转动几下。（二）一手食、中指并拢，在另一手掌心上转动。（三）一手平伸，掌心向下，在胸前向下微按。|https://d.bmcx.com/shouyu/_file/0/57f4a14b610540fa.png
481	债权人	称谓	（一）一手拇、食指握成小圆圈，放于另一肩上，然后向下一压。（二）一手五指先张开，然后边绕圈边用力握拳。（三）双手食指搭成“人”字形。|https://d.bmcx.com/shouyu/_file/3/1164ed8040b7bcbe.png
482	债主	称谓	（一）一手拇、食指握成小圆圈，放于另一肩上，然后向下一压。（二）一手五指先张开，然后边绕圈边用力握拳。（三）双手食指搭成“人”字形。|https://d.bmcx.com/shouyu/_file/6/740a854f50e0134c.png
483	主持人	称谓	（一）一手伸拇指贴于胸前。（二）一手拍打另一侧肩部。（三）双手食指搭成“人”字形。|https://d.bmcx.com/shouyu/_file/9/8035ab742aff4b2d.png
484	司仪	称谓	（一）一手伸拇指贴于胸前。（二）一手拍打另一侧肩部。（三）双手食指搭成“人”字形。|https://d.bmcx.com/shouyu/_file/9/d1593f8418488ca0.png
485	裁缝	称谓	（一）一手食、中指伸直，夹动几下，如用剪刀东西。（二）左手平伸，掌心向下；右手食指指尖朝下，放在左手背上，上下微动，左手同时向前移动。|https://d.bmcx.com/shouyu/_file/0/a70d3553538437c4.png
486	个体户	称谓	（一）左手拇、食指与右手食指搭成“个”字形。（二）一手捂于胸部，向下微移。（三）双手搭成“＾”字形。|https://d.bmcx.com/shouyu/_file/d/65b9f272c88b38d1.png
487	个体	称谓	（一）左手拇、食指与右手食指搭成“个”字形。（二）一手捂于胸部，向下微移。(,2)|https://d.bmcx.com/shouyu/_file/7/1eba7bcdb3af694c.png
488	教练	称谓	（一）双手五指撮合，指尖相对，在胸前摇动几下。（二）左手平伸，掌心向上；右手掌心向下贴于左掌，再翻转为掌心向上。|https://d.bmcx.com/shouyu/_file/c/993a4ff3ab3d8d5b.png
489	经纪人	称谓	（一）双手拇、食指捏成小圆圈相互移动。（二）手指字母“J”的指式。（三）双手食指搭成“人”字形。|https://d.bmcx.com/shouyu/_file/5/13bb54ad49811704.png
490	猎手	称谓	（一）一手作托枪射击状。（二）一手拍另一手背。|https://d.bmcx.com/shouyu/_file/d/4e9539df50cfeaf2.png
491	猎人	称谓	（一）一手作托枪射击状。（二）一手拍另一手背。|https://d.bmcx.com/shouyu/_file/6/b8e43e340c9ed73e.png
492	门卫	称谓	（一）双手五指并拢，掌心向外，并排直立。（二）左手掌心向外直立；右手托于左手腕部，置于肩前。|https://d.bmcx.com/shouyu/_file/a/a87a8abd77b1c728.png
493	模特儿	称谓	模特儿 左手伸拇、小指不动；右手五指张开，指尖对着左手，边向后移边收拢五指。|https://d.bmcx.com/shouyu/_file/e/f8ab73f400a1b3cb.png
494	模特	称谓	模特 左手伸拇、小指不动；右手五指张开，指尖对着左手，边向后移边收拢五指。|https://d.bmcx.com/shouyu/_file/e/4847b35ab7c9fb17.png
495	牧民	称谓	（一）一手握拳作执鞭挥动状。（二）双手食指搭成“人”字形并转动一圈。|https://d.bmcx.com/shouyu/_file/8/f7ca3983b54ff8d1.png
496	配角	称谓	（一）双手伸拇指，一手放在胸前不动，另一手靠向不动的手。（二）双手各伸拇、小指，相对转动。|https://d.bmcx.com/shouyu/_file/7/9a741a2c1c3d8a70.png
497	向导	称谓	（一）一手侧伸，手臂向前伸一下。（二）一手伸食指，在另一手拇指后面左右摇动。|https://d.bmcx.com/shouyu/_file/a/307a93d90ca4bed8.png
498	园丁	称谓	（一）一手食指指尖朝下，转动一圈。（二）双手食指搭成“T”形。|https://d.bmcx.com/shouyu/_file/e/7b02d66b9466eb86.png
499	主角	称谓	（一）一手伸拇指贴于胸前。（二）同“配角”手势。（双手各伸拇、小指，相对转动。）|https://d.bmcx.com/shouyu/_file/9/bcf0fc7fe2b60db9.png
500	各位	称谓	一手掌心向下，在胸前平行转一圈。|https://d.bmcx.com/shouyu/_file/6/d3845dbbf1caf7e0.png
501	妇女	称谓	一手拇、食指捏耳垂，象征耳环，泛指妇女。|https://d.bmcx.com/shouyu/_file/9/5e71cf8b367b483c.png
502	爹	称谓	爹 同爸爸，一手伸拇指贴在嘴唇上。|https://d.bmcx.com/shouyu/_file/3/8525546f6d3e52c2.png
503	它	称谓	一手食指指向侧方第三者。|https://d.bmcx.com/shouyu/_file/3/6856518f6f37bdc7.png
504	表率	称谓	（一）右手拇、食指张开，指尖朝内，在左胸部向下划一下，表示佩戴的标志。
（二）同“榜样”手势|https://d.bmcx.com/shouyu/_file/no_picture.png
505	客	称谓	双手掌心向上，在腰部向旁移|https://d.bmcx.com/shouyu/_file/4/5251db0bf1f35a60.png
506	妈	称谓	一手伸食指贴在嘴唇上。|https://d.bmcx.com/shouyu/_file/d/3a4fc3ca2d996c5a.png
312	S	字母	S s|https://d.bmcx.com/shouyu/_file/4/0ab23b283b268280.png
313	T	字母	T t|https://d.bmcx.com/shouyu/_file/d/e27920e5b97e49cb.png
314	V	字母	V v|https://d.bmcx.com/shouyu/_file/b/3b5bd22e627816d9.png
315	W	字母	W w|https://d.bmcx.com/shouyu/_file/a/3f70cce323a263cc.png
316	X	字母	X x|https://d.bmcx.com/shouyu/_file/0/84f45eb6f1071ebd.png
317	Y	字母	Y y|https://d.bmcx.com/shouyu/_file/a/50f3f3832cb9ff3f.png
318	Z	字母	Z z|https://d.bmcx.com/shouyu/_file/6/f7b687a3416b4593.png
319	ZH	字母	ZH zh|https://d.bmcx.com/shouyu/_file/c/beae384ecf82f257.png
320	CH	字母	CH ch|https://d.bmcx.com/shouyu/_file/6/44202ec18cca520a.png
321	SH	字母	SH sh|https://d.bmcx.com/shouyu/_file/5/db311dfb022c84cf.png
322	NG	字母	NG ng|https://d.bmcx.com/shouyu/_file/e/71d05c488502ad84.png
323	我	字母	一手食指指自己。|https://d.bmcx.com/shouyu/_file/3/37ef29c190c45c34.png
324	您	字母	一手食指指向对方。|https://d.bmcx.com/shouyu/_file/c/8b76760aac25cf3d.png
325	男	字母	一手直立，五指并拢在头侧自后向前挥动，以“短发”表示男子。|https://d.bmcx.com/shouyu/_file/6/862030337b893e35.png
326	青年	字母	一手掌心在颏下抚摸两下，以颏下胡须来表示青年。|https://d.bmcx.com/shouyu/_file/5/a4c5a226c66a3ebd.png
327	聋	字母	一手伸食、中指，贴于耳部，表示耳聋。|https://d.bmcx.com/shouyu/_file/7/c854525079225ecf.png
328	弱智人	字母	（一)一手伸拇、小指，直立于另一手掌心上,左右微动,表示弱。（二）一手食指指前额,象征智力。（三）双手食指搭成“人”字形。|https://d.bmcx.com/shouyu/_file/3/ad95ccf35db1c35a.png
329	弱	字母	一手伸拇、小指，直立于另一手掌心上,左右微动,表示弱()|https://d.bmcx.com/shouyu/_file/8/170121e170f22ad4.png
330	母亲	字母	一手伸食指贴在嘴唇上。|https://d.bmcx.com/shouyu/_file/3/87772c0a862e3e1d.png
331	外婆	字母	（一）同“外祖父”手势（一）（二）手指字母“Z”的指式。（三）一手伸食指贴在嘴唇上。|https://d.bmcx.com/shouyu/_file/5/61604c32c8cbaaa2.png
332	徐	字母	一手打手指字母“X”、“U”的指式。|https://d.bmcx.com/shouyu/_file/7/a1abb50acf5c9de0.png
333	内衣	字母	一手先以食指向领口内指一下，然后改用拇、食指揪一下胸前衣服，意即“内衣”。|https://d.bmcx.com/shouyu/_file/4/41bfc5cdac0cd234.png
334	夹裤	字母	双手拇、食指相捏，在腿部向上提，如穿裤子状。夹裤、棉裤、毛裤等均用此手势。|https://d.bmcx.com/shouyu/_file/6/f372f0febb3d081f.png
335	棉裤	字母	双手拇、食指相捏，在腿部向上提，如穿裤子状。|https://d.bmcx.com/shouyu/_file/b/450ffcc9b18efcc5.png
566	主任	职务	（一）一手伸拇指贴于胸前。（二）右手拍一下左肩，表示负责人。|https://d.bmcx.com/shouyu/_file/c/9b0a21542fc955f0.png
567	书记	职务	（一）同“秘书”手势（二）。（二）一手打手指字母“J”指式，并置于前额，表示“记住”之意。|https://d.bmcx.com/shouyu/_file/3/ac14aa83ddc48db5.png
568	常委	职务	（一）一手伸食、中指，在太阳穴上轻敲几下，表示“经常”、“常常”。（二）右掌拍一下左肩。|https://d.bmcx.com/shouyu/_file/a/f2d9a9da2b82144f.png
569	委员	职务	（一）同“常委”手势（二）。（二）一手拇、食指捏成小圆圈，贴于胸侧。|https://d.bmcx.com/shouyu/_file/0/ff7cd75fafd95822.png
570	顾问	职务	（一）一手打手指字母“G”,“u”的指式。（二）右手食指直立，从嘴部向外划动。|https://d.bmcx.com/shouyu/_file/no_picture.png
571	代表	职务	（一）双手伸食指，指尖向上，交互转换位置，表示“代替”之意。（二）一手拇、食指在胸侧向下划，象征代表的标记。|https://d.bmcx.com/shouyu/_file/f/3e508de7cf54b8a9.png
572	干部	职务	（一）左手食、中指于右手食指搭成“干”字形并向下拉。（二）手指字母“B”的指式。|https://d.bmcx.com/shouyu/_file/e/4cb0fd7b54269e7a.png
573	队长	职务	（一）双手五指伸开，指尖向上，一前一后拍成一列，象征队伍。（二）一手伸拇指贴于胸前。|https://d.bmcx.com/shouyu/_file/6/305b400310c2cd1c.png
574	组长	职务	（一）一手五指微曲，五指分开向上，然后撮合成尖形。（二）一手伸拇指贴于胸前。|https://d.bmcx.com/shouyu/_file/f/5c75e7308203c8a4.png
575	会员	职务	（一）双手五指微曲，从两边向中间聚合。（二）一手拇、食指捏成小圆圈，贴于胸前。|https://d.bmcx.com/shouyu/_file/f/b0826ac0a44dbf6b.png
576	称呼	职务	（一）左手中、无名、小指横伸；右手伸食指，自左手中指指尖向下划动。（二）右手五指微曲，虎口贴于嘴边。|https://d.bmcx.com/shouyu/_file/d/94906a9f23628af9.png
577	称谓	职务	称谓 同“称呼”手势（一）左手中、无名、小指横伸；右手伸食指，自左手中指指尖向下划动。（二）右手五指微曲，虎口贴于嘴边。|https://d.bmcx.com/shouyu/_file/no_picture.png
578	职责	职务	（一）手指字母“ZH”的指式。（二）右手拍一下左肩，表示负担的职务。|https://d.bmcx.com/shouyu/_file/c/8f7826da2b9a67a2.png
579	职称	职务	（一）一手打手指字母“ZH”的指式。
（二）左手中、无名、小指横伸；右手伸食指，自左手中指指尖向下划动。|https://d.bmcx.com/shouyu/_file/no_picture.png
580	职位	职务	（一）一手打手指字母“ZH”的指式
（二）左手横伸；右手伸拇指置于左手掌心上|https://d.bmcx.com/shouyu/_file/no_picture.png
581	上级	职务	（一）一手伸食指向上指。
（二）左手向上直立不动；右手平伸，掌心向下，食指侧靠左掌心一顿一顿地向上移动。|https://d.bmcx.com/shouyu/_file/no_picture.png
685	彭	姓氏	彭 右手打出手指字母“P”的指式，然后向左侧晃动一下，表示“彡”。|https://d.bmcx.com/shouyu/_file/6/3744c39aaa0b4dae.png
686	苏	姓氏	（一）一手在颏下作捋胡须动作，以长胡须来表示老。（二）双手食指搭成“人”字形。|https://d.bmcx.com/shouyu/_file/f/513e5794089d6d19.png
687	孙	姓氏	一手打手指字母“S”的指式，并置于前额。|https://d.bmcx.com/shouyu/_file/0/0e269f4634f675b6.png
688	王	姓氏	一手中、无名、小指横伸与另一手食指搭成“王”字形。|https://d.bmcx.com/shouyu/_file/5/d801a8b91fa55b6b.png
689	汪	姓氏	汪 左手中、无名、小指横伸与另一手食指搭成“王”字形。|https://d.bmcx.com/shouyu/_file/2/142d2da1b0dac0b4.png
690	魏	姓氏	魏 右手打手指字母“W”的指式，贴于左胸上方，指尖朝斜上方。|https://d.bmcx.com/shouyu/_file/4/fda50dae7ce5c205.png
691	吴	姓氏	一手打手指字母“W”、“U”的指式。|https://d.bmcx.com/shouyu/_file/4/71815a49a6b1cd4d.png
692	武	姓氏	武 右手五指伸开，掌心朝外。借用数字“5”的手势。|https://d.bmcx.com/shouyu/_file/5/36207c496f3849ad.png
693	许	姓氏	一手打手指字母“X”、“U”的指式。|https://d.bmcx.com/shouyu/_file/f/f54d2a22d94c0654.png
694	薛	姓氏	一手食、中指交叉成“X”形，然后沿另一手伸直的食指向前划一下。|https://d.bmcx.com/shouyu/_file/e/bee93d6ca08485dd.png
695	阎	姓氏	阎 左手拇、食指成“∏”形，虎口朝前。右手伸出食、中、无名三指，手背朝外置于“∏”形中，仿“闫”字形。|https://d.bmcx.com/shouyu/_file/f/9935121c2b87f7c3.png
696	杨	姓氏	一手食指弯曲如钩，虎口贴近太阳穴。|https://d.bmcx.com/shouyu/_file/c/886a521d84727cfe.png
697	姚	姓氏	一手打手指字母“Y”的指式，并左右移动几下。|https://d.bmcx.com/shouyu/_file/5/033454a84fa37f9a.png
698	俞	姓氏	一手拇、小指伸出，指尖朝前，作游动移动。|https://d.bmcx.com/shouyu/_file/3/b19e5f0c73d022e2.png
699	余	姓氏	一手拇、小指伸出，指尖朝前，作游动移动。|https://d.bmcx.com/shouyu/_file/0/6e167b5880e6561e.png
700	于	姓氏	一手食、中指横伸，另一手食指在此两指上书空“亅”，仿“于”字形。|https://d.bmcx.com/shouyu/_file/1/59b89a7bc1863be8.png
701	张	姓氏	一手打手指字母“ZH”的指式，自头的一侧向下划一下。|https://d.bmcx.com/shouyu/_file/9/11d04157c0bc9f45.png
702	章	姓氏	一手拇、食、中指相捏，指尖向下按于另一手掌心上。|https://d.bmcx.com/shouyu/_file/f/63813f8370ee5257.png
703	赵	姓氏	手指字母“ZH”的指式。|https://d.bmcx.com/shouyu/_file/0/7c500f4268703ac1.png
704	郑	姓氏	一手打手指字母“ZH”的指式，往下一顿。|https://d.bmcx.com/shouyu/_file/9/a3baa92372abc8f1.png
705	朱	姓氏	朱 左手拇、食、中指伸出，手背朝外；右手食指伸出，在左手上书空“亅、丿、乀”，仿“朱”字形。|https://d.bmcx.com/shouyu/_file/e/e84f55f34b9d4a40.png
597	资格	其他	（一）手指字母“Z”的指式。（二）双手五指分开，一横一竖，搭成方格形，然后左手不动，右手向下移动。|https://d.bmcx.com/shouyu/_file/8/75f3c780ee692690.png
598	资历	其他	（一）手指字母“Z”的指式。（二）双手五指分开，一横一竖，搭成方格形，然后左手不动，右手向下移动。|https://d.bmcx.com/shouyu/_file/e/f2cb6aa51fb36cd4.png
599	祖先	其他	（一）手指字母“Z”的指式。（二）同“先锋”手势（一手食指沿另一手中、无名、小指指尖向下划动。）|https://d.bmcx.com/shouyu/_file/b/f1e57fbbf10891f9.png
600	祖宗	其他	（一）手指字母“Z”的指式。（二）同“先锋”手势（一手食指沿另一手中、无名、小指指尖向下划动。）|https://d.bmcx.com/shouyu/_file/1/5081449fefe723cb.png
601	学生	其他	（一）双手摊在胸前，如读书之状。（二）一手平伸，掌心向下，在胸前向下微按。|https://d.bmcx.com/shouyu/_file/1/414ef74ed777ddda.png
602	资本家	其他	（一）双手拇指抵于胸两侧，其他手指扇动（此是旧时富人常见的动作），表示富有之意。（二）双手搭成“＾”形。|https://d.bmcx.com/shouyu/_file/0/de3647dda814df54.png
603	地主	其他	（一）一手食指向下，表示“地”。（二）一手食指和另一手食、中、无名指搭成“主”字形。|https://d.bmcx.com/shouyu/_file/2/a2973dc93c3d2108.png
604	富农	其他	（一）同“资本家”手势（一）（二）双手五指弯曲，一前一后，来回耙动。|https://d.bmcx.com/shouyu/_file/d/efbd596968613288.png
605	中农	其他	（一）左手拇、食指捏成小圆圈与右手食指搭成“中”字形。（二）双手五指弯曲，一前一后，来回耙动。|https://d.bmcx.com/shouyu/_file/6/2cf00f575fa1d933.png
606	贫农	其他	（一）双手掌心向上，腕不交叠上下微动，模仿乞讨动作，表示贫困。（二）双手五指弯曲，一前一后，来回耙动。|https://d.bmcx.com/shouyu/_file/e/464f1a928ada950e.png
607	皇帝	其他	（一）左手中、无名、小指与右手食指搭成“王”字，置于前额。（二）右手手腕贴于前额，五指弯曲，指尖朝下，仿古代皇帝的头饰不正确）。|https://d.bmcx.com/shouyu/_file/4/cb0388266f53f1f8.png
608	皇上	其他	（一）左手中、无名、小指与右手食指搭成“王”字，置于前额。（二）一手伸拇指，向上微举。|https://d.bmcx.com/shouyu/_file/f/3ecc46c0252799e2.png
609	皇后	其他	（一）同“皇帝”手势（一）。（二）双手伸拇指，手指相对，左手不动，右手拇指弯曲一下不准确）。|https://d.bmcx.com/shouyu/_file/d/db2d7fe0e398d078.png
610	贵妃	其他	（一）左手拇、食指捏成小圆，右手食指在小圆正中划一直线，底下再划一横线，象征贵字的上半部。（二）一手伸拇指不动，另一手伸小指，与拇指相对弯动两下，意为皇帝的妾。|https://d.bmcx.com/shouyu/_file/a/821f84e4f6c01550.png
611	太子	其他	一手食指书空“太”、“子”两字。|https://d.bmcx.com/shouyu/_file/e/1db6b6a57d89bae4.png
612	公主	其他	（一）双手拇、食指搭成“公”字形。（二）右手伸拇指置于胸部不正确）。|https://d.bmcx.com/shouyu/_file/4/ce854a540ea4ad9b.png
613	贵族	其他	（一）左手拇、食指捏成小圆，右手食指在小圆正中划一直线，底下再划一横线，象征贵字的上半部。（二）一手五指撮合，指尖向上，表示一群人。|https://d.bmcx.com/shouyu/_file/0/f7c552ecccdf435c.png
614	状元	其他	（一）双手伸食、中指，贴于头两侧，象征状元帽上的两只花翎。（二）双手指尖抵于头两侧，象征乌纱帽。|https://d.bmcx.com/shouyu/_file/3/5fef3e7b1d04ab58.png
615	进士	其他	（一）一手伸拇、小指，向前移动，表示“进”。（二）一手食指书空“士”。|https://d.bmcx.com/shouyu/_file/0/59c0f8d1c156d437.png
616	秀才	其他	（一）双手摊在胸前，如读书状。（二）一手食指书空“才”字。|https://d.bmcx.com/shouyu/_file/d/761b0066286323d4.png
617	官僚	其他	双手拇、食指相距寸许，从左右太阳穴外拉，象征乌纱帽，引申为官僚。|https://d.bmcx.com/shouyu/_file/b/5df216ce1758363d.png
618	军阀	其他	军阀 右手伸掌，五指下垂。左手食指抵住右手腕部，置于前额，象征旧时军阀帽顶上的装饰。|https://d.bmcx.com/shouyu/_file/8/ed040a6719da1802.png
619	奴隶	其他	奴隶 左臂曲肘，右手五指贴在左臂肘弯处微搔几下。奴仆、仆人均用此手势。|https://d.bmcx.com/shouyu/_file/4/2c1d71ed9feafeb1.png
620	仆人	其他	仆人 左臂曲肘，右手五指贴在左臂肘弯处微搔几下。|https://d.bmcx.com/shouyu/_file/0/72ff5f78626470da.png
621	强盗	其他	一手在另一手臂下伸出食、中两指，做窃状。|https://d.bmcx.com/shouyu/_file/3/97c5694f966cea90.png
622	流氓	其他	流氓 右手握拳打左掌心，脸现胸恶表情，象征流氓的举止、性情。|https://d.bmcx.com/shouyu/_file/7/fa0188e3cc8cefa4.png
623	叛徒	其他	（一）双手拇、食指搭成“心”形，贴于胸部，再倒转过来，表示叛变。（二）双手食指搭成“人”字形。|https://d.bmcx.com/shouyu/_file/3/c6d10f40b3aaa63e.png
624	特务	其他	特务 右手伸拇、食指如手枪状，先置于左掌心下，再移到掌背上，象征特务的恐怖行动。|https://d.bmcx.com/shouyu/_file/0/31061ce67249b8f7.png
625	反革命	其他	（一）一手平伸，先掌心向下，然后反过来掌心向上。（二）一手握拳向上举，表示革命。|https://d.bmcx.com/shouyu/_file/5/129d6048b4a8ae47.png
626	敌人	其他	（一）双手伸小指，指尖相对，表示敌对之意。（二）双手搭成“人”字形。|https://d.bmcx.com/shouyu/_file/f/485b3da21f121dd7.png
627	仇人	其他	（一）双手伸小指，指尖相对，表示敌对之意。（二）双手搭成“人”字形。|https://d.bmcx.com/shouyu/_file/b/961b8b490840773b.png
628	渤海	其他	（一）手指字母“B”的指式。（二）双手平伸，掌心向下，向两旁作波浪状移动。|https://d.bmcx.com/shouyu/_file/4/3e5b569fdf6e3f5d.png
629	长城	其他	（一）双手食指相对，从中间向两侧拉开。（二）双手伸食指，手背向上，指尖相对，由中间向两侧作“城墙”形移动。|https://d.bmcx.com/shouyu/_file/7/c95b919a9013497d.png
630	大陆	其他	（一）双手侧立，掌心相对，同时向两侧挥动。（二）左手手背向上，指尖斜向右下方；右手平伸，掌心贴于左手背上方，然后由里向外伸出。|https://d.bmcx.com/shouyu/_file/d/534246e43025279c.png
631	陆地	其他	（一）双手侧立，掌心相对，同时向两侧挥动。（二）左手手背向上，指尖斜向右下方；右手平伸，掌心贴于左手背上方，然后由里向外伸出。|https://d.bmcx.com/shouyu/_file/0/797ea4411e5e5d4b.png
632	大亚湾	其他	(一)双手侧立,掌心相对,同时向两侧挥动。(二)左手食、小指横伸；右手食、中指直立于左手食、小指间,再在两侧同时点一下,模仿“亚”字形。(三)左手侧立，指尖朝前,由前向后，作曲线形移动；右手掌心向下,五指交替上下点动。|https://d.bmcx.com/shouyu/_file/e/b21d76ab72dec691.png
633	都江堰	其他	（一）手指字母“D”的指式。（二）双手掌心相对，指尖朝前，相距约30厘米，向前作曲线移动。（三）左手手背微微拱起，指尖斜向右下放；右手平身，掌心向下，自右向左作波纹状移动至左手背关节拱起处。|https://d.bmcx.com/shouyu/_file/b/8b5ab2dc09a42242.png
634	峨眉山	其他	（一）手指字母“E”的指式。（二）一手食指随眉毛横划一下，“眉”与“嵋”同音，借用。（三）一手手背向外，拇、食、小指直立，仿“山”字形。|https://d.bmcx.com/shouyu/_file/4/94002dabff213299.png
635	烽火台	其他	（一）双手掌心相对，向上移至头前，然后左手不动，右手五指微曲，指尖朝上，在左手上方旋转几圈。（二）双手平伸，掌心向下，从中间向两侧平移，再折向下移，成“冂”形，如柜台状。|https://d.bmcx.com/shouyu/_file/7/477a7ef145959b7b.png
636	葛洲坝	其他	（一）一手打手指字母“G”、“E”的指式。（二）右手食、中、无名、小指朝下张开；左手食指横搭在右手食、中、无名三指骨节上，组成“洲”字形。（三）双手平伸，掌心向下，先在上左右平移稍许，再向两侧斜下方移动，呈上窄下宽状。|https://d.bmcx.com/shouyu/_file/6/15a36b2567294594.png
637	故宫	其他	（一）一手打手指字母“G”、“U”的指式。（二）双手搭成“＾”形，然后左右分开并伸出拇、小指，指尖朝上，如屋檐形。|https://d.bmcx.com/shouyu/_file/7/82a865cd18a646dd.png
638	淮河	其他	（一）手指字母“H”的指式。（二）双手侧伸，掌心相对，相距约20厘米，向前作曲线状移动。|https://d.bmcx.com/shouyu/_file/8/e0ac5c16645ac9e6.png
639	河	其他	双手侧伸，掌心相对，相距约20厘米，向前作曲线状移动。()|https://d.bmcx.com/shouyu/_file/d/a25292c06a5633f3.png
640	黄浦江	其他	（一）手指字母“H”的指式，并摸摸脸颊。（二）手指字母“P”、“U”的指式。（三）双手掌心相对，指尖朝前，相距约30厘米，向前作曲线移动。|https://d.bmcx.com/shouyu/_file/5/c6510df83fde9163.png
641	江	其他	双手掌心相对，指尖朝前，相距约30厘米，向前作曲线移动。()|https://d.bmcx.com/shouyu/_file/e/8c57d1f0ecff40f2.png
642	嘉峪关	其他	（一）手指字母“J”的指式。（二）手指字母“Y”、“U”的指式。（三）双手直立，掌心向外，双手并拢。|https://d.bmcx.com/shouyu/_file/4/5e8e93d370eac04a.png
643	井冈山	其他	（一）双手食、中指搭成“井”字。（二）双手握拳，虎口向上，右拳敲一下左手拳眼并向外微移。“冈”与“钢”同音，借用。（三）一手手背向外，拇、食、小指直立，仿“山”字形。|https://d.bmcx.com/shouyu/_file/c/06a2ad34464208b6.png
644	庐山	其他	（一）一手打手指字母“L”、“U”的指式。（二）一手手背向外，拇、食、小指直立，仿“山”字形。|https://d.bmcx.com/shouyu/_file/7/654cb1c1b4182fca.png
645	山	其他	一手手背向外，拇、食、小指直立，仿“山”字形。()|https://d.bmcx.com/shouyu/_file/1/3c82b5af6b09a075.png
646	秦岭	其他	（一）手指字母“Q”的指式。（二）一手平伸，掌心向下，由低向高，再由高向低作起伏状移动。|https://d.bmcx.com/shouyu/_file/6/a7c8aa441dceb929.png
647	岭	其他	一手平伸，掌心向下，由低向高，再由高向低作起伏状移动。()|https://d.bmcx.com/shouyu/_file/8/d5f9bc147a1d2f3e.png
648	日月潭	其他	（一）一手拇、食指弯成半圆形，从一边向另一边作弧形移动。（二）双手拇、食指相距约5厘米，指尖相对，由中间边向两侧作弧形下移，边缩小拇指、食指间距。（三）左手拇、食指成半圆形，虎口向上；右手平伸，掌心向下，在左手虎口旁作波纹状移动。|https://d.bmcx.com/shouyu/_file/5/c8ad51f4e3a09855.png
649	潭	其他	潭 左手拇、食指成半圆形，虎口向上；右手平伸，掌心向下，在左手虎口旁作波纹状移动。()|https://d.bmcx.com/shouyu/_file/c/a48f15bcc1637a3f.png
650	少林寺	其他	（一）一手拇指弹动食指尖。（二）双手拇、食指搭成圆形，连续上举两次。（三）双手搭成“＾”形。|https://d.bmcx.com/shouyu/_file/a/fc1ba27ff689fc10.png
651	少林	其他	（一）一手拇指弹动食指尖。（二）双手拇、食指搭成圆形，连续上举两次。(,2)|https://d.bmcx.com/shouyu/_file/b/86d125d7e692ee09.png
652	神农架	其他	（一）双手合十，放于胸前。（二）双手五指微曲，掌心向下，向后波动几下。（三）双手五指分开，指尖向上移并互相交叉。|https://d.bmcx.com/shouyu/_file/9/3db4785edd74254e.png
653	神	其他	双手合十，放于胸前。()|https://d.bmcx.com/shouyu/_file/3/35287124b51c54d6.png
654	泰山	其他	（一）手指字母“T”的指式。（二）一手手背向外，拇、食、小指直立，仿“山”字形。|https://d.bmcx.com/shouyu/_file/2/44eac438065a985d.png
655	塔里木	其他	（一）双手伸拇、食、小指，手背向上叠在一起。下边的手不动，上边的手一顿一顿向上移。（二）手指字母“L”的指式。（三）双手拇、食指搭成半圆形，同时向上移动。|https://d.bmcx.com/shouyu/_file/9/250c257ef6813f2a.png
656	塘沽	其他	（一）左手拇、食指成半圆形，虎口向上；右手平伸，掌心向下，在左手旁作波纹状移动。（二）双手拇、食指搭成“古”字形，表示“沽”字的“古”形。|https://d.bmcx.com/shouyu/_file/a/8dec47d93297993f.png
657	天安门	其他	（一）一手食指指尖朝上，在头上方转一圈。（二）一手平伸，掌心向下，在胸前向下一按。（三）双手五指并拢，掌心向外，并排直立。|https://d.bmcx.com/shouyu/_file/1/0a4b2adc7ee1bd18.png
658	吐鲁番	其他	（一）左手拇、食、中指相捏如提物状；右手拇、食指捏成小圆形，在左手下虚点几下。（二）双手食指横伸，指尖相对，由中间向两侧作“城墙”形移动。（当地习惯打法）|https://d.bmcx.com/shouyu/_file/5/51298d19ae91f03e.png
659	西双版纳	其他	（一）右手五指并拢，指尖向左边。（二）双手横伸，手背向外，再腹前交叉，然后同时向下划动。（当地习惯打法）|https://d.bmcx.com/shouyu/_file/9/8059ee029506b5e4.png
660	鸭绿江	其他	（一）一手拇、食、中指捏成尖形，手背贴于嘴部，指尖开合几下。（二）一手打手指字母“L”、“U”的指式。（三）双手掌心相对，指尖朝前，相距约30厘米，向前作曲线移动。|https://d.bmcx.com/shouyu/_file/4/6bd1f83272d37490.png
661	颐和园	其他	（一）右手拇、小指伸出，拇指抵于太阳穴，小指尖朝上。（二）左手半握拳，虎口向上，将右手手势移至左拳虎口上。（三）右手食指指尖朝下划一圈。（当地习惯打法）|https://d.bmcx.com/shouyu/_file/9/47b36c19ce546a0d.png
662	圆明园	其他	（一）右手拇、食指虚捏成一个圆形。（二）一手食指贴于太阳穴部，头微偏，然后食指向外移，头部转正。（三）一手伸食指，指尖朝下，在胸前划一大圆圈。|https://d.bmcx.com/shouyu/_file/8/869a4badf42285b1.png
663	云岗	其他	（一）右手五指微曲，在头上方绕一圈。（二）一手斜向上伸，由下而上再由上而下，如山峰形状。|https://d.bmcx.com/shouyu/_file/9/956ac3ad7907d6d0.png
664	山岗	其他	一手斜向上伸，由下而上再由上而下，如山峰形状。()|https://d.bmcx.com/shouyu/_file/d/a76d0fe914f1e238.png
665	山峰	其他	一手斜向上伸，由下而上再由上而下，如山峰形状。()|https://d.bmcx.com/shouyu/_file/b/afcf2bfff67acf8f.png
666	运河	其他	（一）双手微曲，掌心向上，左右交叉移动。（二）双手掌心相对，指尖朝前，相距约30厘米，向前作曲线移动。|https://d.bmcx.com/shouyu/_file/1/f165e1a69e21ff14.png
667	珠穆朗玛峰	其他	（一）一手拇、食指捏成小圆形，置于另一手掌心上微微晃动。（二）手指字母“M”的指式。（三）手指字母“L”的指式。（四）一手指直伸，虎口贴近太阳穴，前后微动几下。（五）一手斜向上伸，由下而上再由上而下，如山峰形状。|https://d.bmcx.com/shouyu/_file/b/d63744cbe8e85b6b.png
5083	名誉	事情事态	（一）左手伸出中、无名、小指，右手食指依次点一下左手三指，表示“姓名”。（二）一手伸出拇指，向上一提。|https://d.bmcx.com/shouyu/_file/1/8bac622c35b23e7a.png
5084	荣誉	事情事态	（一）左手伸出中、无名、小指，右手食指依次点一下左手三指，表示“姓名”。（二）一手伸出拇指，向上一提。|https://d.bmcx.com/shouyu/_file/6/5e8891621d5a1b32.png
5085	信誉	事情事态	（一）一手指尖抵于耳边，身体向前微微倾一下，表示信任。（二）一手伸出拇指，向上一提。|https://d.bmcx.com/shouyu/_file/3/f90a17b8b5da8f22.png
5086	耻辱	事情事态	一手食指在面颊上刮两下。|https://d.bmcx.com/shouyu/_file/b/802e3da90d2763b1.png
5087	威望	事情事态	（一）双手伸出拇指，在胸前向上提起。（二）一手伸出拇指，坐于另一手掌心上，并向上抬一下。|https://d.bmcx.com/shouyu/_file/c/65002f444107d71f.png
5088	威风	事情事态	（一）双手伸出拇指，在胸前向上提起。（二）一手五指微曲，左右扇动几下。|https://d.bmcx.com/shouyu/_file/d/658fd4bd20f91a69.png
5089	权威	事情事态	（一）一手伸开，在胸前用力握拳。（二）双手伸出拇指，在胸前向上提起。|https://d.bmcx.com/shouyu/_file/3/e0696555fbf17bbd.png
5090	功绩	事情事态	（一）左手食、中指与右手食指先搭成“工”旁书空“力”字形，拼组成“功”字形。（二）手指字母“J”的指式。|https://d.bmcx.com/shouyu/_file/d/8594d4be52a6e795.png
5091	功勋	事情事态	（一）左手食、中指与右手食指先搭成“工”旁书空“力”字形，拼组成“功”字形。（二）左手拇、食指握成圆形。右手五指并拢，置于左手圆圈上，贴于胸侧，象征佩戴勋章状。|https://d.bmcx.com/shouyu/_file/2/4bbeb367dd6a1754.png
5092	挫折	事情事态	一手食指伸直，向另一手掌心碰一下，然后弯曲手指。|https://d.bmcx.com/shouyu/_file/1/e8b6a6f519742a48.png
5093	开始	事情事态	（一）双手竖立靠拢，掌心向外，然后作“开门”状。（二）一手食指打一下另一手拇指。|https://d.bmcx.com/shouyu/_file/c/1463f6b853d4e4e3.png
5094	开头	事情事态	（一）双手竖立靠拢，掌心向外，然后作“开门”状。（二）一手食指打一下另一手拇指。|https://d.bmcx.com/shouyu/_file/1/3c2da1e4a7ac931f.png
5095	开端	事情事态	（一）双手竖立靠拢，掌心向外，然后作“开门”状。（二）一手食指打一下另一手拇指。|https://d.bmcx.com/shouyu/_file/7/3e190a695b986442.png
5096	结束	事情事态	一手拇指与四指相对，逐渐并拢，再向下一甩，表示“完了”、“好了”。|https://d.bmcx.com/shouyu/_file/b/2ea43eda6d301956.png
5097	好了	事情事态	一手拇指与四指相对，逐渐并拢，再向下一甩，表示“完了”、“好了”。|https://d.bmcx.com/shouyu/_file/d/a9ff13f72e3e92e5.png
5098	完了	事情事态	一手拇指与四指相对，逐渐并拢，再向下一甩，表示“完了”、“好了”。|https://d.bmcx.com/shouyu/_file/3/ad73740a8fb66d9b.png
5099	结果	事情事态	结果 左手拇、小指直立不动，右手食指从左手拇指划向小指。|https://d.bmcx.com/shouyu/_file/5/dc8a095721e04a34.png
5100	继续	事情事态	双手食指指尖相对，同时向下移动。|https://d.bmcx.com/shouyu/_file/c/63fd8401b27d1c2d.png
5101	停止	事情事态	一手平伸，掌心向下，另一手竖伸，指尖抵于其掌心下，模仿裁判叫停的动作。|https://d.bmcx.com/shouyu/_file/9/833d3cd7c727f3f1.png
5102	禁止	事情事态	一手侧伸，向下切于另一手掌心上，然后向外一推。|https://d.bmcx.com/shouyu/_file/6/8fe77fb71e350210.png
5103	掌握	事情事态	掌握 左手五指伸开，在胸前用力一握，并停在右手掌心上。|https://d.bmcx.com/shouyu/_file/9/1e7ece5035bc7257.png
5104	把握	事情事态	把握 左手五指伸开，在胸前用力一握，并停在右手掌心上。|https://d.bmcx.com/shouyu/_file/d/091a72d8014ccfa2.png
5105	反复	事情事态	双手先掌心相贴，下手不动，上手翻转一下，手背贴于掌心。|https://d.bmcx.com/shouyu/_file/6/2e1e3429528b496a.png
5106	重复	事情事态	双手先掌心相贴，下手不动，上手翻转一下，手背贴于掌心。|https://d.bmcx.com/shouyu/_file/9/5c3c84642491bb86.png
5107	确定	事情事态	（一）一手五指并拢，向前直伸。（二）一手食指向下一挥。|https://d.bmcx.com/shouyu/_file/6/6ac03d2e75a12a67.png
5108	概括	事情事态	（一）双手五指微曲，指尖向前，然后向后收缩，双手靠拢。（二）双手食指互划“（ ）”形。|https://d.bmcx.com/shouyu/_file/f/6395f4b846e3c073.png
5109	混合	事情事态	（一）双手五指弯曲，一上一下，掌心相对，交替转动。（二）双手五指微曲，由两侧向中间合拢。|https://d.bmcx.com/shouyu/_file/3/c49b7faa03096fe8.png
5110	包括	事情事态	（一）双手五指微曲，手背向上，然后作弧形移动，手腕靠拢。（二）双手食指互“（）”形。|https://d.bmcx.com/shouyu/_file/e/11b2264e0aa3e337.png
5111	加强	事情事态	（一）一手拇、食指握成圆形，贴到另一手掌心上。（二）双手握拳，在胸前向下一顿。|https://d.bmcx.com/shouyu/_file/c/02cd83b0b8cfa46c.png
5112	削弱	事情事态	（一）一手在另一手掌心上向下刮两下。（二）一手伸出拇、小指，立于另一手掌心上，左右摇动几下。|https://d.bmcx.com/shouyu/_file/b/cb3dd29527509cb3.png
5113	吸收	事情事态	吸收 左手五指微曲，掌心向上，右手五指放开，从左手虎口外侧向内移动并收拢五指。|https://d.bmcx.com/shouyu/_file/c/f9331d8972e824f2.png
5114	好转	事情事态	（一）一手伸出拇指。（二）一手食、中指向上伸开，转动一下。|https://d.bmcx.com/shouyu/_file/6/d94e3f3bfe22a098.png
5115	恶化	事情事态	（一）一手伸出小指，向下挥动一下。（二）一手食、中指叉开，斜着挥动一下。|https://d.bmcx.com/shouyu/_file/4/11099c545f565f90.png
5116	扭转	事情事态	双手五指弯曲，一上一下，掌心相对，交替扭转一下。|https://d.bmcx.com/shouyu/_file/a/a7f76121d585a80e.png
5117	耽误	事情事态	（一）一手拇、食指伸直，拇指指尖抵于另一手掌心，食指向下转动。（二）一手五指并拢，贴于另一手掌心上，并向外移动。|https://d.bmcx.com/shouyu/_file/f/f089bc037ee1f976.png
5118	萌芽	事情事态	一手食指从另一手指缝中慢慢伸出|https://d.bmcx.com/shouyu/_file/2/cb13c65fb2735cf7.png
5119	发生	事情事态	双手虚握，指尖向上，然后向上放开五指。|https://d.bmcx.com/shouyu/_file/e/74b69c28dcc13a50.png
5120	发展	事情事态	双手虚握，指尖相对，边向两旁移动边放开五指。|https://d.bmcx.com/shouyu/_file/7/101011ce588092b1.png
5121	开展	事情事态	（一）双手竖立靠拢，掌心向外，然后作“开门”状。（二）双手伸平，掌心向上，先靠拢，后向两侧平行移动。|https://d.bmcx.com/shouyu/_file/6/f87a60308e0f8eec.png
5122	发挥	事情事态	双手虚握，指尖相对，然后向上挥出，并放开五指，动作要大些。|https://d.bmcx.com/shouyu/_file/3/36c30e881944c6f7.png
5123	深入	事情事态	深入 左手侧伸，掌心向内，右手食指从左手掌心中向下移动。|https://d.bmcx.com/shouyu/_file/8/b6713cec35a01a5f.png
5124	扩大	事情事态	双手握成圆形，然后向两旁移开，同时伸开五指。|https://d.bmcx.com/shouyu/_file/2/aed9261ddbdabd9c.png
5125	缩小	事情事态	双手五指微曲，掌心相对成大圆，然后向中间缩小成小圆形。|https://d.bmcx.com/shouyu/_file/5/acc99ee1bb3eeba4.png
5126	延长	事情事态	双手食指竖直相距约一尺，一手不动，另一手食指向外侧移，表示“延长”。|https://d.bmcx.com/shouyu/_file/0/e0c38fc856bcff3f.png
5127	空白	事情事态	一手掌心从另一手掌心上刮过，然后打出手指字母“B”的指式。|https://d.bmcx.com/shouyu/_file/b/53729b75b13c85a1.png
5128	稳定	事情事态	一手五指弯曲，掌心向下，指尖抵于另一手掌心上，向下微按。|https://d.bmcx.com/shouyu/_file/7/f03efee09bb64108.png
5129	影响	事情事态	双手五指撮合，指尖相对，从两侧向中间边快速移动，并放开五指。|https://d.bmcx.com/shouyu/_file/6/71322570f6fef9b9.png
5130	普及	事情事态	（一）双手伸平，掌心向下，先交叉，后向两旁移动。（二）手指字母“J”的指式。|https://d.bmcx.com/shouyu/_file/d/a7299ec53b31286b.png
5131	提高	事情事态	（一）一手握拳，向上一提。（二）一手伸平，掌心向下，向上抬过头顶。|https://d.bmcx.com/shouyu/_file/1/0bdb1f1da6689637.png
5132	交流	事情事态	双手五指撮合，一左一右，指尖相对，然后交互转圈。|https://d.bmcx.com/shouyu/_file/d/212c7865b1323992.png
5133	推广	事情事态	（一）一手五指并拢，指尖抵于另一手伸出的拇指指背，向前推动一下。（二）双手五指相捏，指尖向下，同时向两侧移动，并放开五指。|https://d.bmcx.com/shouyu/_file/f/bd5b2915a5dfc83f.png
5134	改善	事情事态	一手食、中指伸直叉开，转一圈后改伸拇指，表示“改变”、“好转”。|https://d.bmcx.com/shouyu/_file/c/7f9cd7b43de2f5f3.png
5135	改良	事情事态	一手食、中指伸直叉开，转一圈后改伸拇指，表示“改变”、“好转”。|https://d.bmcx.com/shouyu/_file/9/bde94eb4f0088f83.png
5136	改变	事情事态	一手食、中指伸直叉开，转一圈后改伸拇指，表示“改变”、“好转”。|https://d.bmcx.com/shouyu/_file/e/2f65e11505de5f40.png
5137	好转	事情事态	一手食、中指伸直叉开，转一圈后改伸拇指，表示“改变”、“好转”。|https://d.bmcx.com/shouyu/_file/5/ebba2a418b5d0fb4.png
5138	转折	事情事态	一手侧伸，向前一伸，再转角伸一下。|https://d.bmcx.com/shouyu/_file/d/f8a80c6181398240.png
5139	曲折	事情事态	一手侧伸，向前作曲线状移动。|https://d.bmcx.com/shouyu/_file/1/e16d64ee4e1770a5.png
5140	酝酿	事情事态	（一）一手拍两下另一手背，表示“正在准备”。（二）一手五指并拢，在另一手掌心上磨动几下，表示“研究”。|https://d.bmcx.com/shouyu/_file/a/ce138c17204b642f.png
5141	恢复	事情事态	双手平伸，掌心向下，然后翻转，掌心向上。|https://d.bmcx.com/shouyu/_file/0/e1dcf20ec095743f.png
5142	努力	事情事态	（一）双手握拳屈肘，在胸前交替向前转动两下。
（二）一手握拳屈肘，向内弯动一下。（图中所示）注：图为（二）的手势。|https://d.bmcx.com/shouyu/_file/8/3ca5c95279ea9054.png
5143	竭力	事情事态	一手握拳曲肘，手臂高抬向下动几下。|https://d.bmcx.com/shouyu/_file/4/2bcbf921739b40fc.png
5144	加紧	事情事态	（一）一手拇、食指握成圆形，贴到另一手掌心上。（二）一手先虚握，再握紧。|https://d.bmcx.com/shouyu/_file/d/cf48e9fae2576c85.png
5145	道理	事情事态	（一）一手食指在嘴前转动几下，表示“说话”。（二）一手打手指字母“L”的指式，并转动几下。|https://d.bmcx.com/shouyu/_file/6/3cbc3d2df6f9731a.png
5146	理由	事情事态	（一）一手打手指字母“L”的指式，横于嘴前转动几下。（二）一手食指依次点动另一手五指。|https://d.bmcx.com/shouyu/_file/5/c1caa47c3f4d8033.png
5147	舆论	事情事态	（一）双手食、中、无名指搭成“众”字形，并转动一圈。（二）一手打手指字母“L”的指式，并转动一圈。|https://d.bmcx.com/shouyu/_file/1/4bfb45fc505e8a40.png
5148	讲话	事情事态	一手食指横于嘴前转动几下，表示说话。|https://d.bmcx.com/shouyu/_file/d/9fcdb864a41e823c.png
5149	姿态	事情事态	（一）双手拇、食指伸直，在脸颊两边交替上下动几下。（二）一手食指绕脸部划一圈。|https://d.bmcx.com/shouyu/_file/b/bcce14ff55a939e9.png
5150	专门	事情事态	（一）一手五指先张开，沿另一手食指边向上移动边收握成拳，表示“专一”。（二）双手五指并拢，互相靠拢，表示“门”。|https://d.bmcx.com/shouyu/_file/1/aee16d52f846ee23.png
5151	窍门	事情事态	（一）一手打手指字母“Q”的指式，指尖先抵于太阳穴处，然后向外放开五指，表示“窍门”。（二）双手五指并拢，互相靠拢，表示“门”。|https://d.bmcx.com/shouyu/_file/a/f5b7f22a9b5516d1.png
5152	本领	事情事态	一手拍打另一手背，伸出拇指，表示手艺很好，引申为“本领”。|https://d.bmcx.com/shouyu/_file/a/e819c99b0794e778.png
5153	效益	事情事态	（一）右手拍打左手掌心，再向上伸出拇指。（二）一手伸出食指横着不动（“一”与“益”同音）。|https://d.bmcx.com/shouyu/_file/0/7c45474b1ac961ab.png
5154	成效	事情事态	成效 右手拍打左手掌心，再向上伸出拇指。|https://d.bmcx.com/shouyu/_file/b/8f6d248eeb1e310c.png
5155	反应	事情事态	（一）一手平伸，掌心先向下，然后翻转为掌心向上。（二）一手食指指点一下太阳穴。|https://d.bmcx.com/shouyu/_file/5/df04b5d8906d0b0e.png
5156	体现	事情事态	（一）一手贴于胸部，向下微移。（二）双手伸直，掌心向内，一手不动，另一手向里动一下。|https://d.bmcx.com/shouyu/_file/4/4c539281f7e0c65a.png
5157	表现	事情事态	（一）手指字母“B”的指式。（二）双手伸直，掌心向内，一手不动，另一手向里动一下。|https://d.bmcx.com/shouyu/_file/f/6bb8da2f5fd30f6d.png
5158	利益	事情事态	（一）双手伸开，作弧形向内收拢，表示“收获”。（二）一手食指平伸，“一”与“益”同音，此处借用。|https://d.bmcx.com/shouyu/_file/b/47dd235be38d7ec9.png
5159	公益	事情事态	（一）双手拇、食指搭成“公”字形。（二）一手食指平伸，“一”与“益”同音，此处借用。|https://d.bmcx.com/shouyu/_file/c/62c886f37053abac.png
5160	程度	事情事态	（一）双手食指搭成“+”形，一手竖立不动，横伸的食指沿竖立的食指上下移动几下，象征温度计的水银柱升降。（二）一手拇、食指握成小圆形。|https://d.bmcx.com/shouyu/_file/0/245b16157b88689a.png
5161	进度	事情事态	（一）一手拇、食指伸直，以小指在另一手掌心上向前移动。（二）一手拇、食指捏成小圆形。|https://d.bmcx.com/shouyu/_file/4/4e0d3061ddbdff7a.png
5162	典型	事情事态	（一）手指字母“D”的指式。（二）双手五指微曲，掌心相对，同时转动一下。|https://d.bmcx.com/shouyu/_file/9/e585e8cd273e305b.png
5163	象征	事情事态	（一）一手食、中指伸直，在脸颊侧微微挥动几下，表示“好象”。（二）双手伸平，掌心向上，从两旁向中间并拢。|https://d.bmcx.com/shouyu/_file/4/3be75a94bfdce168.png
5164	传统	事情事态	（一）左手侧立，五指张开，右手拇指与食指相捏，从左手拇指开始依次向下传递，表示一代一代下传。（二）双手食指指尖相对，同时向下移动。|https://d.bmcx.com/shouyu/_file/3/5330fbc0d15fed4c.png
5165	根源	事情事态	（一）左手五指向下张开，右手握住左手腕部。（二）一手五指伸开，掌心向下，向一侧斜着作波纹状移动。|https://d.bmcx.com/shouyu/_file/b/38785bbd3dbc403f.png
5166	环境	事情事态	（一）一手食指在胸前划一圈，表示一个范围。（二）手指字母“J”的指式。|https://d.bmcx.com/shouyu/_file/f/5fe314a75e720794.png
5167	前途	事情事态	（一）一手食指向前指一下。（二）双手侧伸，掌心相对，向前伸出，表示“路途”。|https://d.bmcx.com/shouyu/_file/5/7121f5c1a3fcc418.png
5168	贡献	事情事态	双手掌心向上，同时向前上方伸出，表示奉献。|https://d.bmcx.com/shouyu/_file/0/148807ee2338b756.png
5169	顺利	事情事态	一手伸掌，指尖向上，向一侧推移，然后打手指字母“L”的指式。|https://d.bmcx.com/shouyu/_file/4/00ec22d772bdbae9.png
5170	麻烦	事情事态	一手五指撮合，指尖抵于前额，缓缓转动几下，脸露“烦恼”表情。|https://d.bmcx.com/shouyu/_file/a/825e68201225cb74.png
5171	点缀	事情事态	（一）双手五指撮合，指尖相对，然后互相碰一下，模拟组装动作。（二）双手五指放开，掌心向外，左右移动两下，表示“布置”、“装饰”之意。|https://d.bmcx.com/shouyu/_file/c/53476eac8a53d427.png
5172	装饰	事情事态	双手五指放开，掌心向外，左右移动两下，表示“布置”、“装饰”之意。|https://d.bmcx.com/shouyu/_file/7/41ed0dcec4c93f38.png
5173	构成	事情事态	（一）双手五指在指关节处互相穿插、夹住。（二）一手伸出拇指，向上提一下。|https://d.bmcx.com/shouyu/_file/2/965571d4ed6e9b93.png
5174	冲淡	事情事态	一）双手五指撮合，从两侧向中间移动，同时放开五指，即“互冲”的意思。（二）一手拇指从食指跟部向指尖缓慢移动。|https://d.bmcx.com/shouyu/_file/1/e08e47326f2e6759.png
5175	布局	事情事态	（一）双手平伸，掌心向下，从中间向两边平行移动。（二）手指字母“J”的指式。|https://d.bmcx.com/shouyu/_file/8/aeb4a79882ad034c.png
5176	定局	事情事态	（一）一手食指向下挥动一下。（二）手指字母“J”的指式。|https://d.bmcx.com/shouyu/_file/8/e06280730151a125.png
5177	实行	事情事态	一）一手食、中指相叠，从左向右挥动。（二）双手握拳，右拳打一下左拳。|https://d.bmcx.com/shouyu/_file/e/a3994e78d8f544e8.png
5178	遵守	事情事态	（一）一手指尖抵于耳边，身体向前微微倾一下，表示信任。（二）双手侧伸，掌心相对，向前伸出，表示“路途”。|https://d.bmcx.com/shouyu/_file/d/d3db18c83d656d5b.png
5179	约束	事情事态	约束 左手拇、小指直立不动，右手拇、食指捏成小圆圈，套住左手拇指，转动几圈，表示受到约束。|https://d.bmcx.com/shouyu/_file/7/e7076a71fbc7617d.png
5180	差别	事情事态	双手伸平，掌心向下，一手不动，另一手向下沉一下。|https://d.bmcx.com/shouyu/_file/b/558de0a5fc28c4ca.png
5181	差距	事情事态	（一）双手伸平，掌心向下，一手不动，另一手向下沉一下。（二）双手侧立，掌心向内，一前一后。在后的手不动，在前的手向外移动一下，表示距离。|https://d.bmcx.com/shouyu/_file/3/ee8799e551e846e2.png
5182	相同	事情事态	一手伸出食、中指，左右平行来回移动一下。|https://d.bmcx.com/shouyu/_file/a/1892a8a6252589c6.png
5183	增加	事情事态	一手拇、食指先握成圆形，移贴到另一手掌心上。|https://d.bmcx.com/shouyu/_file/f/aecc168867845b71.png
5184	加大	事情事态	一手拇、食指先握成圆形，移贴到另一手掌心上。|https://d.bmcx.com/shouyu/_file/7/dab6fa05e977a492.png
5185	扣除	事情事态	一手在另一手掌心上作削刮动作，表示“减少”、“削减”。|https://d.bmcx.com/shouyu/_file/e/c536b0023e6bf602.png
5186	削减	事情事态	一手在另一手掌心上作削刮动作，表示“减少”、“削减”。|https://d.bmcx.com/shouyu/_file/3/74d8af02fad436ac.png
5187	胜任	事情事态	（一）一手先伸直，然后四指弯曲握拳，拇指向上伸出，表示“能”、“可以”。（二）一手拍打另一肩部。|https://d.bmcx.com/shouyu/_file/e/dc033f5bc1228bbc.png
5188	踊跃	事情事态	双手拇、小指伸直，交替向前跃动几次。|https://d.bmcx.com/shouyu/_file/3/b3afaadb7e4c7781.png
5189	响应	事情事态	一手伸出拇指，举过头顶，表示“赞成”。|https://d.bmcx.com/shouyu/_file/e/5d5201420854ce7c.png
5190	赞成	事情事态	一手伸出拇指，举过头顶，表示“赞成”。|https://d.bmcx.com/shouyu/_file/f/8e7cde1da6d03733.png
5191	避免	事情事态	双手伸直，掌心向前，向外一推，上身同时向后一倾，表示“防止”、“避开”。|https://d.bmcx.com/shouyu/_file/5/d631b407a06d2cca.png
5192	防止	事情事态	双手伸直，掌心向前，向外一推，上身同时向后一倾，表示“防止”、“避开”。|https://d.bmcx.com/shouyu/_file/c/9c63f95978395c71.png
5193	避开	事情事态	双手伸直，掌心向前，向外一推，上身同时向后一倾，表示“防止”、“避开”。|https://d.bmcx.com/shouyu/_file/1/ecb08c6c5904bd6b.png
5194	摆脱	事情事态	摆脱 右手从左肩到左臂掠下。|https://d.bmcx.com/shouyu/_file/2/19d481747b27ac93.png
5195	动作	事情事态	（一）双手握拳曲肘，交替转动几下。（二）双手握拳，一拳敲打另一拳。|https://d.bmcx.com/shouyu/_file/2/c143f0b36051b365.png
5196	争取	事情事态	一手五指张开，向前作抓物状，然后收回并握拳，表示“争得”。|https://d.bmcx.com/shouyu/_file/1/e60f63df0a3a30bb.png
5197	争得	事情事态	一手五指张开，向前作抓物状，然后收回并握拳，表示“争得”。|https://d.bmcx.com/shouyu/_file/0/879ae0b6df39d915.png
5198	督促	事情事态	一手食指向另一手食指电动两下。|https://d.bmcx.com/shouyu/_file/b/3778e83d48027525.png
5199	促进	事情事态	（一）一手食指向另一手食指电动两下。（二）一手拇、食指相捏，向前伸出，两指同时放开。|https://d.bmcx.com/shouyu/_file/b/2a423dc6a8820c74.png
5200	震动	事情事态	双手五指张开，掌心向下，左右用力抖动几下。|https://d.bmcx.com/shouyu/_file/2/93c6c43c3093775f.png
5201	冲突	事情事态	双手拇、小指伸直，拇指横向互碰一下。|https://d.bmcx.com/shouyu/_file/c/6aa6bf9289665733.png
5202	泛滥	事情事态	双手五指张开，掌心向下，作波纹状先向上浮动，再向两旁移动，表示洪水涨高泛出堤坝。|https://d.bmcx.com/shouyu/_file/2/542269fff253c8a8.png
5203	拥挤	事情事态	双手五指合拢，微微摇动，象征“人多拥挤”的样子|https://d.bmcx.com/shouyu/_file/e/cf8b8a7c588fadc0.png
5204	隐患	事情事态	一手小指向上，在另一手掌心下指点一下。|https://d.bmcx.com/shouyu/_file/7/4888dbb4a7fc329f.png
5205	幸亏	事情事态	一手先拍打一下前额，然后向外伸出拇指。|https://d.bmcx.com/shouyu/_file/3/122afbd69d6290bc.png
5206	逐步	事情事态	（一）手指字母“ZH”、“U”的指式。（二）左手横立，掌心向内，五指张开；右手拇、食指相捏，从左手拇指开始，依次向下在各指尖点一下。|https://d.bmcx.com/shouyu/_file/2/99634002c02e64cd.png
5207	慢慢	事情事态	（一）手指字母“ZH”、“U”的指式。（二）左手横立，掌心向内，五指张开；右手拇、食指相捏，从左手拇指开始，依次向下在各指尖点一下。|https://d.bmcx.com/shouyu/_file/9/228e50ede1303bd5.png
5208	渐渐	事情事态	（一）手指字母“ZH”、“U”的指式。（二）左手横立，掌心向内，五指张开；右手拇、食指相捏，从左手拇指开始，依次向下在各指尖点一下。|https://d.bmcx.com/shouyu/_file/2/4558d6fea4a121f6.png
5209	状况	事情事态	（一）双手拇、食指成“凵”形，置于脸颊两边，交替上下动几下。（二）双手五指伸开，手掌相贴，一手不动，一手向下搓动，表示各种情况。|https://d.bmcx.com/shouyu/_file/9/79242c8a8bea33db.png
5210	状态	事情事态	（一）双手拇、食指成“凵”形，置于脸颊两边，交替上下动几下。（二）双手五指伸开，手掌相贴，一手不动，一手向下搓动，表示各种情况。|https://d.bmcx.com/shouyu/_file/0/aa0622e7f760df39.png
5211	见面	事情事态	见面 两手各伸出拇、小指，由两旁向中间靠近，象征两个人会见|https://d.bmcx.com/shouyu/_file/6/96a96f45c765da26.png
5212	事	事情事态	（一）一手食、中指相搭，即“十”字。“十”与“事”同音，此处借用。（二）双手五指伸开，手掌相合，一手不动，一手向下搓动，表示一件一件事情的经历。|https://d.bmcx.com/shouyu/_file/3/e03e596c76023c2f.png
5213	帮个忙	事情事态	双手掌心向外，拍动两下，表示给人援助、帮助。|https://d.bmcx.com/shouyu/_file/8/f6ee72159c95a39b.png
5214	帮	事情事态	帮 帮助,双手掌心向外，拍动两下，表示给人援助、帮助。|https://d.bmcx.com/shouyu/_file/3/791642951b815498.png
5215	娘	事情事态	娘 同妈妈，一手伸食指贴在嘴唇上。|https://d.bmcx.com/shouyu/_file/d/3a4fc3ca2d996c5a.png
5216	主演	事情事态	（一）一手伸拇指贴于胸前。（二）同“配角”手势。（双手各伸拇、小指，相对转动。）|https://d.bmcx.com/shouyu/_file/9/bcf0fc7fe2b60db9.png
5217	奉献	事情事态	双手掌心向上，同时向前上方伸出，表示奉献。|https://d.bmcx.com/shouyu/_file/0/148807ee2338b756.png
5218	幸福	事情事态	一手打手指字母X的指式，并贴于胸部绕一圈|https://d.bmcx.com/shouyu/_file/no_picture.png
5219	不知道	事情事态	一手掌横置额前，然后从一侧向另一侧划过，同时脸露疑惑状|https://d.bmcx.com/shouyu/_file/no_picture.png
5220	汗	事情事态	一手五指微张，自前额向面颊部划动，象征流汗。（可根据实际情况模仿热的状态）|https://d.bmcx.com/shouyu/_file/2/113508c499720a7b.png
5221	汗水	事情事态	一手五指微张，自前额向面颊部划动，象征流汗。（可根据实际情况模仿热的状态）|https://d.bmcx.com/shouyu/_file/2/113508c499720a7b.png
5222	第	事情事态	第 左手（向上）伸拇指；右手伸食指敲一下左手拇指尖|https://d.bmcx.com/shouyu/_file/no_picture.png
5223	客人	事情事态	双手掌心向上，在腰部向旁移，表示邀请之意|https://d.bmcx.com/shouyu/_file/4/5251db0bf1f35a60.png
5224	实际	事情事态	（一）左手食指横伸；右手食指、中指相叠，向左手食指敲一下。
（二）一手打手指字母“J”的指式。|https://d.bmcx.com/shouyu/_file/no_picture.png
5225	处境	事情事态	（一）一手伸拇指、小指，在胸前向下一顿。
（二）一手伸食指，指尖朝下划一圈。|https://d.bmcx.com/shouyu/_file/no_picture.png
5226	优势	事情事态	（一）一手伸出拇指，向上一挑。
（二）双手五指微曲分开，掌心相对，同时向前转动一下。|https://d.bmcx.com/shouyu/_file/no_picture.png
5227	声势	事情事态	（一）一手食指直立，在耳边左右动几下。
（二）双手五指微曲分开，掌心相对，同时向前转动一下。|https://d.bmcx.com/shouyu/_file/no_picture.png
5228	形态	事情事态	（一）一手食、中指搭成“开”字形，然后右手中、无名、小指在“开”字旁撇一下，组成“形”字形。同形势
（二）双手拇指、食指成“┖　┚”形，置于脸颊两边，并交替上下动几下。|https://d.bmcx.com/shouyu/_file/no_picture.png
5229	动态	事情事态	（一）双手握拳屈肘，在胸前前后交替转动几下。
（二）双手拇指、食指成“┖　┚”形，置于脸颊两边，并交替上下动几下。|https://d.bmcx.com/shouyu/_file/no_picture.png
5230	感激	事情事态	（一）右手掌贴于左胸前。
（二）双手拇指、食指搭成“心”的形状，置于胸前上下动几下，同时面带感激的神情。|https://d.bmcx.com/shouyu/_file/no_picture.png
5231	可爱	事情事态	（一）一手五指伸直，指尖向上，然后拇指不动，其余四指弯动几下。图见“可以”手势
（二）一手轻轻抚摩另一手拇指指背，表示一种“怜爱”的感情。图见“爱”的手势|https://d.bmcx.com/shouyu/_file/no_picture.png
5232	圣火	事情事态	圣火 1、一手伸出拇指，坐于另一手掌心上，从胸前向上举过头顶。（图看神圣的手势）2、双手五指微曲，指尖向上，交替上下动几下，如火苗跳动状。|https://d.bmcx.com/shouyu/_file/no_picture.png
5233	坐式排球	事情事态	（一）一手伸出拇、小指，坐于另一手掌心上。（二）双手五指微曲，指尖向上，上下微动，如打排球状。|https://d.bmcx.com/shouyu/_file/no_picture.png
4922	简单	性质性能	简单 右手拇指捏食指指尖，在左臂上打一下，再抽出来抖动几下，表示“不费力”、“简单”、“方便”。|https://d.bmcx.com/shouyu/_file/2/cbab559ba588046a.png
4923	不费力	性质性能	不费力 右手拇指捏食指指尖，在左臂上打一下，再抽出来抖动几下，表示“不费力”、“简单”、“方便”。|https://d.bmcx.com/shouyu/_file/c/b56df69a20171dc6.png
4924	方便	性质性能	方便 右手拇指捏食指指尖，在左臂上打一下，再抽出来抖动几下，表示“不费力”、“简单”、“方便”。|https://d.bmcx.com/shouyu/_file/0/ac31bdc01d0e05a2.png
4925	单纯	性质性能	（一）一手食指轻轻甩动一下。（二）手指字母“CH”的指式。|https://d.bmcx.com/shouyu/_file/c/0b06641d83641cc2.png
4926	复杂	性质性能	双手五指微曲，指尖相对，交替转动几下。|https://d.bmcx.com/shouyu/_file/7/6abee34c09849899.png
4927	烦琐	性质性能	（一）一手五指虚撮，指尖抵于额头，表示“烦恼”。（二）双手拇、食指相捏，指尖相对，如折物状，微动几下，表示“琐碎”。|https://d.bmcx.com/shouyu/_file/2/4a1e7e263c00bc36.png
4928	烦恼	性质性能	（一）一手五指虚撮，指尖抵于额头，表示“烦恼”。()|https://d.bmcx.com/shouyu/_file/6/fca193cb7980785c.png
4929	琐碎	性质性能	双手拇、食指相捏，指尖相对，如折物状，微动几下，表示“琐碎”。   ()|https://d.bmcx.com/shouyu/_file/6/d3ca60e532ba1597.png
4930	正确	性质性能	一手五指并拢，向前直伸。|https://d.bmcx.com/shouyu/_file/e/249a7ed1e4a2b225.png
4931	准确	性质性能	（一）一手五指并拢，指尖对准另一手伸直的食指。（二）一手伸出拇指，向下一顿。|https://d.bmcx.com/shouyu/_file/7/ea344028e076f637.png
4932	错误	性质性能	一手食、中指相搭，在额前翻转一下。|https://d.bmcx.com/shouyu/_file/8/f7f2f7d5bd07fdf0.png
4933	荒谬	性质性能	一手小指在嘴边转动几下，然后向下划动。|https://d.bmcx.com/shouyu/_file/0/923d1e1f10e53cf7.png
4934	明显	性质性能	（一）一手掌心从另一手掌心上擦过，并握拳伸出拇指。（二）双手伸平，掌心向上，一手不动，另一手向上提一下，表示“显现”。|https://d.bmcx.com/shouyu/_file/f/0aa1498beb43ee6f.png
4935	明确	性质性能	（一）一手掌心从另一手掌心上擦过，并握拳伸出拇指。（二）一手食指指点太阳穴处，表示“知道”。|https://d.bmcx.com/shouyu/_file/b/1a201c4f8dc0a7e9.png
4936	清楚	性质性能	一手掌心从另一手掌心上擦过（幅度大一点），并握拳伸出拇指。|https://d.bmcx.com/shouyu/_file/1/e54f052d60dad2fb.png
4937	盲目	性质性能	一手食、中指贴于两眼。|https://d.bmcx.com/shouyu/_file/b/9029e1360d788b24.png
4938	广泛	性质性能	双手伸平，掌心向下，从胸前向两侧展开。|https://d.bmcx.com/shouyu/_file/4/3aa4d44d7fe204b4.png
4939	狭隘	性质性能	双手侧伸，掌心相对，边向前移动边缩小距离，表示“狭窄”。|https://d.bmcx.com/shouyu/_file/9/c03bbfaac094b2b0.png
4940	狭窄	性质性能	双手侧伸，掌心相对，边向前移动边缩小距离，表示“狭窄”。|https://d.bmcx.com/shouyu/_file/a/7d2e8f03ed007af8.png
4941	妥当	性质性能	（一）双手五指放开，掌心向下，向两侧移动一下。（二）右手伸出拇指，表示安排妥当。|https://d.bmcx.com/shouyu/_file/a/54a8af3d7448a042.png
4942	可靠	性质性能	（一）一掌伸直，指尖向上，然后四指弯曲一下，表示“可以”。（二）右手按于左肩部。|https://d.bmcx.com/shouyu/_file/2/34c3622858c1cbdc.png
4943	恰当	性质性能	（一）双手侧伸，指尖相对，交叉移动。（二）右手伸出拇指，表示安排妥当。|https://d.bmcx.com/shouyu/_file/e/c42a1662bcae4dca.png
4944	适当	性质性能	（一）双手侧伸，指尖相对，交叉移动。（二）右手伸出拇指，表示安排妥当。|https://d.bmcx.com/shouyu/_file/9/ccf609cc9d2525ea.png
4945	相当	性质性能	（一）右手食、中指伸平，自左向右平行移动。（二）双手伸出拇指，向中间碰一下。|https://d.bmcx.com/shouyu/_file/7/6ce0a987f6d47160.png
4946	亲密	性质性能	双手伸出拇指，紧紧靠拢，摇动几下。|https://d.bmcx.com/shouyu/_file/2/09ceab5c34a6deab.png
4947	疏远	性质性能	双手拇、小指直立，左右相对，然后从中间向两旁拉开。|https://d.bmcx.com/shouyu/_file/a/b665fd74820d071a.png
4948	熟悉	性质性能	（一）一手伸出拇、食指，食指先是竖直向上，然后向下弯曲，拇指同时由下翻向上。（二）一手食指指点太阳穴。|https://d.bmcx.com/shouyu/_file/e/ea06cbebfafd96b1.png
4949	不认识	性质性能	双手伸出拇指，先靠在一起，然后向两旁分开，表示双方“不认识”、“不熟悉”。|https://d.bmcx.com/shouyu/_file/d/b5bd1f4cae8d5c3e.png
4950	不熟悉	性质性能	双手伸出拇指，先靠在一起，然后向两旁分开，表示双方“不认识”、“不熟悉”。|https://d.bmcx.com/shouyu/_file/d/4158b3b00ef08744.png
4951	极端	性质性能	（一）一手拇指抵于食指跟部，在另一手掌心上拍打一下。（二）一手拇、食指捏住另一手食指指尖。|https://d.bmcx.com/shouyu/_file/2/94b4d786b846265b.png
4952	突出	性质性能	突出 左手平伸，掌心向下，右手食指快速从左手食、中指缝中伸出。|https://d.bmcx.com/shouyu/_file/5/2bccdc14b8b1e042.png
4953	重要	性质性能	（一）双手五指微曲，掌心向上，在胸前向下一顿。（二）一手前伸，再向后微移。|https://d.bmcx.com/shouyu/_file/9/f18c760f9dff0625.png
4954	次要	性质性能	（一）一手食指敲打另一手食指指尖，表示“第二”。（二）一手前伸，再向后微移。|https://d.bmcx.com/shouyu/_file/a/c4137960f4784500.png
4955	必要	性质性能	（一）一手食指伸直，向下一挥，表示“一定”。（二）一手前伸，再向后微移。|https://d.bmcx.com/shouyu/_file/b/53596b7cc4348ea7.png
4956	多余	性质性能	（一）一手五指伸开，微微抖动几下，表示“多”。（二）一手掌心拍打几下另一手手背，表示多余下来的。|https://d.bmcx.com/shouyu/_file/0/42eaa3c35478b950.png
4957	正规	性质性能	（一）双手伸掌，掌心相对，从胸侧向前一顿。（二）手指字母“G”的指式。|https://d.bmcx.com/shouyu/_file/3/e88eecce8c8c4db5.png
4958	优良	性质性能	（一）一手伸出拇指，向上提一下。（二）一手食指打另一手拇指。|https://d.bmcx.com/shouyu/_file/b/1131c1f5524eb742.png
4959	普通	性质性能	一手伸出食、中指，在胸前左右来回挥动一下。|https://d.bmcx.com/shouyu/_file/7/b558caf9398ca8a7.png
4960	豪华	性质性能	（一）双手握拳伸出拇指，颤动地向上举起。（二）一手食、中指从眼部向下移动，同时收拢握拳，伸出拇指。|https://d.bmcx.com/shouyu/_file/f/e5be3b31e34700c8.png
4961	宝贵	性质性能	（一）一手掌心拍打另一手手背，拟拍拍婴儿状。（二）一手拇、食指握成圆形，上下动几下，表示“钱很多”，引申为“贵”。|https://d.bmcx.com/shouyu/_file/f/f4d0d7bdcbfdd957.png
4962	通顺	性质性能	（一）双手食指平伸，指尖相对，交错移动。（二）一手伸直，向一侧推移，然后握拳伸出拇指。|https://d.bmcx.com/shouyu/_file/5/f26140057e8eeb50.png
4963	颠倒	性质性能	（一）一手拇、小指伸直，其余三指屈握，，小指立于另一手掌心上。（二）拇指与小指位置互换，使拇指立于另一手掌心上。|https://d.bmcx.com/shouyu/_file/6/beffb75a41c4d657.png
4964	严重	性质性能	（一）一手食指绕脸划一圈。（二）双手五指微曲，掌心向上，在胸前向下一顿。|https://d.bmcx.com/shouyu/_file/6/22696993221de806.png
4965	严峻	性质性能	（一）一手食指绕脸划一圈。（二）手指字母“J”的指式。|https://d.bmcx.com/shouyu/_file/2/d5cecd3b1a5f61aa.png
4966	郑重	性质性能	（一）双手侧伸，掌心相对，从上向下一顿。（二）双手五指微曲，掌心向上，在胸前向下一顿。|https://d.bmcx.com/shouyu/_file/d/11bbf2e41f2e72ec.png
4967	沉重	性质性能	（一）一手伸平，掌心向上，缓缓下移，表示“沉”。（二）双手五指微曲，掌心向上，在胸前向下一顿。|https://d.bmcx.com/shouyu/_file/3/bf44b8ae5ecc4bab.png
4968	正式	性质性能	（一）双手侧伸，掌心相对，从上向下一顿。（二）手指字母“SH”的指式|https://d.bmcx.com/shouyu/_file/0/1048596e97261ac3.png
4969	奇怪	性质性能	一手拇、食指相捏，先贴于眼角处，然后弹开两指。|https://d.bmcx.com/shouyu/_file/c/4e6ad900ca69352b.png
4970	公平	性质性能	（一）双手拇、食指搭成“公”字形。（二）双手平伸，掌心向下，从中间分向两边平行移动。|https://d.bmcx.com/shouyu/_file/a/334828956f2006e6.png
4971	秘密	性质性能	一手食指贴于紧闭的嘴部。|https://d.bmcx.com/shouyu/_file/9/16f88dffa3fc3b0c.png
4972	公	性质性能	双手拇、食指搭成“公”字形()|https://d.bmcx.com/shouyu/_file/6/24a208ac901aa071.png
4973	泄露	性质性能	泄露 左手食、中、无名、小指并拢，与拇指弯成半圆形；右手五指并拢，指尖贴于左手掌心，然后缓缓向虎口外侧方移动，并放开五指，表示泄露。|https://d.bmcx.com/shouyu/_file/4/67c03dea154c1e84.png
4974	富强	性质性能	（一）双手伸开，掌心向下，拇指贴于胸前，手指微动几下。（二）双手握拳，在胸前向下一顿。|https://d.bmcx.com/shouyu/_file/b/459cc7e1a553ba68.png
4975	发达	性质性能	（一）双手五指虚握、靠拢，然后向上移动，并放开五指。（二）一手伸出拇指，向上提一下。|https://d.bmcx.com/shouyu/_file/3/54582eda2a0a5a4e.png
4976	丰富	性质性能	（一）一手食、中、无名指与另一手食指搭成“丰”字形。（二）双手伸开，掌心向下，拇指贴于胸前，手指微动几下。|https://d.bmcx.com/shouyu/_file/e/b53d93d012da3b8f.png
4977	贫困	性质性能	（一）双手掌心向上，腕部交叉，手臂上下微动几下，表示“乞讨”。（二）一手食指抵于太阳穴处转动几下。|https://d.bmcx.com/shouyu/_file/9/f54c9e020883d25f.png
4978	优点	性质性能	（一）一手伸出拇指，向上提一下。（二）一手食指点在另一手掌心上。|https://d.bmcx.com/shouyu/_file/6/0e6abf06ac64381f.png
4979	缺点	性质性能	（一）一手伸出小指，向下一甩。（二）一手食指点在另一手掌心上。|https://d.bmcx.com/shouyu/_file/4/277d336f8589bc87.png
4980	规模	性质性能	（一）手指字母“G”的指式。（二）手指字母“M”的指式，并划一圈。|https://d.bmcx.com/shouyu/_file/6/0a2e9fc6afbfb906.png
4981	模仿	性质性能	一）双手捧合，左右摇动几下。（二）双手拇、食指搭成“□”形，向旁移动一下。|https://d.bmcx.com/shouyu/_file/4/ffc9f2dd5c36b8af.png
4982	标准	性质性能	标准 左手食指伸直，右手五指并拢指向左手食指。|https://d.bmcx.com/shouyu/_file/6/554d1fc303419cae.png
4983	榜样	性质性能	一手五指并拢伸直，对准另一手拇指。|https://d.bmcx.com/shouyu/_file/5/c3101269a8be5c48.png
4984	质量	性质性能	（一）一手伸食、中指弹打另一手拳背。（二）手指字母“L”的指式。|https://d.bmcx.com/shouyu/_file/d/5a27f1aec3643511.png
4985	基础	性质性能	（一）左手握拳，右手握住左手腕部。（二）手指字母“B”的指式。|https://d.bmcx.com/shouyu/_file/2/5c712cef890d7bc2.png
4986	关键	性质性能	（一）双手拇、食指握圈，互相套环。（二）手指字母“J”的指式。|https://d.bmcx.com/shouyu/_file/c/ef6d65383990ee50.png
4987	核心	性质性能	（一）双手抱拳，象征果实的硬核。（二）双手拇、食指搭成“心”形。|https://d.bmcx.com/shouyu/_file/2/2d509465660a7827.png
4988	渗透	性质性能	渗透 左手伸平，掌心向下。右手五指在上作波浪形微动，然后从左手指缝中插下。|https://d.bmcx.com/shouyu/_file/d/e1f2223caab18379.png
4989	透彻	性质性能	（一）左手伸平，掌心向下，右手食指向下，从左手指缝中向下伸出。（二）一手掌心从另一手背上擦过，并收拢成拳伸出拇指。|https://d.bmcx.com/shouyu/_file/d/f7c7bba91b2f44d8.png
4990	精辟	性质性能	（一）手指字母“J”的指式。（二）一手侧伸，在另一手掌心上左右摆动几下。|https://d.bmcx.com/shouyu/_file/2/b996b0ac58d44b43.png
4991	深刻	性质性能	（一）左手侧伸，掌心向里，右手食指在左手掌心内向下移动。（二）一手食、中指并拢，在另一手拳背上作“雕刻”状。|https://d.bmcx.com/shouyu/_file/2/a120d1c40ffbaad6.png
4992	生动	性质性能	（一）手指字母“SH”的指式。（二）双手握拳曲肘，在胸前交替转几下。|https://d.bmcx.com/shouyu/_file/3/95bbc6eaa4e866a3.png
4993	尖锐	性质性能	尖锐 左手食指斜伸，右手拇、食指沿左手食指向外移出，手指并拢。|https://d.bmcx.com/shouyu/_file/a/8f763e58ccb56242.png
4994	精彩	性质性能	（一）手指字母“J”的指式。（二）一手五指在眼前抖动几下，表示“五彩缤纷”，引申为精彩。|https://d.bmcx.com/shouyu/_file/e/722c9be85e0dfec9.png
4995	五彩缤纷	性质性能	一手五指在眼前抖动几下，表示“五彩缤纷"()|https://d.bmcx.com/shouyu/_file/c/c59860a54cb4294c.png
4996	新鲜	性质性能	（一）一手握拳伸拇指，置于另一手手背上，然后向外移动。（二）手指字母“X”的指式。|https://d.bmcx.com/shouyu/_file/f/54daec2a84ff8ea0.png
4997	糟粕	性质性能	（一）双手五指微曲，指尖相抵，交替转动几下，表示“杂乱无章，理不出头绪”。（二）一手伸出小指，向下一甩。|https://d.bmcx.com/shouyu/_file/0/71699ac8a653d272.png
4998	精华	性质性能	（一）手指字母“J”的指式。（二）一手五指先撮合，然后边向上移动边放开五指|https://d.bmcx.com/shouyu/_file/f/a6c84ceef18800a2.png
4999	光明	性质性能	双手虚握，指尖相对，放于胸前，然后向上伸开五指。掌心向外，表示“发光”、“明亮”。|https://d.bmcx.com/shouyu/_file/0/b466b518d2a2c0f4.png
5000	发光	性质性能	双手虚握，指尖相对，放于胸前，然后向上伸开五指。掌心向外，表示“发光”、“明亮”。|https://d.bmcx.com/shouyu/_file/b/ef84c5e76b099f61.png
5001	明亮	性质性能	双手虚握，指尖相对，放于胸前，然后向上伸开五指。掌心向外，表示“发光”、“明亮”。|https://d.bmcx.com/shouyu/_file/e/316fba4bec16f9d2.png
5002	光辉	性质性能	（一）一手虚握，手背向上，然后五指向下张开。（二）双手五指撮合，手背向内，然后边向上移动边放开五指。|https://d.bmcx.com/shouyu/_file/d/57e9fe1ed0682612.png
5003	黑暗	性质性能	（一）一手打手指字母“H”的指式，并在头发上摸一下。（二）双手五指微曲，举于头两侧，然后缓缓下降，同时拇指与四指相捏，表示“阴暗”。|https://d.bmcx.com/shouyu/_file/d/15d4214aa7ef72e5.png
5004	阴暗	性质性能	双手五指微曲，举于头两侧，然后缓缓下降，同时拇指与四指相捏，表示“阴暗”。  ()|https://d.bmcx.com/shouyu/_file/3/7e48117fda7a3498.png
5005	灿烂	性质性能	双手五指撮合，掌心向内，然后抖动地边向斜上方移动边放开五指|https://d.bmcx.com/shouyu/_file/3/9ea2223f674c717b.png
5006	闪耀	性质性能	（一）一手食指指一下眼睛。（二）一手五指张开，微微抖动几下。|https://d.bmcx.com/shouyu/_file/1/5254664f06ec938e.png
5007	周到	性质性能	一手打“ZH”的指式，在胸前同一平面上绕一圈，然后伸出拇指。|https://d.bmcx.com/shouyu/_file/7/873d889c45321fdf.png
5008	完全	性质性能	一手打“W”的指式，上下绕一圈，然后伸出拇指，表示齐全。|https://d.bmcx.com/shouyu/_file/6/c47e4b20f15dac87.png
5009	齐全	性质性能	一手打“W”的指式，上下绕一圈，然后伸出拇指，表示齐全。|https://d.bmcx.com/shouyu/_file/7/e3f455caccdf27c7.png
5010	完整	性质性能	（一）一手打“W”的指式，上下绕一圈，然后伸出拇指，表示齐全。（二）双手掌心相对，向下一顿。|https://d.bmcx.com/shouyu/_file/9/1c2159f4244d6836.png
5011	扼要	性质性能	（一）双手拇、食指张开微曲，指尖相对，然后向中间收拢。（二）一手平伸，掌心向上，由外向里微微移动。|https://d.bmcx.com/shouyu/_file/c/4c1c912055e57e50.png
5012	风趣	性质性能	（一）同“风采”手势（一手五指分开微曲，指尖朝上，左右来回扇动。）（二）一手拇、食指相捏，放在嘴边捻动。|https://d.bmcx.com/shouyu/_file/8/b3e5d1c01eae8121.png
5013	干脆	性质性能	（一）一手食指与另一手食、中指搭成“干”字形。（二）双手拇指与四指相捏，手背向下，指尖相触，然后向上一挑。|https://d.bmcx.com/shouyu/_file/f/618ea60dd495dc45.png
5014	干枯	性质性能	（一）同“干脆”手势（一手食指与另一手食、中指搭成“干”字形。）（二）双手手腕相靠，掌心向上，手指先张开，然后收拢，表示花已萎缩。|https://d.bmcx.com/shouyu/_file/4/53072b189912f4d8.png
5015	枯萎	性质性能	（一）同“干脆”手势（一手食指与另一手食、中指搭成“干”字形。）（二）双手手腕相靠，掌心向上，手指先张开，然后收拢，表示花已萎缩。|https://d.bmcx.com/shouyu/_file/7/953b075cad1581c7.png
5016	功能	性质性能	（一）左手食、中指与右手食指搭成“I”字形，再在旁边书空“力”字，组成“功”字形。（二）一手握拳，肘部用力弯曲几下。|https://d.bmcx.com/shouyu/_file/a/7c36390d7c169303.png
5017	够	性质性能	够 右手拇指弯曲，其他四指伸直并拢，虎口对着左上胸部轻敲一下。|https://d.bmcx.com/shouyu/_file/d/3d49f73e9e95222f.png
5018	和谐	性质性能	（一）双手拇指贴于掌心，其他四指张开，然后从两侧向中间交会，并分别插入对方的指缝。（二）双手伸出拇指。|https://d.bmcx.com/shouyu/_file/2/59f485ff781bfcc9.png
5019	胡说	性质性能	（一）一手拇、食指捏成小圈贴于面颊。（二）一手伸食指横于嘴前转动几下。|https://d.bmcx.com/shouyu/_file/7/0b2579eb1be8f01e.png
5020	环节	性质性能	（一）双手拇、食指捏成小圆圈，相互套住，反复两次。（二）手指字母“J”的指式。|https://d.bmcx.com/shouyu/_file/b/161ba5cef309131f.png
5021	谎话	性质性能	（一）一手伸手在嘴前微微扇动几下，面露不相信神色。（二）同“胡说”手势（一手伸食指横于嘴前转动几下。）|https://d.bmcx.com/shouyu/_file/b/859a5e832f70a08b.png
5022	说谎	性质性能	（一）一手伸手在嘴前微微扇动几下，面露不相信神色。（二）同“胡说”手势（一手伸食指横于嘴前转动几下。）|https://d.bmcx.com/shouyu/_file/7/131848a0afd4fb2e.png
5023	荒唐	性质性能	双手拇、食指相捏，置于两侧太阳穴处，然后双手食指交替无规律地向外弹出，表示思维怪异混乱。|https://d.bmcx.com/shouyu/_file/9/827d3ca07c0ea745.png
5024	简陋	性质性能	（一）一手拇、食指相捏，上下动几下。（二）一手伸出小指，在胸前横划一下。|https://d.bmcx.com/shouyu/_file/f/c81dd06fd9637e5e.png
5025	精悍	性质性能	（一）手指字母“J”的指式。（二）右手伸拇指，指尖朝左，然后转腕成拇指向上。|https://d.bmcx.com/shouyu/_file/7/643630ecc8b4253f.png
5026	精巧	性质性能	（一）手指字母“J”的指式。（二）手指字母“Q”、“A”的指式。|https://d.bmcx.com/shouyu/_file/3/5531b5f03d1f4a22.png
5027	枯竭	性质性能	（一）左手成半圆形，虎口向上；右手平伸，掌心向下，在左手虎口旁作波纹状移动。（二）左手姿式不变；右手成“]”形；然后逐渐捏合五指。|https://d.bmcx.com/shouyu/_file/1/3b0891c7381c2261.png
5028	口径	性质性能	（一）一手食指指尖沿嘴划一圈。（二）左手拇、食相捏成圆形；右手食指在左手圆形上向下划一下。|https://d.bmcx.com/shouyu/_file/e/81f4b1c3d493e709.png
5029	可怜	性质性能	（一）一手五指伸直，指尖朝上，然后拇指不动，其他四指向外弯曲一下。（二）右手握拳贴于胸口，然后向前伸出手，并颠动几下。|https://d.bmcx.com/shouyu/_file/0/5e0a987cbbb12c99.png
5030	利索	性质性能	一）手指字母“L”的指式。（二）一手拇、食指相捏，在眼前快速地从一侧向一向挥动，表示动作敏捷。|https://d.bmcx.com/shouyu/_file/1/3ea31edef801f740.png
5031	灵敏	性质性能	（一）一手打手指字母“L”的指式，于腕边转动向上升。（二）一手拇、食指相捏，在眼前快速地从一侧向另一侧挥动。|https://d.bmcx.com/shouyu/_file/8/cd1afa53f91e98ff.png
5032	灵巧	性质性能	（一）同“灵敏”手势（一手打手指字母“L”的指式，于腕边转动向上升。）（二）同“精巧”手势（手指字母“Q”、“A”的指式。）|https://d.bmcx.com/shouyu/_file/3/fd014846c5459135.png
5033	冒失	性质性能	（一）左手成半圆形；虎口向上；右手打手指字母“M”的指式，从左手虎口里伸出来。（二）双手拼拢直立，掌心向前置于面前。然后头向前伸，双手分开，再将头缩回，手并拢，模仿冒然后进门的样子。|https://d.bmcx.com/shouyu/_file/c/2c58025171481569.png
5034	敏感	性质性能	（一）同“灵敏”手势（一手拇、食指相捏，在眼前快速地从一侧向另一侧挥动。）（二）同“感慨”手势（一手捂胸部，表示有所感受）|https://d.bmcx.com/shouyu/_file/9/c5e2df67c4a149d1.png
5035	敏锐	性质性能	（一）同“灵敏”手势（一手拇、食指相捏，在眼前快速地从一侧向另一侧挥动。）（二）左手食指斜伸；右手拇、食指沿左手食指向外移出，手指并拢。|https://d.bmcx.com/shouyu/_file/7/c654e87c7a238c30.png
5036	默契	性质性能	（一）一手五指并拢，贴于嘴部。（二）双手掌心向内，指尖相对，自上向下交叉下移，并伸出拇指，其他四指弯回。|https://d.bmcx.com/shouyu/_file/0/43865f954a0e1783.png
5037	溺爱	性质性能	（一）手指字母“N”的指式。（二）一手轻轻抚摸另一手拇指背。|https://d.bmcx.com/shouyu/_file/6/399233e99e6efc47.png
5038	普遍	性质性能	双手平伸，掌心向下，先交叉，再向两旁移动。|https://d.bmcx.com/shouyu/_file/f/05d0021659d8ddb2.png
5039	巧合	性质性能	（一）同“灵敏”手势（一手拇、食指相捏，在眼前快速地从一侧向另一侧挥动。）（二）双手直伸，掌心相对，由两侧向中间合拢。|https://d.bmcx.com/shouyu/_file/e/195cadb0010e1848.png
5040	巧妙	性质性能	（一）同“灵敏”手势（一手拇、食指相捏，在眼前快速地从一侧向另一侧挥动。）（二）一手打手指字母“M”的指式，然后边向下划动边伸出拇指。|https://d.bmcx.com/shouyu/_file/2/5fa28ee2fc656957.png
5041	气氛	性质性能	（一）同“娇气”手势（手指字母“Q”的指式，置于鼻前。）（二）一手打手指字母“F”的指式，在眼前上下作弧形划动。|https://d.bmcx.com/shouyu/_file/f/c7c76d8e0744f4f9.png
5042	娇气	性质性能	手指字母“Q”的指式，置于鼻前。|https://d.bmcx.com/shouyu/_file/8/bcc5088d780931f6.png
5043	坦率	性质性能	（一）双手平伸，掌心向上，指尖相对，置于胸前，然后同时向前伸出。（二）一手侧伸，指尖朝上，自胸口向上划至口部，表示口心一致。|https://d.bmcx.com/shouyu/_file/8/ed3bc00ee19ea433.png
5044	通俗	性质性能	（一）双手食指横伸，指尖相对，由两侧向中间移动。（二）同“庸俗”手势（一手五指撮合，指尖在前额按一下，再向下移，并张开五指。）|https://d.bmcx.com/shouyu/_file/1/4b3307b8c98fa2e3.png
5045	婉转	性质性能	（一）双手伸食、中、无名指，指尖相对，一上一下交错转圈。（二）一手伸食指，横放嘴前，转动几下。|https://d.bmcx.com/shouyu/_file/f/f5256cdd81ad9155.png
5046	委婉	性质性能	（一）双手伸食、中、无名指，指尖相对，一上一下交错转圈。（二）一手伸食指，横放嘴前，转动几下。|https://d.bmcx.com/shouyu/_file/2/06a1bff2fe1e52b9.png
5047	微妙	性质性能	（一）一手拇指弹食指尖。（二）一手伸拇指，指尖朝上，左右微动。|https://d.bmcx.com/shouyu/_file/b/3ee2ccce0495106b.png
5048	温柔	性质性能	（一）双手五指微曲，掌心向上，在胸前交替上下动几下。（二）左手伸拇指；右手在左手拇指背上轻轻抚摸几下。|https://d.bmcx.com/shouyu/_file/0/0633340971de4473.png
5049	无聊	性质性能	（一）一手拇、食、中指互捻，连续几次。（二）一手拇、食指相捏，放在嘴边捻动。|https://d.bmcx.com/shouyu/_file/e/a5d5561b39eb08c5.png
5050	乏味	性质性能	（一）一手拇、食、中指互捻，连续几次。（二）一手拇、食指相捏，放在嘴边捻动。|https://d.bmcx.com/shouyu/_file/0/2190ec5c8152c898.png
5051	系列	性质性能	系列 左手打手指字母“X”的指式；右手手背向外，食、中、无名、小指横伸，在左手旁上下划几下。|https://d.bmcx.com/shouyu/_file/1/f71e3bf7e3ba6283.png
5052	吸引	性质性能	（一）一手五指张开，掌心向外，然后向内慢慢收拢五指。（二）一手食指弯曲如钩，在胸前由外向内移。|https://d.bmcx.com/shouyu/_file/2/9c36ca607bf952e1.png
5053	鲜艳	性质性能	（一）手指字母“X”的指式。（二）一手食、中、无名、小指紧贴嘴唇，指尖点动几下。|https://d.bmcx.com/shouyu/_file/e/7bedbbab9b9a055c.png
5054	显著	性质性能	（一）双手伸直，掌心向内，一手不动，另一手向里动一下。（二）左手平伸，掌心向下；右手食指从左手食、中指缝中向上快速伸出。|https://d.bmcx.com/shouyu/_file/4/e237bd3f7faa7334.png
5055	袖珍	性质性能	（一）一手拇、食指相捏，从另一手袖口处抽出，表示物体很小。（二）一手拇指捏小指指尖。|https://d.bmcx.com/shouyu/_file/c/4612968c97186f40.png
5056	悬殊	性质性能	双手平伸，掌心向下，然后一手上抬，另一手下移。|https://d.bmcx.com/shouyu/_file/e/ce4e17eae0267c33.png
5057	要害	性质性能	（一）同“扼要”手势（一手平伸，掌心向上，由外向里微微移动。）（二）一手伸出食指，指向喉部。|https://d.bmcx.com/shouyu/_file/4/ebcc30419c215f7e.png
5058	优秀	性质性能	（一）一手伸大拇指，向上移一下。（二）左手平伸，掌心向下；右手伸大拇指顶一下左掌心。|https://d.bmcx.com/shouyu/_file/2/98f99f3b2fd4f226.png
5059	用途	性质性能	（一）一手手臂向前伸出，掌心向上，五指微张，然后向后缩回握成拳。（二）双手侧伸，掌心相对，相距约15厘米，向前伸出。|https://d.bmcx.com/shouyu/_file/6/5d426e34abfb4bec.png
5060	用处	性质性能	（一）一手手臂向前伸出，掌心向上，五指微张，然后向后缩回握成拳。（二）双手侧伸，掌心相对，相距约15厘米，向前伸出。|https://d.bmcx.com/shouyu/_file/f/22c22bd066817378.png
5061	珍贵	性质性能	（一）一手拇、食指捏成小圆圈，置于另一手掌心上微微晃动。（二）一手拇、食指握成圆形，其他手指微曲上下动几下。|https://d.bmcx.com/shouyu/_file/c/dbafcd86cb79ee8c.png
5062	珍爱	性质性能	（一）同“珍贵”手势（一手拇、食指捏成小圆圈，置于另一手掌心上微微晃动。）（二）一手轻抚另一手拇指指背。|https://d.bmcx.com/shouyu/_file/1/9e47e6c70f053268.png
5063	著名	性质性能	（一）一手伸大拇指向上一翘。（二）同“名望”手势（一手食指沿另一手中、无名、小指指尖向下划动。）|https://d.bmcx.com/shouyu/_file/4/15b1df3ec1db40b8.png
5064	庄严	性质性能	（一）立正站直，双手五指并拢贴于两侧，表情庄重，模仿听泰国歌时的举止。（二）右手食指在脸上绕一圈，然后抵住右颊部。|https://d.bmcx.com/shouyu/_file/d/608208dce37e3406.png
5065	作用	性质性能	（一）双手握拳，上拳打下拳。（二）“用途”手势（一手手臂向前伸出，掌心向上，五指微张，然后向后缩回握成拳。）|https://d.bmcx.com/shouyu/_file/0/4994fde182b31d5e.png
5066	障碍	性质性能	障碍 左手握拳置于胸前；右手伸出拇、小指与左手相碰，并停住。表示遇到了障碍。|https://d.bmcx.com/shouyu/_file/0/5ec7fd78a5398a46.png
5067	真实	性质性能	（一）一手食指弹打另一手食指。（二）一手食、中指相叠，弹打另一手食指。|https://d.bmcx.com/shouyu/_file/8/ea65aec5edc455ef.png
5068	做	性质性能	双手握拳，上拳打下拳|https://d.bmcx.com/shouyu/_file/d/64ea3a02e01a2f4e.png
5069	作	性质性能	双手握拳，上拳打下拳|https://d.bmcx.com/shouyu/_file/7/00da0030e6aa84d1.png
5070	温暖	性质性能	双手微曲，掌心向上，由腹部慢慢地移到胸部。|https://d.bmcx.com/shouyu/_file/1/6ff43a73775ce394.png
5071	温度	性质性能	双手微曲，掌心向上，由腹部慢慢地移到胸部。（此手势供参考，同“暖”的手势）|https://d.bmcx.com/shouyu/_file/1/6ff43a73775ce394.png
4743	狗	动物	狗 左手五指撮合成尖形，指尖向前不动。右手伸食、中指，指尖分开，贴在左手背上，模拟狗头的外形。|https://d.bmcx.com/shouyu/_file/1/c68f21bd29c1ab07.png
4744	狐狸	动物	狐狸 先打“狼”手势。然后撮合的指尖以腕为中心转几个圈子（即“狡猾”手势）。因狐和狼外形相似，性情狡猾，故用此两种手势来表现。|https://d.bmcx.com/shouyu/_file/c/4ba92d7f0400292d.png
4745	熊猫	动物	（一）双手掌心向下，一前一后交互向前伸，模仿熊走路状态。（二）双手拇、食指捏成半圆形，贴在双眼上，象征熊猫黑色的眼圈。|https://d.bmcx.com/shouyu/_file/2/3b6831707580470f.png
4746	猫	动物	猫 右手在左手背上自腕部向指尖处抚摸，边摸边撮合手指，模仿抚摸猫背动作。|https://d.bmcx.com/shouyu/_file/a/1803340a75f3a3aa.png
4747	老鼠	动物	一手五指撮合成尖性，放在另一手掌心上，向前快速作曲线运动，象征老鼠的灵活动作。|https://d.bmcx.com/shouyu/_file/b/b4972e4712f65442.png
4748	鲸	动物	鲸 左手伸掌侧立，手背向外，向前作曲线移动（即“鱼”手势）。右手五指撮合，指尖向上，置于左掌心并向上放开五指，象征鲸喷水状。|https://d.bmcx.com/shouyu/_file/e/3507181f437a0dc7.png
4749	鳄鱼	动物	（一）双手指尖弯曲，掌心相对，腕部贴近嘴前，双掌开合几次，象征鳄鱼的长嘴。（二）张开双手，五指弯曲如兽抓，一前一后交互向前，象征鳄鱼双抓向前爬行。|https://d.bmcx.com/shouyu/_file/8/6c574ce5ee34bf6f.png
4750	蛇	动物	一手伸出食、中指，指尖分开，腕部贴近口边，向前下方作游动状，象征蛇分叉的舌头。|https://d.bmcx.com/shouyu/_file/4/6df3cc469e848108.png
4751	蛙	动物	一手五指撮合成尖形，置于另一手掌心上向前跳动，模仿蛙的跳跃动作。|https://d.bmcx.com/shouyu/_file/b/f8ba313e15ba8b6d.png
4752	青蛙	动物	一手五指撮合成尖形，置于另一手掌心上向前跳动，模仿蛙的跳跃动作。|https://d.bmcx.com/shouyu/_file/c/7b0350a92c7a0a17.png
4753	鹰	动物	（一）一手食指弯曲如钩，置于鼻尖下，象征鹰嘴。（二）双手左右展开如翅，轻轻扇动，象征鸟类飞行。|https://d.bmcx.com/shouyu/_file/c/d1fa2d06abc24561.png
4754	老鹰	动物	（一）一手食指弯曲如钩，置于鼻尖下，象征鹰嘴。（二）双手左右展开如翅，轻轻扇动，象征鸟类飞行。|https://d.bmcx.com/shouyu/_file/2/dd1169c1fd6dc747.png
4755	鹤	动物	一手拇、食指张开，相距约一寸，置于嘴前，向下移动，指尖缓缓撮合，象征鹤的长嘴。如系丹顶鹤，可加打“红”手势，再一手五指虚撮置于前额上。|https://d.bmcx.com/shouyu/_file/0/0e45a987bf0d2818.png
4756	丹顶鹤	动物	一手拇、食指张开，相距约一寸，置于嘴前，向下移动，指尖缓缓撮合，象征鹤的长嘴。如系丹顶鹤，可加打“红”手势，再一手五指虚撮置于前额上。|https://d.bmcx.com/shouyu/_file/6/96bb4ef1c7cfda43.png
4757	孔雀	动物	（一）一手伸拇、食指，指尖相捏，手背贴于嘴部，表示鸟嘴。（二）双手交叉互叠，掌心向下，手指尖向上，作扇形向两边张开，象征孔雀开屏状。|https://d.bmcx.com/shouyu/_file/5/e5f18899f9b0c3b4.png
4758	燕	动物	一手伸出拇、食、小指（拇指象征燕头，食、小指象征剪状燕尾），向前作波浪形运动，象征燕的飞行。|https://d.bmcx.com/shouyu/_file/7/b2bad84f3e838301.png
4759	燕子	动物	一手伸出拇、食、小指（拇指象征燕头，食、小指象征剪状燕尾），向前作波浪形运动，象征燕的飞行。|https://d.bmcx.com/shouyu/_file/d/506e7000ffec8a8e.png
4760	雀	动物	一）一手伸开，五指微曲，指尖在胸部点几下，表示麻点。（二）双手拇指互搭，其余手指张开轻轻扇动，象征飞行（此手势适用于一般鸟类。如喜鹊可加“喜欢”手势，黄雀可加“黄”手势）。|https://d.bmcx.com/shouyu/_file/f/55d4035d29d79af8.png
4761	麻雀	动物	一）一手伸开，五指微曲，指尖在胸部点几下，表示麻点。（二）双手拇指互搭，其余手指张开轻轻扇动，象征飞行（此手势适用于一般鸟类。如喜鹊可加“喜欢”手势，黄雀可加“黄”手势）。|https://d.bmcx.com/shouyu/_file/1/fc38878d82b3d92a.png
4762	喜鹊	动物	(一)喜欢的手势(二双手拇指互搭，其余手指张开轻轻扇动，象征飞行()|https://d.bmcx.com/shouyu/_file/a/7ddffdd8afe084fb.png
4763	黄雀	动物	(一)黄的手势(二)双手拇指互搭，其余手指张开轻轻扇动，象征飞行()|https://d.bmcx.com/shouyu/_file/c/76205c07036cc2c3.png
4764	蚂蚁	动物	（一）手指字母“M”的指式。（二）一手拇、食指相捏，指尖贴在另一手掌心上向前缓缓移动，象征蚂蚁爬行。|https://d.bmcx.com/shouyu/_file/9/7b6ab3e180ecccc7.png
4765	蚯蚓	动物	一手食指在另一手指缝间上下钻行蠕动，模仿蚯蚓在土中活动情况。|https://d.bmcx.com/shouyu/_file/9/54f238fc553ec798.png
4766	蜈蚣	动物	一手伸掌，五指张开，置于另一手食指上，一起向前蠕动，象征蜈蚣的多足及爬行。|https://d.bmcx.com/shouyu/_file/6/be95937d0f4564a0.png
4767	蝴蝶	动物	双手拇指互搭，其余各指张开轻轻扇动，象征蝴蝶的飞舞。|https://d.bmcx.com/shouyu/_file/6/c1f0ae4465729900.png
4768	苍蝇	动物	（一）双手虚撮，指尖贴于额部，象征苍蝇的大眼。（二）双手拇指互搭，其余各指张开轻轻扇动，象征蝴蝶的飞舞。|https://d.bmcx.com/shouyu/_file/c/855b00bd439946a3.png
4769	蚊	动物	一手伸拇、食、小指，食指指尖在另一手背上点一下，象征蚊子叮人动作。|https://d.bmcx.com/shouyu/_file/7/45817d287a774c44.png
4770	蚊子	动物	一手伸拇、食、小指，食指指尖在另一手背上点一下，象征蚊子叮人动作。|https://d.bmcx.com/shouyu/_file/4/13c95fc4c0187e47.png
4771	蟑螂	动物	（一）一手拇、食、中指相撮，指尖按在另一手掌心上，模仿盖章动作（“蟑”与“章”同音，此处借用）。（二）一手食指横放，一伸一曲作蠕动状，象征昆虫爬行。|https://d.bmcx.com/shouyu/_file/e/5280d9ff755a197d.png
4772	跳蚤	动物	一手食指在另一手背点一下，立即弹起再落下，象征蚤的跳动。|https://d.bmcx.com/shouyu/_file/f/42437f49b1dbaaca.png
4773	臭虫	动物	（一）一手伸掌在鼻前左右扇动，如驱散臭味。（二）一手食指在另一手背上捻一下，模仿捻杀臭虫的动作。|https://d.bmcx.com/shouyu/_file/9/8e2188a05d3446f2.png
4774	河马	动物	（一）同“淮河”手势（双手侧伸，掌心相对，相距约20厘米，向前作曲线状移动。）（二）同“斑马”手势（右手伸食指，指尖朝上，虎口贴近太阳穴，前后微动几下。）|https://d.bmcx.com/shouyu/_file/2/f2f15ce0a5882cb6.png
4775	黄鼠狼	动物	（一）右手打手指字母“H”的指式，并摸摸脸颊。（二）一手五指撮合成尖形，在另一手掌心上向前作快速曲线移动。（三）一手五指虚握，指尖对准嘴，边向外移，边捋五指边撮成尖形。|https://d.bmcx.com/shouyu/_file/7/bd3d4bc6c1356b25.png
4776	寄生虫	动物	（一）一手食指紧靠另一手拇指。（二）手指字母“SH”的指式。（三）同“害虫”的手势（右手伸食指，横放胸前，一伸一屈作蠕动状。）|https://d.bmcx.com/shouyu/_file/3/9f6c1cf01f2286ca.png
4777	甲虫	动物	（一）一手食指书空“甲”字。（二）同“害虫”的手势（右手伸食指，横放胸前，一伸一屈作蠕动状。）|https://d.bmcx.com/shouyu/_file/7/ed599e8f0d29ea78.png
4778	金丝猴	动物	（一）同“瑞金”手势（一手食指在另一手中指或无名指指根部点几下。）（二）右手拇、食指相捏，从嘴边向外作波纹状拉出。（三）一手掌心向下，五指并拢弯曲，手腕反转，以小指边沿贴在前额。|https://d.bmcx.com/shouyu/_file/4/91c43bd8034ec1be.png
4779	蝌蚪	动物	蝌蚪 左手拇、食指捏成小圆圈；右手食指顶住左手小圆圈，边弯动手指，边推小圆圈向左移动，表示蝌蚪在游动。|https://d.bmcx.com/shouyu/_file/2/05e9921be20cfe6f.png
4780	羚羊	动物	（一）一手打手指字母“L”的指式，并晃动两下。（二）右手食指弯曲如钩，虎口贴近太阳穴。|https://d.bmcx.com/shouyu/_file/b/5b9573f506d3cf91.png
4781	鹿	动物	鹿 右手拇、食、小指直立，拇指尖顶在太阳穴部，表示鹿的角。|https://d.bmcx.com/shouyu/_file/e/a9913f97cb0a2a82.png
4782	猫头鹰	动物	（一）双手拇、食指相捏，其他手指伸出，指尖相对，在嘴的两侧同时向外划动，表示猫的胡须。（二）右手食指指头部。（三）右手食指弯曲如钩，置于鼻尖下。|https://d.bmcx.com/shouyu/_file/4/7af8f6192da3f12b.png
4783	梅花鹿	动物	（一）一手拇、食指捏成小圆，在胸前贴几下。（二）右手五指撮合，指尖朝上，边向上移动边放开五指。（三）同“鹿”手势（右手拇、食、小指直立，拇指尖顶在太阳穴部，表示鹿的角。）|https://d.bmcx.com/shouyu/_file/2/c63b6401b2355f2e.png
4784	鸟	动物	一手拇、食指先捏成尖形，手背贴于嘴上，指尖开合几下，表示“鸟”的嘴。然后双手侧伸，掌心向下，扇动几下。|https://d.bmcx.com/shouyu/_file/0/0cae630fd3cb289a.png
4785	七星瓢虫	动物	（一）左手握拳，手背向上；右手食指在左手背上点几下，表示瓢虫前翅上的斑点。（二）同“害虫”的手势（右手伸食指，横放胸前，一伸一屈作蠕动状。）|https://d.bmcx.com/shouyu/_file/2/ccc66729f3455f6b.png
4786	企鹅	动物	双手平伸，指尖向前，掌心向下，置于腰两则，然后两手交替下按，身体随之左右摇摆，如企鹅走路状。|https://d.bmcx.com/shouyu/_file/e/61e713d88ff4ff6e.png
4787	蜻蜓	动物	蜻蜓 左手食、中两指与右手食指搭成“干”形，在眼前作不规则移动，如蜻蜓飞行状。|https://d.bmcx.com/shouyu/_file/4/598b3eb41dbdbac8.png
4788	鲨鱼	动物	一）双手腕部相抵，五指微曲，指尖相对，手掌作张开闭合动作。（二）右手侧伸，向前作曲线形移动。|https://d.bmcx.com/shouyu/_file/b/4075ecbbda8a225d.png
4789	水獭	动物	水獭 左手平伸，掌心向下，手指作波纹状点动；右手五指捏成尖形，从右向左作游动状，如水獭在水里游动的样子。|https://d.bmcx.com/shouyu/_file/b/321039c810c6d206.png
4790	松鼠	动物	松鼠 左手五指捏成尖形，指尖朝左前方；右手五指成“﹞”形，自左手腕外侧向手作弧形移动，并逐渐收拢五指，模仿松鼠尾巴的形状。|https://d.bmcx.com/shouyu/_file/3/e579296f2fb1c245.png
4791	天鹅	动物	一手拇、食、小指伸出，置于头上，然后边向前移动，拇、小指边上下划动。|https://d.bmcx.com/shouyu/_file/7/7f1f73b1fe4fdda3.png
4792	鸵鸟	动物	一）一手五指撮合，指尖向前，小臂向前抬起，然后手向前点动几下，如鸵鸟走路的姿势。（二）同“鸟”手势（一手拇、食指先捏成尖形，手背贴于嘴上，指尖开合几下，表示“鸟”的嘴。然后双手侧伸，掌心向下，扇动几下。）|https://d.bmcx.com/shouyu/_file/d/85a94fb3b3a90e5e.png
4793	蜗牛	动物	蜗牛 左手伸信、小指，其余三指相捏，手背朝上；右手五指虚捏成半圆形，置于左手背上，然后向前缓缓移动，如蜗牛爬行状。|https://d.bmcx.com/shouyu/_file/e/0a6ecdebdf396ade.png
4794	乌鸦	动物	（一）右手打手指字母“H”的指式，并在头发上摸一下。（二）同“鸟”手势（一手拇、食指先捏成尖形，手背贴于嘴上，指尖开合几下，表示“鸟”的嘴。然后双手侧伸，掌心向下，扇动几下。）|https://d.bmcx.com/shouyu/_file/8/742a06919b88b726.png
4795	犀牛	动物	一手拇、小指伸出，指尖朝上，拇指背贴着鼻子，模仿犀牛角的形状。|https://d.bmcx.com/shouyu/_file/a/cecbd7c6ffc0f414.png
4796	蟋蟀	动物	双手手背向上，食、中两指弯曲，指节相互碰触几下，模仿蟋蟀相斗的样子。|https://d.bmcx.com/shouyu/_file/0/7ceb5ef54f05fdf9.png
4797	蛐蛐	动物	双手手背向上，食、中两指弯曲，指节相互碰触几下，模仿蟋蟀相斗的样子。|https://d.bmcx.com/shouyu/_file/c/2503c8fb93a0e060.png
4798	蝎子	动物	（一）右手拇、食指弯曲张开，虎口向上；右手五指撮合成尖形置于右手虎口处，如蝎子的一对螯。（二）双手手背相贴，右手小指向上翘起，如蝎子的毒钩。|https://d.bmcx.com/shouyu/_file/f/b531515002d43f87.png
4799	雄	动物	一手打手指字母“X”的指式，自耳部向前划一下。|https://d.bmcx.com/shouyu/_file/e/52b392d82b20be6d.png
4800	公	动物	公 指性别,一手打手指字母“X”的指式，自耳部向前划一下。|https://d.bmcx.com/shouyu/_file/8/a18cc205d96aaf29.png
4801	雁	动物	一手拇、食指张开，手背向上，虎口向前，手边向前移动，拇、食指边作张合作，模仿雁子飞行状。|https://d.bmcx.com/shouyu/_file/6/62b255f9a41c964d.png
4802	大雁	动物	一手拇、食指张开，手背向上，虎口向前，手边向前移动，拇、食指边作张合作，模仿雁子飞行状。|https://d.bmcx.com/shouyu/_file/5/d14e441f83103376.png
4803	益虫	动物	（一）右手握拳，伸出拇指。（二）同“害虫”手势（右手伸食指，横放胸前，一伸出一屈作蠕动状。）|https://d.bmcx.com/shouyu/_file/0/1c89c58462362dee.png
4804	蛹	动物	蛹 左手虎口向外，五指虎捏成半圆形；右手食指在左掌心内弯动几下。|https://d.bmcx.com/shouyu/_file/7/35468510d1fe434c.png
4805	鸳鸯	动物	鸳鸯 两手虎口相对一前一后，拇、食指相捏，其他手提叉开伸出，并排向前作曲线移动，如鸳鸯在一起戏水状。|https://d.bmcx.com/shouyu/_file/f/92e8dfa9c5e1de06.png
4806	爪子	动物	（一）一手五指弯曲，指尖朝下，如兽爪。（二）手指字母“Z”的指式。|https://d.bmcx.com/shouyu/_file/d/5f0b5b686f68b6d0.png
4807	啄木鸟	动物	（一）左臂上举，五指张开，掌心向外；右手拇、食指相捏，指尖在左臂上点几下，如啄木鸟状。（二）同“鸟”手势（一手拇、食指先捏成尖形，手背贴于嘴上，指尖开合几下，表示“鸟”的嘴。然后双手侧伸，掌心向下，扇动几下。）|https://d.bmcx.com/shouyu/_file/1/17c5afd2a91763d7.png
4398	天气晴朗	天体气象	一手五指并拢，掌心向外，置于头部前方，向一边移动，同时伸出拇指，表示天气晴朗。|https://d.bmcx.com/shouyu/_file/a/90aa455e5447eea2.png
4399	云	天体气象	云 右手五指微曲，在头部上方转一圈，表示天上有云。|https://d.bmcx.com/shouyu/_file/a/53a0b3440390a506.png
4400	阴天	天体气象	一手伸出小指，指尖向上，在头前上方转一圈，表示天气不好，是阴天。|https://d.bmcx.com/shouyu/_file/4/b009df7fed6c22be.png
4401	雨	天体气象	一手五指分开微曲，指尖向下，上下快速动几下，象征雨点落下。|https://d.bmcx.com/shouyu/_file/3/43d0b4151dce8005.png
4402	下雨	天体气象	一手五指分开微曲，指尖向下，上下快速动几下，象征雨点落下。|https://d.bmcx.com/shouyu/_file/d/35890fec30810f7d.png
4403	阵雨	天体气象	阵雨 先打“雨”手势，然后向一旁移动，表示雨下了一阵后逐渐往他处移。|https://d.bmcx.com/shouyu/_file/8/777d0eeb6b88f9b0.png
4404	暴雨	天体气象	双手打“雨”手势，交替上下拍动，动作要猛而急，表示大而迅猛。|https://d.bmcx.com/shouyu/_file/6/0fe98c2259a4f530.png
4405	大雨	天体气象	双手打“雨”手势，交替上下拍动，动作要猛而急，表示大而迅猛。|https://d.bmcx.com/shouyu/_file/2/e374e8f09392340b.png
4406	风	天体气象	一手五指分开微曲，指尖向上，左右来回扇动，象征空气流动（即刮风）。|https://d.bmcx.com/shouyu/_file/2/d70bd3fd313b3fd7.png
4407	刮风	天体气象	一手五指分开微曲，指尖向上，左右来回扇动，象征空气流动（即刮风）。|https://d.bmcx.com/shouyu/_file/4/aafd0c9f5784ce63.png
4408	微风	天体气象	微风 同“风”手势，动作要轻而缓慢。|https://d.bmcx.com/shouyu/_file/b/a04d8e7fead88686.png
4409	狂风	天体气象	双手同时打“风”收支，双手交替扇动，动作要迅猛，幅度要大。|https://d.bmcx.com/shouyu/_file/7/5fd5a3c27bd2713e.png
4410	台风	天体气象	（一）手指字母“T”的指式。（二）双手同时打“风”收支，双手交替扇动，动作要迅猛，幅度要大。|https://d.bmcx.com/shouyu/_file/d/21fc13e0a599701b.png
4411	雷	天体气象	一手食指先指耳部，然后向外作“闪电”形伸出，同时五指放开，象征雷声震耳。|https://d.bmcx.com/shouyu/_file/d/668df7b059459974.png
4412	闪电	天体气象	一手食指书空“闪电”形，动作要快，表示闪电。|https://d.bmcx.com/shouyu/_file/4/cdcda8b3a8d556e4.png
4413	雾	天体气象	一手伸掌，掌心向外，五指张开，在眼前转几圈，表示重雾迷目。|https://d.bmcx.com/shouyu/_file/8/3d2b5955a0e61ed0.png
4414	露	天体气象	一手拇、食指捏成小圆圈，置于另一手掌心上微微晃动，象征露珠在植物的叶子上滚动。|https://d.bmcx.com/shouyu/_file/6/6bffebeb30d6b808.png
4415	露珠	天体气象	一手拇、食指捏成小圆圈，置于另一手掌心上微微晃动，象征露珠在植物的叶子上滚动。|https://d.bmcx.com/shouyu/_file/9/6bdc53c1c03551d2.png
4416	露水	天体气象	一手拇、食指捏成小圆圈，置于另一手掌心上微微晃动，象征露珠在植物的叶子上滚动。|https://d.bmcx.com/shouyu/_file/7/4bab28ec4573211c.png
4417	霜	天体气象	一手打手指字母“SH”的指式，并向下降落。|https://d.bmcx.com/shouyu/_file/c/b4e2009601c3f06a.png
4418	雪	天体气象	双手五指分开微曲，指尖向下，食指微微飘动，双手缓缓下降并向一旁飘移，象征雪花飘落之状。|https://d.bmcx.com/shouyu/_file/5/21b0124398d80c74.png
4419	冰雹	天体气象	（一）双手握拳，在胸前微微抖动，表示寒冷。（二）双手拇、食指捏成小圆圈，上下交替动几次，动作要快，象征冰雹落下。|https://d.bmcx.com/shouyu/_file/e/1320b2d0e9be7e29.png
4420	霞	天体气象	双掌交叉相叠，掌心向外，然后向左右作扇面展开，十指同时分开，象征太阳的霞光。|https://d.bmcx.com/shouyu/_file/2/c4da375c887f79c2.png
4421	彩霞	天体气象	双掌交叉相叠，掌心向外，然后向左右作扇面展开，十指同时分开，象征太阳的霞光。|https://d.bmcx.com/shouyu/_file/0/9e5c9317230cf0bc.png
4422	虹	天体气象	一手打手指字母“H”的指式，在眼前划一大弧线，象征天上的彩虹。|https://d.bmcx.com/shouyu/_file/3/633fc2468b13e492.png
4423	彩虹	天体气象	一手打手指字母“H”的指式，在眼前划一大弧线，象征天上的彩虹。|https://d.bmcx.com/shouyu/_file/d/b9ebe7aa61648997.png
4424	日蚀	天体气象	（一）左手伸拇、食指作半圆形，置头侧上方不动。右手五指虚撮，从左手虎口内斜着向下移，五指同时放开。（二）左手伸拇、食指作半圆形。右手掌心向外，缓缓从左手拇、食指间擦过，象征日蚀过程。|https://d.bmcx.com/shouyu/_file/d/90d83bc1a1484e30.png
4425	月蚀	天体气象	（一）双手伸拇、食指，相距约一寸，指尖相对，然后作弧形分开向左右下移，如半弦新月之状。（二）左手伸拇、食指作半圆形。右手掌心向外，缓缓从左手拇、食指间擦过，象征日蚀过程。|https://d.bmcx.com/shouyu/_file/8/1881d04607eb9159.png
4426	地震	天体气象	（一）一手食指向下指。（二）双手五指张开，掌心向下，各向左右震动。|https://d.bmcx.com/shouyu/_file/2/9b6ea3a8d11837b5.png
4427	寒流	天体气象	（一）双手握拳，在胸前微微抖动，表示寒冷。（二）一手伸开，掌心向下，向前缓缓移动，由高而低，象征水的流动。|https://d.bmcx.com/shouyu/_file/7/e65c5addcb3978f1.png
4428	寒潮	天体气象	（一）双手握拳，在胸前微微抖动，表示寒冷。（二）一手伸开，掌心向下，向前缓缓移动，由高而低，象征水的流动。|https://d.bmcx.com/shouyu/_file/e/9b7d897c9c627e8d.png
4429	降雨量	天体气象	（一）一手五指分开微曲，指尖向下，上下快速动几下，象征雨点下落。（二）左手伸掌，指尖向上直立不动，贴于左掌心，上下微微移动。|https://d.bmcx.com/shouyu/_file/5/b35e7a70c5d29ed7.png
4430	降水量	天体气象	（一）一手五指分开微曲，指尖向下，上下快速动几下，象征雨点下落。（二）左手伸掌，指尖向上直立不动，贴于左掌心，上下微微移动。|https://d.bmcx.com/shouyu/_file/5/233c5b7037b380bc.png
4332	空气	化学	（一）一手伸出食指，指尖向上，在头侧上方转动一圈，表示“天空”之意。（二）一手打手指字母“Q‘的指式，并伸向鼻孔，如吸气状。|https://d.bmcx.com/shouyu/_file/a/e1cfd8730a50f27b.png
4333	氮气	化学	（一）一手食指书空“N”形，“N”是“氮”的元素符号。（二）一手打手指字母“Q‘的指式，并伸向鼻孔，如吸气状。|https://d.bmcx.com/shouyu/_file/3/6b9b9157ccb08c52.png
4334	二氧化碳	化学	一手食指连续书空“C”“O”，符号，“CO2”是二氧化碳的分子符号。注：CO2中的2应写在O的右下角。|https://d.bmcx.com/shouyu/_file/5/504db85c77ee58f1.png
4335	沼气	化学	（一）双手五指微曲，掌心向下，上下移动，手指同时活动一下。（二）一手打手指字母“Q‘的指式，并伸向鼻孔，如吸气状。|https://d.bmcx.com/shouyu/_file/1/8450c34468f126b5.png
4336	氨	化学	氨 右手食指书空“NH3”，（NH3是氨的元素符号。）|https://d.bmcx.com/shouyu/_file/2/734cb0d1380587ca.png
4337	成分	化学	（一）左手五指朝上张开；右手食指直立，然后右手食指向左手靠拢，左手五指同时收拢。（二）左手弯曲张开，指尖朝上；右手侧立，在左手各指缝间轻轻插入。|https://d.bmcx.com/shouyu/_file/5/7ac57a5d0324f6fc.png
4338	钙	化学	一手食指书空大写字母“C”和小写字母“a”（Ca是钙的元素符号。）|https://d.bmcx.com/shouyu/_file/3/2c9e82330dcf2f24.png
4339	汞	化学	一手食指书空大写字母“H”和“C”字母（Hg是汞的元素符号。）|https://d.bmcx.com/shouyu/_file/3/1bea7c4e6137929f.png
4340	钾	化学	钾 右手食指书空“K”字母（K是钾的元素符号。）|https://d.bmcx.com/shouyu/_file/d/0cbdbf1ce9ebcd0a.png
4341	碱	化学	（一）一手字母“J”的指式。（二）一手从另一手背上划过，并打出手指字母“B”的指式，表示“碱”是白色。|https://d.bmcx.com/shouyu/_file/2/7681e2d9a2572aa1.png
4342	镭	化学	一手食指书空大写字母“R”和小写字母“a”（Ra是镭的元素符号。）|https://d.bmcx.com/shouyu/_file/8/b34ca1d5c14577a8.png
4343	磷酸	化学	（一）一手食指书空大写字母“P”（P是磷的元素符号。）（二）一手拇、食指相捏，置于口边，两腮向内缩，似尝到酸东西状。|https://d.bmcx.com/shouyu/_file/d/285629ba54da2496.png
4344	硫	化学	一手食指书空大写字母“S”（S是硫的元素符号。）|https://d.bmcx.com/shouyu/_file/2/b1926bf71362db57.png
4345	硫磺	化学	一手食指书空大写字母“S”（S是硫的元素符号。）|https://d.bmcx.com/shouyu/_file/1/b0d5098ad678c705.png
4346	硫酸	化学	（一）同“硫”的手势（一手食指书空大写字母“S”（S是硫的元素符号。））（二）同“磷酸”手势（一手拇、食指相捏，置于口边，两腮向内缩，似尝到酸东西状。）|https://d.bmcx.com/shouyu/_file/a/7c1259398b55dffb.png
4347	漏斗	化学	（一）同“漏”手势（左手掌心向下；五指分开；右手食指朝下，在左手食、中、无名指指缝间各插一下。）（二）双手拇、食指搭成圆形；然后左手不动，右手边向下移动边收拢拇、食指，模仿“漏斗”形状。|https://d.bmcx.com/shouyu/_file/8/107ebe3864c24baf.png
4348	媒介	化学	（一）左手食、中指张开伸直，手背向外；右手打手指字母“M”的指式，置于左手食、中指间，表示媒介的沟通性质。（二）左手拇、食指与右手食、中指搭成“介”字。|https://d.bmcx.com/shouyu/_file/4/7fe033df18983c70.png
4349	配方	化学	（一）双手拇、食、中指相捏，指尖朝下，由两侧向中间移动，并挨在一起。（二）双手拇、食指搭成“方”形。|https://d.bmcx.com/shouyu/_file/5/7693220624449194.png
4350	配平	化学	（一）同“配方”手势（双手拇、食、中指相捏，指尖朝下，由两侧向中间移动，并挨在一起。）（二）双手平伸，掌心向下，由中间向两旁移动。|https://d.bmcx.com/shouyu/_file/b/7be0afd747c2dff9.png
4351	氢	化学	氢 右手食指书空大写字母“H”（H是氢的元素符号）。|https://d.bmcx.com/shouyu/_file/6/56e3bf7dc1c0ced5.png
4352	氧	化学	氧 右手食指书空“O”形，“O”是“氧”的元素符号()|https://d.bmcx.com/shouyu/_file/d/bdc2dc910fb8b573.png
4353	熔化	化学	（一）同“熔点”手势（左手握拳，手背向上；右手五指微曲，指尖朝上，在左拳下颠动几下。）（二）左手握拳的五指逐渐向下张开。|https://d.bmcx.com/shouyu/_file/b/ecf5285b1dc23562.png
4354	融化	化学	双手四指在上，拇指在下，成“[]”状，然后五指相捏，掌心向下，张开五指，表示冰雪消融，由固态变为液态。|https://d.bmcx.com/shouyu/_file/3/391eb2a9c2c34d64.png
4355	溶剂	化学	（一）左手成半圆形，虎口向上；右手拇、食、中指在左手虎口上捻动。（二）一手虎口朝斜下方，五指作从瓶子中挤出液剂的动作。|https://d.bmcx.com/shouyu/_file/d/05840f893419b1b5.png
4356	溶质	化学	（一）同“溶剂”手势（左手成半圆形，虎口向上；右手拇、食、中指在左手虎口上捻动。）（二）双手食指互碰一下，然后分开，并张开五指。|https://d.bmcx.com/shouyu/_file/5/e797b83fb53b8f0e.png
4357	碳	化学	一手食指书空字母“C”（C是碳的元素符号）。|https://d.bmcx.com/shouyu/_file/0/b5059ab0b30b8cdd.png
4358	冶练	化学	（一）左手五指成半圆形；虎口向上；右手五指微曲，指尖朝上，在左手下边上下交替动几下。（二）双手五指相对成圆形，虎口向上，然后向一侧作倾倒动作。|https://d.bmcx.com/shouyu/_file/7/7bc21e62b820a3ab.png
3850	篮球	体育	双手五指分开微曲，掌心相对成圆形，如捧篮球并作投篮状。|https://d.bmcx.com/shouyu/_file/e/9ca5f02e2127fd13.png
3851	足球	体育	足球 左手拇、食指捏成小圆圈。右手食、中指交替踢向左手小圆，如踢足球状。|https://d.bmcx.com/shouyu/_file/e/af55140c9fcb6e17.png
3852	排球	体育	双手五指微曲，指尖向上，上下微动，如打排球状。|https://d.bmcx.com/shouyu/_file/c/531202ea2d5e6451.png
3853	跨栏	体育	跨栏 左手掌心向内，横于胸前不动，右手食、中指跨越左掌，如跨栏动作。|https://d.bmcx.com/shouyu/_file/b/082448ce9303002b.png
3854	铅球	体育	铅球 右手五指弯曲，如托铅球，从肩部向前推出，如推铅球状。|https://d.bmcx.com/shouyu/_file/f/d5fe661bd31a1eb9.png
3855	铁饼	体育	（一）双掌互拍一下。（二）右臂伸向身后，再向前循弧形用力一挥，如投铁饼状。|https://d.bmcx.com/shouyu/_file/0/063467ac2e297349.png
3856	标枪	体育	一手握拳曲肘，从肩部向前抛出，如掷标枪状。|https://d.bmcx.com/shouyu/_file/1/0fa2decaddf71274.png
3857	投掷	体育	一手握拳曲肘，从肩部向前抛出，如掷标枪状。|https://d.bmcx.com/shouyu/_file/1/0069c0dda534a5a5.png
3858	体操	体育	双手握拳，向前伸出，再收回，反复几次，如做体操状。|https://d.bmcx.com/shouyu/_file/f/39e58d89c67c15b3.png
3859	单杠	体育	双手握拳，在头部左右向下拉，如练单杠动作。|https://d.bmcx.com/shouyu/_file/5/04695d336c13cfe0.png
3860	双杠	体育	双手握拳，自腰部用力向下按，如练双杠动作。|https://d.bmcx.com/shouyu/_file/b/08a8656f0c8b43f2.png
3861	高低杠	体育	（一）双手食指横放，一上一下，如高低杠状。（二）左手食指横放，右手食、中指并拢在左手食指上绕圈子，如练高低杠动作。|https://d.bmcx.com/shouyu/_file/b/88477e3e04e63533.png
3862	平衡木	体育	平衡木 左手食指横放，象征平衡木。右手食、中指尖立于左手食指上，并来回移动，如做平衡木动作。|https://d.bmcx.com/shouyu/_file/7/64a9f552bd5d232a.png
3863	鞍马	体育	鞍马 左手食、中指平伸，象征鞍马。右手食、中指分开，在左手食、中指上来回荡动，如练鞍马动作。|https://d.bmcx.com/shouyu/_file/4/ff242055b47a2195.png
3864	吊环	体育	双手握拳上举过顶，然后弯肘，双拳由肩部下移至腰部，如练吊环动作。|https://d.bmcx.com/shouyu/_file/b/7b1bc52bd0cb0ca1.png
3865	摔交	体育	双手握拳向前伸，如抓住对方衣服，然后左右用力摇动，如摔交动作。|https://d.bmcx.com/shouyu/_file/f/d2f09aa57823ea7a.png
3866	摔跤	体育	双手握拳向前伸，如抓住对方衣服，然后左右用力摇动，如摔交动作。|https://d.bmcx.com/shouyu/_file/d/d2d109555050fe99.png
3867	拳击	体育	双手握拳，一前一后，后拳击出，如拳击动作|https://d.bmcx.com/shouyu/_file/2/40d4d1163460e0af.png
3868	垒球	体育	（一）双手握拳如握棒，置于肩上，然后向左下方一挥，如击垒球状。（二）双手拇、食指搭成圆圈，表示垒球。|https://d.bmcx.com/shouyu/_file/2/abb7bab13865e61e.png
3869	网球	体育	（一）双手五指分开，交叉相叠，分向两边下移，象征球网。（二）右手握拳在胸前左右挥动，如打网球状。|https://d.bmcx.com/shouyu/_file/5/0a5495128f1a8905.png
3870	乒乓球	体育	乒乓球 左手拇、食指捏成小圆圈如乒乓球。右手丈背拍打小圆，如打乒乓球状。|https://d.bmcx.com/shouyu/_file/4/299c65669e204135.png
3871	游戏	体育	双手伸出拇、小指，交替转动。|https://d.bmcx.com/shouyu/_file/5/4d43283c8fba828d.png
3872	玩	体育	双手伸出拇、小指，交替转动。|https://d.bmcx.com/shouyu/_file/5/279aaf05d79ed232.png
3873	秋千	体育	双手握拳，置于左右胸侧，来回摆动，如荡秋千状。|https://d.bmcx.com/shouyu/_file/b/717e116085856e18.png
3874	滑梯	体育	滑梯 左手背向上斜放如滑梯。右手伸拇、小指，坐在左掌背上向下滑动，如玩滑梯状。|https://d.bmcx.com/shouyu/_file/e/9a4860aff76c1094.png
3875	奥林匹克	体育	双手拇指、食指捏成圆圈，左手不动，右手圆圈先叠在左手圆圈右侧，然后向右移动一次，再在下面移动两次，仿奥林匹克的五环标志|https://d.bmcx.com/shouyu/_file/no_picture.png
3876	奥运	体育	（一）双手拇指、食指捏成圆圈，左手不动，右手圆圈先叠在左手圆圈右侧，然后向右移动一次，再在下面移动两次，仿奥林匹克的五环标志
（二）双手握拳，在身侧交替摆动，如跑步动作。（此翻译仅供参考）|https://d.bmcx.com/shouyu/_file/no_picture.png
3877	奥运会	体育	（一）双手拇指、食指捏成圆圈，左手不动，右手圆圈先叠在左手圆圈右侧，然后向右移动一次，再在下面移动两次，仿奥林匹克的五环标志（二）双手握拳，在身侧交替摆动，如跑步动作。（此翻译仅供参考）|https://d.bmcx.com/shouyu/_file/no_picture.png
3878	运动员	体育	运动员 1、双手握拳，在身侧交替摆动，如跑步动作。（图见运动）2、双手食指搭成“人”字形。|https://d.bmcx.com/shouyu/_file/no_picture.png
3879	举重	体育	双手虚握，掌心向上，置于肩前，然后同时向上举起，如举重状。|https://d.bmcx.com/shouyu/_file/no_picture.png
3710	精益求精	成语虚词	（一）一手握拳，伸出拇指。（二）一手食指伸平，拇指指尖从食指尖起一顿一顿向后移动。（三）双手抱拳，拜动几下。（四）一手握拳，伸出拇指。|https://d.bmcx.com/shouyu/_file/d/e6ce96442ae6c4b7.png
3711	朝气蓬勃	成语虚词	（一）双手拇指与四指相捏，指尖相对，先置于颏下，然后同时向上边移动边放开五指。（二）一手打手指字母“Q”的指式置于鼻孔前。（三）双手五指微曲，掌心向上，边向上移动边抖动五指。|https://d.bmcx.com/shouyu/_file/b/cb615fb53b36e293.png
3712	继往开来	成语虚词	（一）双手食指尖相对，向下移动。（二）一手五指微曲，向肩后扇动几下。（三）双手向前伸开，掌心向外，再转为手背向外。（四）一手作招手状。|https://d.bmcx.com/shouyu/_file/f/c9861b1b4ff45cd9.png
3713	理直气壮	成语虚词	（一）一手打手指字母“L”的指式，并在嘴前转动几下。（二）一手侧伸，指尖向前，在胸前直线伸出。（三）一手打手指字母“Q”的指式，并送到鼻孔处。（四）双拳在胸前向下一顿。|https://d.bmcx.com/shouyu/_file/0/f08db8912db07b5d.png
3714	无微不至	成语虚词	（一）一手拇、食、中指相捻。（二）一手拇指捏住小指指尖。（三）一手伸掌，摇动几下。（四）一手伸出拇、小指，向前移动。|https://d.bmcx.com/shouyu/_file/f/fcf387c734fc530b.png
3715	断章取义	成语虚词	（一）双手食指伸平，指尖相对，然后向上挑动一下。（二）双手作捧书状。（三）一手拇、食指相捏，从另一手掌心上加一下再收回，并伸出食指。|https://d.bmcx.com/shouyu/_file/8/53a329cbe9562882.png
3716	不求甚解	成语虚词	（一）一手伸掌，摇动几下。（二）双手抱拳，摆动几下。（三）左手侧伸，掌心向下，右手食指在左掌心下移。（四）一手食指在太阳穴处转动。|https://d.bmcx.com/shouyu/_file/9/9b6783d78b0e06d1.png
3717	发号施令	成语虚词	（一）一手打手指字母“F”的指式，并从上向下一挥。（二）一手食、中指并拢，从作向右挥动几下，脸露“骄横”表情。|https://d.bmcx.com/shouyu/_file/f/9b70d253a1b68602.png
3718	虎头蛇尾	成语虚词	（一）一手中、无名、小指与另一手食指搭成“王”字形贴于额前。（二）一手拍一下头部。（三）一手伸出食、中指，贴在嘴部向外转动几下。（四）一手食指在另一手拳后摆动几下。|https://d.bmcx.com/shouyu/_file/e/ce66e081b5dd07bf.png
3719	吹毛求疵	成语虚词	（一）嘴向一手拳背吹一下。（二）右手食、中指叉开，指尖向前，在眼前转动，表示“找”。（三）右手伸出小指，指尖点动几下左拳背。|https://d.bmcx.com/shouyu/_file/5/52f20860f6b9df76.png
3720	坐井观天	成语虚词	（一）一手伸出拇、小指，坐于另一手掌心上。（二）双手食、中指搭成“井”字形。（三）双手食、中指叉开，向上摆动几下，表示“观看”。（四）一手食指上指，表示“天”。|https://d.bmcx.com/shouyu/_file/4/1a1f435c209d2443.png
3721	熟能生巧	成语虚词	（一）一手伸出拇、食指，食指在上，然后向下弯曲变为拇指向上。（二）一手伸掌，四指弯曲一下。（三）一手拍打一下另一手手背，然后握拳，伸出拇指。|https://d.bmcx.com/shouyu/_file/b/d5aa5fbb2c4a03f2.png
3722	阳奉阴违	成语虚词	（一）一手食指指一下另一手手背。（二）一手食指指尖抵于耳边。（三）一手食指指一下另一手掌心。（四）一手掌心先向内，然后向外翻出。|https://d.bmcx.com/shouyu/_file/4/a7a27bcfea312d7d.png
3723	首先	成语虚词	一手食指打另一手拇指。|https://d.bmcx.com/shouyu/_file/1/79a70a5f7643521b.png
3724	其次	成语虚词	一手食指打另一手食指。|https://d.bmcx.com/shouyu/_file/a/45487726bf01967c.png
3725	屡次	成语虚词	一手握拳，依次伸出食、中、无名、小指。|https://d.bmcx.com/shouyu/_file/2/c15cd28d7deeb478.png
3726	最后	成语虚词	最后 左手五指张开，右手食指依次扳曲左手拇、食、无名指后，再打一下小指指尖。|https://d.bmcx.com/shouyu/_file/e/3904b95ce3d6ae55.png
3727	常常	成语虚词	一手食、中指在太阳穴部碰几下。|https://d.bmcx.com/shouyu/_file/b/a1a34591e796c20e.png
3728	始终	成语虚词	始终 右手食、中指伸直，从左肩部开始，斜着向下划去，表示从头到尾都一样，引申为“始终”。|https://d.bmcx.com/shouyu/_file/6/a0455ed17300d8f1.png
3729	当然	成语虚词	（一）手指字母“D”的指式。（二）一手食指敲打另一手食指。|https://d.bmcx.com/shouyu/_file/8/e0784faa0a7f52a7.png
3730	果然	成语虚词	（一）手指字母“G”的指式。（二）一手食指敲打另一手食指。|https://d.bmcx.com/shouyu/_file/5/f9deb4f2feb89e80.png
3731	仍然	成语虚词	一手食、中指并拢，指尖从肩部向下划动，表示现在与过去一样的意思。|https://d.bmcx.com/shouyu/_file/c/defe0ccac1494992.png
3732	依旧	成语虚词	一手食、中指并拢，指尖从肩部向下划动，表示现在与过去一样的意思。|https://d.bmcx.com/shouyu/_file/6/b564adaa58048ac7.png
3733	不然	成语虚词	（一）手指字母“B”的指式，并摆动几下。（二）手指字母“R”的指式。|https://d.bmcx.com/shouyu/_file/0/c0fd676935416fd3.png
3734	可能	成语虚词	一手五指伸直，指尖向上，然后拇指不动，其余四指弯动几下。|https://d.bmcx.com/shouyu/_file/0/20b3cac6ddb27a04.png
3735	可是	成语虚词	（一）一手伸直，四指弯曲一下。（二）一手食、中指相搭，向下指动几下。|https://d.bmcx.com/shouyu/_file/b/19c73767f272cff6.png
3736	一定	成语虚词	一手食指伸直，向下一挥。|https://d.bmcx.com/shouyu/_file/5/41b0293d5c9f56e9.png
3737	虽然	成语虚词	（一）手指字母“S”的指式。（二）手指字母“R”的指式。|https://d.bmcx.com/shouyu/_file/1/fd1b9f0266e2f715.png
3738	但是	成语虚词	（一）手指字母“D”的指式。（二）手指字母“SH”的指式。|https://d.bmcx.com/shouyu/_file/2/e64a19a9f190fbcd.png
3739	如果	成语虚词	（一）手指字母“R”的指式。（二）手指字母“G”的指式|https://d.bmcx.com/shouyu/_file/7/51789580f486a3af.png
3740	否则	成语虚词	（一）手指字母“F”的指式。（二）手指字母“Z”的指式。|https://d.bmcx.com/shouyu/_file/5/108a60f01d37bde4.png
3741	既然	成语虚词	（一）手指字母“J”的指式。（二）手指字母“R”的指式。|https://d.bmcx.com/shouyu/_file/7/1b0b4b83682c84e9.png
3742	而且	成语虚词	（一）手指字母“E”的指式。（二）手指字母“Q”的指式。|https://d.bmcx.com/shouyu/_file/f/925e999bee5d3022.png
3743	不论	成语虚词	（一）一手五指伸直，左右摇动几下。（二）一手打手指字母“L”的指式，并转动几下。|https://d.bmcx.com/shouyu/_file/c/40dd69810430cc68.png
3744	无论	成语虚词	（一）一手五指伸直，左右摇动几下。（二）一手打手指字母“L”的指式，并转动几下。|https://d.bmcx.com/shouyu/_file/5/352cc22afb85bd79.png
3745	不但	成语虚词	（一）一手五指伸直，左右摇动几下。（二）手指字母“D”的指式。|https://d.bmcx.com/shouyu/_file/5/68c5a50a4b4830a9.png
3746	因为	成语虚词	（一）手指字母“Y”的指式。（二）手指字母“W”的指式。|https://d.bmcx.com/shouyu/_file/7/06eb6ec7d62e85b2.png
3747	所以	成语虚词	（一）手指字母“S”的指式。（二）手指字母“Y”的指式。|https://d.bmcx.com/shouyu/_file/6/5f7659d7bfc750ab.png
3748	按照	成语虚词	双手平伸，掌心向上，左手不动，右手向左手移过来，并在一起，表示“对照”。|https://d.bmcx.com/shouyu/_file/3/08c62c319f8d078a.png
3749	按	成语虚词	双手平伸，掌心向上，左手不动，右手向左手移过来，并在一起，表示“对照”。|https://d.bmcx.com/shouyu/_file/1/2a770f93ff9ba2eb.png
3750	由于	成语虚词	（一）一手食指打另一手拇指。（二）左手食、中指伸开，右手食指从左手食、中指处向下移动并弯勾，成“于”字形。|https://d.bmcx.com/shouyu/_file/f/baac710993b21676.png
3751	由	成语虚词	（一）一手食指打另一手拇指。（二）左手食、中指伸开，右手食指从左手食、中指处向下移动并弯勾，成“于”字形。|https://d.bmcx.com/shouyu/_file/5/e6f3fbc0073be238.png
3752	如何	成语虚词	双手握拳，右拳打一下左拳。左拳不动，右拳向上翻开手掌。|https://d.bmcx.com/shouyu/_file/1/36660fe20dc09bb9.png
3753	怎么	成语虚词	双手握拳，右拳打一下左拳。左拳不动，右拳向上翻开手掌。|https://d.bmcx.com/shouyu/_file/8/71f8e0b07b6de737.png
3754	怎么样	成语虚词	双手握拳，右拳打一下左拳。左拳不动，右拳向上翻开手掌。|https://d.bmcx.com/shouyu/_file/7/34b9dd69d016cb60.png
3755	为了	成语虚词	（一）一手伸拇、食指，以腕部转动几下。（二）一手食指书空“了”字。|https://d.bmcx.com/shouyu/_file/2/0037df80ebb05f90.png
3756	了	成语虚词	一手食指书空“了”字。|https://d.bmcx.com/shouyu/_file/3/4241f2efaabb7501.png
3757	有	成语虚词	一手拇、食指伸直，拇指不动，食指弯动几下。|https://d.bmcx.com/shouyu/_file/b/3ebef3611cd54be6.png
3758	没有	成语虚词	一手拇、食、中指捻动，连续几次。|https://d.bmcx.com/shouyu/_file/0/681ac965b45b1cb1.png
3759	无	成语虚词	一手拇、食、中指捻动，连续几次。|https://d.bmcx.com/shouyu/_file/a/8648672bcedcc12e.png
3760	不	成语虚词	一手伸直，左右摆动几下。|https://d.bmcx.com/shouyu/_file/2/017b20417bd86bd2.png
3761	和	成语虚词	双手掌心相对，从两侧向中间合拢。|https://d.bmcx.com/shouyu/_file/8/02a709dfafdab9a7.png
3762	与	成语虚词	双手掌心相对，从两侧向中间合拢。|https://d.bmcx.com/shouyu/_file/e/12837ab8b15db1f4.png
3763	同	成语虚词	双手掌心相对，从两侧向中间合拢。|https://d.bmcx.com/shouyu/_file/6/dd40c5f05d86742f.png
3764	好象	成语虚词	一手食、中指伸直、叉开，在脸颊旁来回移动几下，表示“相象”。|https://d.bmcx.com/shouyu/_file/1/baf3c2252ac4a4fc.png
3765	曾经	成语虚词	（一）一手五指向肩后扇动几下，表示“过去”。（二）双手五指微曲，掌心向下，同时向外挥动。|https://d.bmcx.com/shouyu/_file/e/6f59cb30ff9576f7.png
3766	已经	成语虚词	（一）一手五指向肩后扇动几下，表示“过去”。（二）双手五指微曲，掌心向下，同时向外挥动。|https://d.bmcx.com/shouyu/_file/0/5e05bb338a974219.png
3767	差不多	成语虚词	一手食、中指一上一下交替动几下。|https://d.bmcx.com/shouyu/_file/5/3c4e4fbef365e40e.png
3768	稍微	成语虚词	一手拇指捏于无名指尖，并微微抖动几下。|https://d.bmcx.com/shouyu/_file/0/172b5821ca181c98.png
3769	尽量	成语虚词	双手先贴于胸部，然后向外伸出，掌心向上，表示“拿出全部力气”。|https://d.bmcx.com/shouyu/_file/0/f12e3fb19eebd254.png
3770	尽力	成语虚词	双手先贴于胸部，然后向外伸出，掌心向上，表示“拿出全部力气”。|https://d.bmcx.com/shouyu/_file/a/f9ec48d14c5e9d3f.png
3771	渐渐	成语虚词	一手伸平，掌心向下，一顿一顿慢慢地向一旁移动几下。|https://d.bmcx.com/shouyu/_file/a/504519dd9c3b915c.png
3772	能	成语虚词	一手五指伸直，指尖向上，然后拇指不动，其余四指弯动几下。|https://d.bmcx.com/shouyu/_file/1/a0bb071ee599c15d.png
3773	能够	成语虚词	一手五指伸直，指尖向上，然后拇指不动，其余四指弯动几下。|https://d.bmcx.com/shouyu/_file/1/e55dbc4c08c784ca.png
3774	从	成语虚词	双手食、中指搭成“从”字形。|https://d.bmcx.com/shouyu/_file/d/23d31083385984e6.png
3775	历来	成语虚词	一手先向肩后扇动一下，然后翻转手掌，手背朝上，向下划动。|https://d.bmcx.com/shouyu/_file/1/84e30c3db8b76555.png
3776	从来	成语虚词	一手先向肩后扇动一下，然后翻转手掌，手背朝上，向下划动。|https://d.bmcx.com/shouyu/_file/7/f655da7f2be3c1c6.png
3777	每	成语虚词	一手食指向上伸直，向旁一顿一顿移动几下。|https://d.bmcx.com/shouyu/_file/3/fed83cd8ef86c6b3.png
3778	在	成语虚词	一手伸出拇、小指，坐于另一手掌心上。|https://d.bmcx.com/shouyu/_file/3/0eefd00333955b9d.png
3779	是	成语虚词	一手食、中指相搭，并点动一下。|https://d.bmcx.com/shouyu/_file/c/ed9305275555e84d.png
3780	对	成语虚词	一手伸出拇指，向旁移动一下。|https://d.bmcx.com/shouyu/_file/a/f6a675f2b4b19616.png
3781	都	成语虚词	双手五指微曲，自上向下作弧形移动，表示“全部”、“完全”。|https://d.bmcx.com/shouyu/_file/d/956a0da08b3edf6b.png
3782	全	成语虚词	双手五指微曲，自上向下作弧形移动，表示“全部”、“完全”。|https://d.bmcx.com/shouyu/_file/c/3ba36ccacb71bcea.png
3783	向	成语虚词	一手侧伸，指尖向前，手臂向前伸一下。|https://d.bmcx.com/shouyu/_file/c/9f7ddcd1d6a6f8ff.png
3784	愿	成语虚词	一手拇、食指微曲，指尖抵于颌下，头微微点动一下。|https://d.bmcx.com/shouyu/_file/5/65273e25492a0336.png
3785	愿意	成语虚词	一手拇、食指微曲，指尖抵于颌下，头微微点动一下。|https://d.bmcx.com/shouyu/_file/f/122e4fd70bdc5dcb.png
3786	这里	成语虚词	一手食指向下指点两下。|https://d.bmcx.com/shouyu/_file/4/bcc4b0fc02cddc7c.png
3787	那里	成语虚词	一手食指向外（方向灵活）指点两下。|https://d.bmcx.com/shouyu/_file/8/79d1c8e7968cf3c6.png
3788	哪儿	成语虚词	一手食指指尖向外，作波纹状移动几下。|https://d.bmcx.com/shouyu/_file/c/06f205cba30d779e.png
3789	哪里	成语虚词	一手食指指尖向外，作波纹状移动几下。|https://d.bmcx.com/shouyu/_file/f/ca4f6564dd94fc53.png
3790	哪些	成语虚词	（一）一手食指伸直，左右挥动几下。（二）一手五指伸直，从拇指起依次弯曲五指。|https://d.bmcx.com/shouyu/_file/6/912fce0bb42cdcba.png
3791	得	成语虚词	手指字母“D”的指式。|https://d.bmcx.com/shouyu/_file/7/1fb697bcee075f4b.png
3792	最	成语虚词	一手拇指指尖抵于食指跟部，向下一沉。|https://d.bmcx.com/shouyu/_file/c/0acc77ac4982dee0.png
3793	十分	成语虚词	一手拇指指尖抵于食指跟部，向下一沉。|https://d.bmcx.com/shouyu/_file/a/8fbc34ee0691a2cc.png
3794	就	成语虚词	一手打手指字母“J”的指式，并打另一手掌心。|https://d.bmcx.com/shouyu/_file/e/dc5681dd620f1a1b.png
3795	越	成语虚词	越 越…越…--yue…yue… 
一手拇指先捏于食指尖，然后手臂边向前一顿一顿移动，拇指也一顿一顿向食指跟部移动。|https://d.bmcx.com/shouyu/_file/1/73ab439d976b677e.png
3796	什么	成语虚词	双手伸开，掌心向下，然后翻转为掌心向上。|https://d.bmcx.com/shouyu/_file/0/b59e7d87423688f0.png
3797	为什么	成语虚词	（一）一手伸出拇、食指，转动几下。（二）双手伸开，掌心向下，然后翻转为掌心向上。|https://d.bmcx.com/shouyu/_file/8/0973370465b839bd.png
3798	比如	成语虚词	（一）双手拇指向上，交替上下动几下。（二）一手食、中指伸出，放于眼下部，左右微动。|https://d.bmcx.com/shouyu/_file/a/9d5544e96d1779b7.png
3799	终于	成语虚词	（一）一手食指打另一手小指。（二）左手食、中指伸出，用右手食指搭成“干”字形，向右稍一钩即成“于”字。|https://d.bmcx.com/shouyu/_file/0/7bcfc0a2a59996a5.png
3800	属于	成语虚词	（一）左手五指张开、微曲，右手五指撮合，推入左手掌心。（二）左手食、中指伸出，用右手食指搭成“干”字形，向右稍一钩即成“于”字。|https://d.bmcx.com/shouyu/_file/d/07c8c108d304b9fd.png
3801	急中生智	成语虚词	（一）双手五指弯曲，指尖靠胸，上下交替移动几下。（二）左手拇、食指和右手中指搭成“中”字形。（三）左手向内弯成半圆形；右手五指撮合，从半圆形中向上伸出，同时放开五指。（四）一手五指撮合，指尖先抵于前额，然后向外边移动边放开五指。|https://d.bmcx.com/shouyu/_file/2/3996f024e7a2c250.png
3802	简直	成语虚词	（一）手指字母“J”的指式。（二）一手五指并拢，向前伸直。|https://d.bmcx.com/shouyu/_file/9/a56ba88990269317.png
3803	究竟	成语虚词	（一）手指字母“J”的指式。（二）左手伸出小指；右手伸食指在左手小指上点一下。|https://d.bmcx.com/shouyu/_file/5/f55ad34924183778.png
3804	聚精会神	成语虚词	（一）双手五指微曲，指尖朝上，掌心相对，从两边向中间靠拢。（二）手指字母“J”的指式。（三）双手五指并拢，指尖朝上，掌心相对，自脸颊两侧同时向下一顿。|https://d.bmcx.com/shouyu/_file/7/7a0f2f31a78f466a.png
3805	几乎	成语虚词	（一）一手食指书空“几”字。（二）一手五指分开，掌心向下，手腕左右转几下，面露推测的神态。|https://d.bmcx.com/shouyu/_file/5/8db6959c2efed8e6.png
3806	另外	成语虚词	（一）左手伸拇、食指；右手食指在左手食指上点一下。（二）左手横立，手背向外；右手伸食指，在左手背外向下指一下。|https://d.bmcx.com/shouyu/_file/c/c752e8b33b2e09b8.png
3807	其实	成语虚词	（一）手指字母“Q”的指式。（二）一手食、中指相叠，弹打另一手食指。|https://d.bmcx.com/shouyu/_file/b/b485a67079a42d84.png
3808	却	成语虚词	手指字母“Q”的指式，手腕向右用力转动一下。|https://d.bmcx.com/shouyu/_file/f/c51eefbf852394a3.png
3809	然后	成语虚词	（一）手指字母“R”的指式。（二）一手五指微曲，在腰部向身后扇动一下。|https://d.bmcx.com/shouyu/_file/6/e469c9fea3acac52.png
3810	任何	成语虚词	（一）手指字母“R”的指式。（二）一手食指伸直，左右挥动几下。|https://d.bmcx.com/shouyu/_file/6/0c9e90482859c764.png
3811	甚至	成语虚词	（一）手指字母“SH”的指式。（二）左手斜立，掌心朝右上方；右手伸食指，指尖对准左手掌心移动，直至触到为止。|https://d.bmcx.com/shouyu/_file/a/c1fa200df8d477c9.png
3812	胸有成竹	成语虚词	（一）一手食指指胸部。（二）一手拇、食指伸直，拇指不动，食指向内弯动几下。（三）一手伸出拇指，向上一挑。（四）双手拇、食指捏成圆圈，上下相叠，下面的不动，上面的一节一节向上移动。|https://d.bmcx.com/shouyu/_file/4/ea3e8d4038ad9eda.png
3813	也	成语虚词	一手拇、小指伸出，拇指尖向内，手背向上，前后移动两下。|https://d.bmcx.com/shouyu/_file/2/790b6cda23adc92c.png
3814	以来	成语虚词	（一）手指字母“Y”的指式。（二）一手掌心向内，由外向内挥动。|https://d.bmcx.com/shouyu/_file/5/a7802c04ab85144a.png
3815	应该	成语虚词	一手食、中指指背交替弹击下颏。|https://d.bmcx.com/shouyu/_file/2/37fb788920dda51d.png
3816	应当	成语虚词	一手食、中指指背交替弹击下颏。|https://d.bmcx.com/shouyu/_file/6/b7aeaa8423fb51ec.png
3817	永远	成语虚词	（一）双手打手指字母“Y”的指式，掌心相对，在胸前交替向前转动。（二）一手拇指置于食指根部，食指伸直向前方移动。|https://d.bmcx.com/shouyu/_file/b/afbb2f8a8991cdb0.png
3818	又	成语虚词	一手食指伸出，拇、中指先相捏，然后向一侧挥动时张开。|https://d.bmcx.com/shouyu/_file/e/24d08f33c8289f36.png
3819	再	成语虚词	一手食指伸出，拇、中指先相捏，然后向一侧挥动时张开。|https://d.bmcx.com/shouyu/_file/9/e91f7691af77a966.png
3820	还	成语虚词	一手食指伸出，拇、中指先相捏，然后向一侧挥动时张开。|https://d.bmcx.com/shouyu/_file/2/10fc105a71e61c3b.png
3821	实事求是	成语虚词	（一）一手食、中指相叠，弹打另一手食指。（二）一手食、中指相叠，指尖朝上。（三）双手抱拳，在胸前上下动几下。（四）一手食、中指相叠，先直立再向前点动一下。|https://d.bmcx.com/shouyu/_file/f/7319bd4adaa68cd9.png
3822	所有	成语虚词	（一）双手五指并拢微曲，指尖相触，掌心相对，从上向下作弧形移动，变成手腕相挨，表示全部。（二）一手拇、食指伸直，拇指不动，食指向内弯动几下。|https://d.bmcx.com/shouyu/_file/a/982b8816ae8017a7.png
3823	太	成语虚词	太 左手食指横伸；右手食指书空“太”形，组成“太”字。|https://d.bmcx.com/shouyu/_file/5/42ef828687318919.png
3824	突然	成语虚词	（一）手指字母“T”的指式。（二）一手拇、食指相捏，从一侧向另一侧快速挥动。|https://d.bmcx.com/shouyu/_file/3/de600dd78035bcbb.png
3825	的	成语虚词	手指字母“D”的指式。|https://d.bmcx.com/shouyu/_file/6/c1499948977df335.png
3826	更	成语虚词	一手食指伸出，拇、中指先相捏，然后向一侧挥动时张开。|https://d.bmcx.com/shouyu/_file/1/e20a4fa83bdbcd70.png
3827	非常	成语虚词	一手拇指指尖抵于食指跟部，向下一沉。|https://d.bmcx.com/shouyu/_file/1/15ca5d54f373d6b8.png
3828	吗	成语虚词	吗 表情是疑问式的。眼睛看着对方，眉微扬，希望得到对方的回复。|https://d.bmcx.com/shouyu/_file/no_picture.png
3829	没	成语虚词	一手拇、食、中指捻动，连续几次。|https://d.bmcx.com/shouyu/_file/0/ca6e28db2682873b.png
3830	经常	成语虚词	一手伸食、中指，在太阳穴上轻敲几下，表示“经常”、“常常”。所示）|https://d.bmcx.com/shouyu/_file/a/f2d9a9da2b82144f.png
3831	众志成城	成语虚词	众志成城 此翻译内容供参考：（一）双手中、无名、小指搭成三个“人”字形

（二）手指字母“ZH”的指式。

（三）一手平伸，掌心向下，往上缓缓移动

（四）双手伸食指，指背向上，指尖相对，作“长城”形向两旁分开，象征城垛|https://d.bmcx.com/shouyu/_file/no_picture.png
3832	抗震救灾	成语虚词	抗震救灾 此翻译仅供参考：（一）双手握拳，向前上方挥击。

（二）双手五指张开，掌心向下，各向左右震动。

（三）左手伸出拇、小指，放平；右手将左手扶起，拇指向上。

（四）手指字母“Z”的指式。一手伸小指，向下甩一下。|https://d.bmcx.com/shouyu/_file/no_picture.png
3521	德育	教育	（一）手指字母“D”的指式。（二）双手拇指与四指相捏，指尖相对，微动几下。|https://d.bmcx.com/shouyu/_file/7/1348ac2359a6991f.png
3522	智育	教育	（一）一手伸拇、食指，食指在额上点一下。（二）双手拇指与四指相捏，指尖相对，微动几下。|https://d.bmcx.com/shouyu/_file/0/91835a50c92ecf2a.png
3523	学习	教育	（一）双手放于面前，如读书状。（二）一手五指撮合，按于前额。|https://d.bmcx.com/shouyu/_file/b/8213116d28197ba5.png
3524	学制	教育	（一）双手放于面前，如读书状。（二）一手握拳，依次伸出食、中、无名、小指，表示学习年限。|https://d.bmcx.com/shouyu/_file/f/3330a69f480824be.png
3525	专业	教育	（一）一手五指微曲，搭在另一手直伸的食指跟部向外移动，同时收拢五指。（二）右手食指与左手四指搭成“业”字形。|https://d.bmcx.com/shouyu/_file/3/802fbc36663fe766.png
3526	课本	教育	双手掌心相合，再打开来，如翻书本状。|https://d.bmcx.com/shouyu/_file/9/c0811f38df46af98.png
3527	书	教育	双手掌心相合，再打开来，如翻书本状。|https://d.bmcx.com/shouyu/_file/4/165740a07f0c78a0.png
3528	教材	教育	（一）双手拇指与四指相捏，指尖相对，微动几下。（二）双手先以食指互碰一下，然后分开并张开五指。|https://d.bmcx.com/shouyu/_file/a/b82ceac4009b9a06.png
3529	上课	教育	（一）一手食指向上指。（二）双手掌心相合，再打开来，如翻书本状。|https://d.bmcx.com/shouyu/_file/2/ae51870328d6c97e.png
3530	下课	教育	（一）一手食指向下指。（二）双手掌心相合，再打开来，如翻书本状。|https://d.bmcx.com/shouyu/_file/7/86d0b0942de730e4.png
3531	放学	教育	双手放在面前，掌心向内，如读书状，然后向下一甩。|https://d.bmcx.com/shouyu/_file/3/75172decab946815.png
3532	寒假	教育	（一）双手握拳在胸前微微抖动，即“寒冷”手势。（二）双手放在面前，掌心向内，如读书状，然后向下一甩。|https://d.bmcx.com/shouyu/_file/3/151c5aa623e87b4d.png
3533	暑假	教育	（一）一手在额部作挥汗状，表示天气炎热。（二）双手放在面前，掌心向内，如读书状，然后向下一甩。|https://d.bmcx.com/shouyu/_file/c/d7cc4f548147a592.png
3534	肄业	教育	（一）手指字母“Y”的指式。（二）左手食、中、无名、小指与右手食指搭成“业”字形。|https://d.bmcx.com/shouyu/_file/4/542798bfef53dd53.png
3535	毕业	教育	（一）双手放在面前，掌心向内，如读书状，然后向下一甩。（二）双手虚握，手心向上，由外向内微缩，如接受毕业证书状。|https://d.bmcx.com/shouyu/_file/c/c906a384d9cb6576.png
3536	写字	教育	一手拇、食、中指相捏，作写字状。|https://d.bmcx.com/shouyu/_file/6/88dd62b14f2c7a7c.png
3537	读书	教育	双手放于面前，如读书状。|https://d.bmcx.com/shouyu/_file/f/3e56dd85f640d727.png
3538	问答	教育	双手食指从嘴前来回指动。|https://d.bmcx.com/shouyu/_file/0/712646298b73d501.png
3539	功课	教育	（一）一手作执笔写字状。（二）双手掌心相合，再打开来，如翻书本状。|https://d.bmcx.com/shouyu/_file/0/dbc38fbc1894ddfe.png
3540	函授	教育	（一）左手拇指与四指作“[”形，右手掌尖插入“[”形中，表示信函。（二）双手拇指与四指相捏，指尖相对，微动几下。|https://d.bmcx.com/shouyu/_file/a/86184623c7d7762d.png
3541	讲座	教育	（一）一手食指横于最前转动两圈，表示讲话。（二）双手伸拇、小指，先并排，然后分向两侧一顿一顿移动。|https://d.bmcx.com/shouyu/_file/f/36515cc24c91bb67.png
3542	辅导	教育	（一）双手在胸部向前微微拍动两下，表示“帮助”“辅导”。（二）一手食指向前点一下。|https://d.bmcx.com/shouyu/_file/1/0c23a28ebb70cc72.png
3543	记录	教育	（一）一手五指微曲，虎口贴近耳部作倾听状。（二）一手如执笔写字状。|https://d.bmcx.com/shouyu/_file/0/822eaf8a85dab4f8.png
3544	提纲	教育	（一）一手向下伸开五指，向上提起，五指并拢。（二）一手握拳，依次伸出食、中、无名、小指。|https://d.bmcx.com/shouyu/_file/d/d6d56cd343d20d16.png
3545	考核	教育	（一）双手伸拇指，交替上下动，表示比较、比试。（二）双手掌心向上，由两旁向中间靠拢互碰一下，表示核对。|https://d.bmcx.com/shouyu/_file/7/d103a74f07764878.png
3546	考试	教育	（一）双手伸拇指，交替上下动，表示比较、比试。（二）一手食、中指指尖指着双眼，交替微动。|https://d.bmcx.com/shouyu/_file/e/b589a1810a023844.png
3547	成绩	教育	（一）一手拍另一手掌心，随即伸出拇指。（二）手指字母“J”的指式。|https://d.bmcx.com/shouyu/_file/0/436cfdc1b582fd4c.png
3548	语文	教育	一）一手手背贴于颏下，并作发音状。这是聋哑学校口语教学的特征。（二）一手如执笔写字状。|https://d.bmcx.com/shouyu/_file/a/3102bfae937a10cc.png
3549	作文	教育	（一）一手食指指太阳穴，并转动一下。（二）一手如执笔写字状。|https://d.bmcx.com/shouyu/_file/9/c485c2f46f837fe8.png
3550	造句	教育	（一）一手如执笔写字状。（二）手指字母“J”的指式。|https://d.bmcx.com/shouyu/_file/c/77e79e2d68e8c5d2.png
3551	口语	教育	（一）一手食指绕口部转一圈。（二）一手手背贴于颏下，并作发音状。|https://d.bmcx.com/shouyu/_file/8/3a021575d0ffc9ed.png
3552	手语	教育	双手五指微曲，交替上下舞动，手指灵活曲伸，如打手势动作|https://d.bmcx.com/shouyu/_file/d/f4f6805dfc65d5e9.png
3553	发音	教育	一手手背贴于颏下，口张开作发音状。|https://d.bmcx.com/shouyu/_file/1/b33ade2f18681dab.png
3554	律动	教育	双手背向上，五指向前伸出，指尖微向上斜，一前一后作波浪形向前移动。|https://d.bmcx.com/shouyu/_file/0/066e0376c970a38a.png
3555	自然	教育	一手食指指尖先贴于胸前，然后向外微移，同时五指开放。|https://d.bmcx.com/shouyu/_file/c/59001efa2b4fd1c3.png
3556	常识	教育	（一）一手食、中指在太阳穴旁轻击几下。（二）一手食指点几下太阳穴。|https://d.bmcx.com/shouyu/_file/f/6a0127d9d790467e.png
3557	手工	教育	（一）一手拍另一手背。（二）左手食、中指与右手食指搭成“工”字。|https://d.bmcx.com/shouyu/_file/9/6e6eb93e09210574.png
3558	练习题	教育	（一）一手五指撮合，放于前额。（二）左掌侧立，五指分开。右手拇、食指相距约半寸，在左手拇指前划一条横线。|https://d.bmcx.com/shouyu/_file/5/50e95f9a1253c8e8.png
3559	习题	教育	（一）一手五指撮合，放于前额。（二）左掌侧立，五指分开。右手拇、食指相距约半寸，在左手拇指前划一条横线。|https://d.bmcx.com/shouyu/_file/6/cf7e3379cf37894d.png
3560	题目	教育	题目 左掌侧立，五指分开，右手拇、食指相距约半寸，在左手拇指前划一条横线。|https://d.bmcx.com/shouyu/_file/a/a9ac10d28d3f9577.png
3561	字典	教育	（一）手指字母“Z”的指式。（二）双手五指微曲，指尖相对如“心”型，然后拇指向两旁分开，如翻字典动作。|https://d.bmcx.com/shouyu/_file/b/7db73961a6760134.png
3562	词典	教育	（一）手指字母“C”的指式。（二）双手五指微曲，指尖相对如“心”型，然后拇指向两旁分开，如翻字典动作。|https://d.bmcx.com/shouyu/_file/6/329194a764b4a885.png
3563	词汇	教育	（一）手指字母“C”的指式。（二）右手拇、食指捏住左手食、中指，表示一个词汇。|https://d.bmcx.com/shouyu/_file/7/109bd608e34eca6b.png
3564	语法	教育	（一）一手手背贴于颏下，并作发音状。这是聋哑学校口语教学的特征。（二）手指字母“F”的指式。|https://d.bmcx.com/shouyu/_file/3/7ea78936c29e0e37.png
3565	标点	教育	一手食指在另一手掌心上画一个“，”符号。|https://d.bmcx.com/shouyu/_file/e/bd45d42528009470.png
3566	笔记本	教育	（一）一手如执笔写字状。（二）双手掌心相合，再打开来，如翻书本状。|https://d.bmcx.com/shouyu/_file/f/8ad570742270f013.png
3567	标本	教育	（一）左手食指直立，右手指尖对准左手食指，意为“标准”。（二）手指字母“B”的指式。|https://d.bmcx.com/shouyu/_file/d/0de5dcae488277d0.png
3568	汉语拼音	教育	（一）手指字母“H”的指式。（二）一手手背贴于颏下，并作发音状。这是聋哑学校口语教学的特征。（三）左手食、中指向上伸开，右手拇、食指把左手食、中指指尖捏合在一起。|https://d.bmcx.com/shouyu/_file/0/fbc791b32f4ca5ce.png
3569	拼音	教育	（一）手指字母“H”的指式。（二）一手手背贴于颏下，并作发音状。这是聋哑学校口语教学的特征。（三）左手食、中指向上伸开，右手拇、食指把左手食、中指指尖捏合在一起。|https://d.bmcx.com/shouyu/_file/d/86f81ba3a007f2b7.png
3570	手指字母	教育	（一）一手轻拍一下另一手背。（二）一手五指叉开微曲，手指交替动几下，如打手语状。|https://d.bmcx.com/shouyu/_file/9/dc406cf1d6b8ade5.png
3571	壁报	教育	（一）一掌侧伸，掌心向外，从上向下划，象征“墙壁”。（二）双手掌心向内放于胸前，再向左右分开，如打开报纸状。|https://d.bmcx.com/shouyu/_file/e/d74608b7285ca4a6.png
3572	墙报	教育	（一）一掌侧伸，掌心向外，从上向下划，象征“墙壁”。（二）双手掌心向内放于胸前，再向左右分开，如打开报纸状。|https://d.bmcx.com/shouyu/_file/e/61f2f5c613c1a14a.png
3573	文盲	教育	（一）一手食指书空“文”字。（二）一手食、中指贴于双眼，表示“盲”。|https://d.bmcx.com/shouyu/_file/f/0b4818b07b668047.png
3574	扫盲	教育	（一）一手五指并拢，指尖向下，作弧形挥动，如扫地状。（二）一手食、中指贴于双眼，表示“盲”。|https://d.bmcx.com/shouyu/_file/d/1e0b3c9f729ad88c.png
3575	普及	教育	（一）双手五指并拢，掌心向下，然后从中间向左右平行移动，五指同时张开。（二）手指字母“J”的指式。|https://d.bmcx.com/shouyu/_file/a/9150ae81f606d577.png
3576	培养	教育	（一）手指字母“P”的指式。（二）左手食指直立不动，右手拇指与四指相捏，移近左手食指。|https://d.bmcx.com/shouyu/_file/1/429ce83dcf565b2f.png
3577	启发	教育	（一）一手打手指字母“Q”的指式，放于太阳穴部，头先略低，再抬起。（二）同时放开五指，表示豁然开朗。|https://d.bmcx.com/shouyu/_file/0/a46a7ed5bc3c9049.png
3578	纸	教育	双手拇指与四指相捏，腕部微微振动几下。|https://d.bmcx.com/shouyu/_file/f/d57455aad840561b.png
3579	蜡纸	教育	（一）手指字母“L”的指式。（二）双手拇指与四指相捏，腕部微微振动几下。|https://d.bmcx.com/shouyu/_file/c/3a462fa105dd5430.png
3580	复写纸	教育	（一）左掌平伸，手背向上，右掌插入左掌下，如插入复写纸。（二）一手如执笔写字状。（三）双手拇指与四指相捏，腕部微微振动几下。|https://d.bmcx.com/shouyu/_file/e/779f1ff364c17cb1.png
3581	笔记	教育	（一）一手如执笔写字状。（二）一手食指弯曲，按于前额。|https://d.bmcx.com/shouyu/_file/6/a02e57e9f0dde94d.png
3582	钢笔	教育	（一）一手食、中指向胸侧口袋中插入，如插钢笔动作。（二）一手如执笔写字状。|https://d.bmcx.com/shouyu/_file/c/17c1f6db7f9a34e1.png
3583	铅笔	教育	（一）手指字母“Q”的指式。（二）一手如执笔写字状。|https://d.bmcx.com/shouyu/_file/8/d3c213f1da20edd8.png
3584	毛笔	教育	（一）右手五指捏住左手食指尖，向外移，如理顺笔毛的动作。（二）一手如执笔写字状。|https://d.bmcx.com/shouyu/_file/f/c30f1cf610b33291.png
3585	铁笔	教育	（一）双手握拳，上拳敲打下拳，再向里移动。（二）一手如执铁笔刻写蜡纸状。|https://d.bmcx.com/shouyu/_file/c/6620debc48141707.png
3586	粉笔	教育	（一）一手拇、食、中指互捻，如捻粉末。（二）一手如执粉笔写字状。|https://d.bmcx.com/shouyu/_file/a/fa4a108ab585553a.png
3587	墨	教育	一手拇、食、中指相捏，指尖向下，转动几圈，如磨墨状。|https://d.bmcx.com/shouyu/_file/f/b4e5f464f36b41ee.png
3588	墨水	教育	（一）左手拇、食指捏成小圆，右手食、中指相搭，在小圆中点一下，如蘸墨水之状。（二）一手平伸作波纹状平移。|https://d.bmcx.com/shouyu/_file/9/577987e523df557a.png
3589	橡皮	教育	一手拇、食指相捏，在另一手掌心上来回擦动，如用橡皮擦去笔迹。|https://d.bmcx.com/shouyu/_file/d/338840b06b73cf2b.png
3590	研	教育	（一）一手拇、食、中指相捏，指尖向下，转动几圈，如磨墨状。（二）双手拇、食指搭成长方形，如砚台形状。|https://d.bmcx.com/shouyu/_file/e/b0a039eb12aa3f33.png
3591	表格	教育	（一）手指字母“B”的指式。（二）双手五指分开，一横一竖搭成长方形，然后左手不动，右手向下移。|https://d.bmcx.com/shouyu/_file/5/2b2130c0c8064e5c.png
3592	圆规	教育	圆规 右手食、中指分开，中指尖抵于左掌心，中指转一圆圈，如用圆规作圆动作。|https://d.bmcx.com/shouyu/_file/6/0b99b1144d383337.png
3593	订书机	教育	订书机 右手微曲，手背向上，以腕部向左掌心上轻压一下，如使用订书机动作。|https://d.bmcx.com/shouyu/_file/8/0a2e9988c84f0422.png
3594	幻灯	教育	幻灯 左手五指弯曲成半圆形。右手五指撮合，从左手虎口内直冲而出，同时放开五指，如幻灯放映状。|https://d.bmcx.com/shouyu/_file/f/9efe4a4778a3a4e3.png
3595	钢板	教育	（一）双手握拳，上拳敲打下拳，再向外移动。（二）双手拇、食指相距约两寸，由中间向两边拉开，如钢板形状。|https://d.bmcx.com/shouyu/_file/c/1d483d1379e51d35.png
3596	算盘	教育	（一）一手拇、食、中指指尖向下，作打算盘动作。（二）双手拇、食指搭成“[”形，指尖相对，向两旁拉开，如算盘框架形状。|https://d.bmcx.com/shouyu/_file/c/09baf81afe24f9ad.png
3597	夏令营	教育	（一）右手食指点一下左拳中指关节处，即“夏天”手势。（二）双手搭成“＾”形。|https://d.bmcx.com/shouyu/_file/e/0be61ccbe9174b81.png
3598	班	教育	班 左手拇指向上不动；右手五指分开，指尖朝上，掌心贴于左拳。|https://d.bmcx.com/shouyu/_file/9/a92e0b8063b80571.png
3599	板书	教育	（一）双手伸食指从上向两侧划“冂”形。（二）一手拇、食指相捏，作持粉笔写字状。|https://d.bmcx.com/shouyu/_file/c/0655768d4c4e94d7.png
3600	背诵	教育	（一）双手并排伸开，掌心向上，然后右手不动，左手作合书状。（二）一手食指横于嘴前转动几下。|https://d.bmcx.com/shouyu/_file/b/f5c37fe60e05735c.png
3601	笔画	教育	（一）右手拇、食、中指相捏，作写字状。（二）右手食指作书写横，点等动作（汉字的笔画很多，可任意模仿）。|https://d.bmcx.com/shouyu/_file/a/5baa6850a22bb559.png
3602	比喻	教育	（一）双手拇指朝上，其余手指握拳，交替上下动几下。（二）右手伸食、中指在脸颊处点动几下。|https://d.bmcx.com/shouyu/_file/5/e11ad01be7627337.png
3603	比如	教育	（一）双手拇指朝上，其余手指握拳，交替上下动几下。（二）右手伸食、中指在脸颊处点动几下。|https://d.bmcx.com/shouyu/_file/f/1d46df3d96b9f470.png
3604	操场	教育	（一）双手握拳，向前伸出，再收回，反复几次。（二）右手食指尖朝下划一大圆圈。|https://d.bmcx.com/shouyu/_file/6/b6b78929e8f0a0f5.png
3605	初中	教育	（一）右手食指在左手拇指上点一下。（二）左手拇、食指捏成小圆圈与右手指搭成“中”字形。|https://d.bmcx.com/shouyu/_file/7/bc7e4d9301bfb401.png
3606	答案	教育	（一）一手食指直立，手背向内，然后手腕向内转动，食指指尖指向嘴部。（二）一手虚握，在另一手掌心上逐一伸出食、中、无名、小指。|https://d.bmcx.com/shouyu/_file/8/010c3c9ed7b9a67e.png
3607	大纲	教育	（一）右手食指书空“大”字。（二）左手平伸，掌心向上；右手在左掌心上依次伸出食、中、无名、小指。|https://d.bmcx.com/shouyu/_file/b/60b3b3a12657121c.png
3608	点名	教育	（一）一手食拽在另一手掌心上点一下。（二）一手中、无名、小指横伸，另一手食指沿三指指尖划下。|https://d.bmcx.com/shouyu/_file/2/a6e5b08db082a745.png
3609	大	教育	大 右手食指书空“大”字()|https://d.bmcx.com/shouyu/_file/6/0c9a591278d60ee1.png
3610	段落	教育	双手掌心向下，一上一下，间隔一段距离，然后同时向下移动几次。|https://d.bmcx.com/shouyu/_file/1/7245576836d5619a.png
3611	逗号	教育	逗号 右手食指书空“，”形。|https://d.bmcx.com/shouyu/_file/5/537522d90df1ee4b.png
3612	顿号	教育	顿号 右手食指书空“、”形。|https://d.bmcx.com/shouyu/_file/f/6877636c6dad0463.png
3613	分	教育	分 左手打手字母“F”的指式；右手手背向外置于左手食指上，五指分开，指尖朝上，微微抖动几下。（可根据考试或比赛成绩，打出具体得分。）|https://d.bmcx.com/shouyu/_file/8/0bfc6335a582798b.png
3614	高中	教育	（一）一手平伸，掌心向下，向上举过头。（二）左手拇、食指捏成小圆圈与右手食指搭成“中”字形。|https://d.bmcx.com/shouyu/_file/8/312f211727e5cb25.png
3615	合格	教育	（一）双手侧伸，指尖相对，向中间移至双手相叠。（二）双手五指分开，交叉搭成格子，并向两旁微移。|https://d.bmcx.com/shouyu/_file/2/6ad2177a8fcce479.png
3616	黑板	教育	（一）打手指字母“冂” 的指式，在头发上摸一下。（二）双手伸食指，指尖朝前，在面前划一个“▄”形，表示黑板。|https://d.bmcx.com/shouyu/_file/d/e1c20a58c7d34563.png
3617	及格	教育	及格 左手食、中指横伸，手背向外；右手拇、小指伸出置于左手食指上打数字“60”的手势，表示60分。|https://d.bmcx.com/shouyu/_file/2/b2929c19eebc5893.png
3618	讲课	教育	（一）一手食指横伸在嘴前转动几圈。（二）双手掌心相合，再打开，如翻看书本状。|https://d.bmcx.com/shouyu/_file/d/bbc1a54375f69887.png
3619	结业	教育	（一）一手拇指与四指相对，逐渐并拢，再向下一甩。（二）一手食指横于另一手食、中、无名、小指根部，仿“业”字形。|https://d.bmcx.com/shouyu/_file/2/e19326247f45aab3.png
3620	进修	教育	（一）一手拇、食指相捏，边向前伸边张开两指。（二）双手放在面前如读书状，然后一手五指撮合，按于前额。|https://d.bmcx.com/shouyu/_file/d/9698c04bf869b5fb.png
3621	句号	教育	句号 右手食指书空“。”形。|https://d.bmcx.com/shouyu/_file/d/f37cdac24a46de48.png
3622	惊叹号	教育	惊叹号 右手食指书空“！”形。|https://d.bmcx.com/shouyu/_file/e/54000f0651e36196.png
3623	科目	教育	（一）手指字母“K”的指式。（二）右手握拳贴在左掌心上，然后依次伸出食、中、无名、小指。|https://d.bmcx.com/shouyu/_file/5/51c3a354b2880832.png
3624	课间	教育	（一）双手掌心相合，再打开。（二）左手食、中、无名、小指横伸；右手食指在各指缝间插一下。|https://d.bmcx.com/shouyu/_file/c/00cdaec1f2798c6b.png
3625	课题	教育	（一）同“课间”手势（双手掌心相合，再打开。）（二）同“题材”手势（左手侧立，掌心向内，五指分开；右手拇、食指相距约1厘米，在左手拇指旁向右移动一下。）|https://d.bmcx.com/shouyu/_file/f/e908932574087875.png
3626	练习	教育	（一）双手掌心上下相贴，下面的手不动，上面的手翻转一下，手背贴于掌心。（二）一手五指撮合，按于前额。|https://d.bmcx.com/shouyu/_file/8/0568741e0f3e2185.png
3627	复习	教育	（一）双手掌心上下相贴，下面的手不动，上面的手翻转一下，手背贴于掌心。（二）一手五指撮合，按于前额。|https://d.bmcx.com/shouyu/_file/d/c2a4eadfdee80325.png
3628	临摹	教育	（一）双手拇、食指搭成“方”形，向一侧移动一下。（二）同“观摩”手势（一手五指撮合，按于前额。）|https://d.bmcx.com/shouyu/_file/d/3d43b5afdcc72065.png
3629	留学	教育	（一）左手打手指字母“G”的指式；右手伸拇、小指，从左手食指上方越过，表示出国。（二）同“开学”手势（双手放于面前，如读书状。）|https://d.bmcx.com/shouyu/_file/b/00a169e66725e835.png
3630	录取	教育	（一）同“录用”手势（左手五指张开伸直；右手拇、食指捏一下左手食指，然后向上一提。）（二）一手五指微曲，指尖朝下，边撮合五指边向胸前移动。|https://d.bmcx.com/shouyu/_file/e/cf873e5170d6a34d.png
3631	冒号	教育	冒号 右手食指向前点两下。|https://d.bmcx.com/shouyu/_file/8/2cbf3eccff5531c1.png
3632	默写	教育	（一）双手并排平伸，掌心向上，然后左手翻动，双手掌心相合，如合书状。（二）一手拇、食、中指相捏，作写字状。|https://d.bmcx.com/shouyu/_file/4/f904b372263ba229.png
3633	年级	教育	（一）右手伸食指从左拳的骨节处向下划。（二）左手侧立；右手平伸，掌心向下，食指侧靠左掌心一顿一顿地向上移动。|https://d.bmcx.com/shouyu/_file/2/243d204d469943d8.png
3634	批改	教育	（一）右手食指书空“√”形。（二）一手食、中指直立并旋转一下。|https://d.bmcx.com/shouyu/_file/1/3f978e94a9d5dc2f.png
3635	日记	教育	（一）右手拇、食指弯曲成半圆形，从右边向左边作弧形移动。（二）一手如执笔写字状。|https://d.bmcx.com/shouyu/_file/5/4c8abde14ac5604b.png
3636	实习	教育	（一）手指字母“SH”的指式。（二）同“练习”手势（一手五指撮合，按于前额。）|https://d.bmcx.com/shouyu/_file/2/4714aae894b1479e.png
3637	试卷	教育	（一）双手伸拇指，在胸前上下交替动几下。（二）双手五指相捏，腕部微动几下。|https://d.bmcx.com/shouyu/_file/d/982d6c0971a3eaec.png
3638	省略号	教育	省略号 右手食指从左向右连点6个点。|https://d.bmcx.com/shouyu/_file/1/c8ad9c97333d0b20.png
3639	省略	教育	省略 右手食指从左向右连点6个点。|https://d.bmcx.com/shouyu/_file/3/2e3bb231071a3d21.png
3640	投影仪	教育	（一）左手齐肩，手背上仰，掌心向前下方；右手五指撮合，由下而上碰左掌心后折向前方并张开五指。（二）同“抽水机”手势（双手五指弯曲，四指大关节交错相触，转动几下。）|https://d.bmcx.com/shouyu/_file/3/f44902ebfb82d053.png
3641	文凭	教育	（一）双手放在面前，掌心向内如读书状，然后双手向一甩。（二）右手拇、食、中指撮合，在左手掌心上作盖章状。|https://d.bmcx.com/shouyu/_file/6/0b81782499e9d17b.png
3642	问号	教育	问号 右手食指书空“？”形。|https://d.bmcx.com/shouyu/_file/9/8e87cee3583dab75.png
3643	修辞	教育	（一）一手食、中指横伸，翻转一下。（二）右手打手指字母“C”的指式，并向右移动一下。|https://d.bmcx.com/shouyu/_file/4/748e58db01367af3.png
3644	学历	教育	（一）双手伸平，掌心向上，放于胸前。（二）一手五指并齐，侧立于另一手掌心，并从指尖处向腕部移动。|https://d.bmcx.com/shouyu/_file/5/2f9530c4c76684e0.png
3645	学识	教育	（一）同“学历”手势（双手伸平，掌心向上，放于胸前。）（二）手指字母“SH”的指式。|https://d.bmcx.com/shouyu/_file/5/87d2bf9b3d1bf065.png
3646	学问	教育	（一）同“学历”手势（双手伸平，掌心向上，放于胸前。）（二）手指字母“SH”的指式。|https://d.bmcx.com/shouyu/_file/8/d4aad50f3c467f99.png
3647	学位	教育	（一）同“学历”手势（双手伸平，掌心向上，放于胸前。）（二）右手伸出拇指，其他手指弯曲，置于左手掌心上。|https://d.bmcx.com/shouyu/_file/c/cca6093a2454cfa2.png
3648	引号	教育	双手伸食、中指，指尖朝前，同时作向内转腕的动作，书空“”形。|https://d.bmcx.com/shouyu/_file/8/c300d19a2dda3cfa.png
3649	证书	教育	（一）同“文凭”手势（右手拇、食、中指撮合，在左手掌心上作盖章状。）（二）双手掌相合，再打开。|https://d.bmcx.com/shouyu/_file/f/c6ee23ab48174852.png
3650	作弊	教育	（一）同“作品”手势（双手握拳，上拳打下拳。）（二）双手交错，掌心相贴，左手在上，右手在下，然后右手向胸前拉动，同时眼睛作偷看的动作。|https://d.bmcx.com/shouyu/_file/9/b125a377771f5b45.png
3651	作业	教育	（一）同“作品”手势（双手握拳，上拳打下拳。）（二）同“结业”手势（一手食指横于另一手食、中、无名、小指根部，仿“业”字形。）|https://d.bmcx.com/shouyu/_file/2/d87c73b4250e17f7.png
3652	多媒体	教育	（一）一手侧立，五指微曲张开，边抖动，边向外移动。
（二）左手食指、中指直立并分开，手背向外；右手打手指字母“M”的指式，置于左手食指、中指中间。
（三）一手贴于胸部并向下移动。|https://d.bmcx.com/shouyu/_file/no_picture.png
3146	船	交通邮电	双手侧伸，指尖相抵向前移动，如船向前行驶。|https://d.bmcx.com/shouyu/_file/4/1cdfaa56855d2eec.png
3147	轮船	交通邮电	双手侧伸，指尖相抵向前移动，如船向前行驶。|https://d.bmcx.com/shouyu/_file/5/e76b887be2f865b7.png
3148	帆船	交通邮电	帆船 右手直伸，掌心向外，腕部贴在左掌心上，同时向前移动，如帆船向前行驶。|https://d.bmcx.com/shouyu/_file/7/52833fa5ac9cd9f3.png
3149	筏子	交通邮电	双手平伸，五指交叉向上，向旁边平移，象征筏子行驶状。|https://d.bmcx.com/shouyu/_file/8/a90d6b219932c82e.png
3150	竹筏	交通邮电	双手平伸，五指交叉向上，向旁边平移，象征筏子行驶状。|https://d.bmcx.com/shouyu/_file/a/f8263517c904bed8.png
3151	舵	交通邮电	舵 左手向上微曲，象征船。右手从左手腕部向后伸出，微微摇动，表示船舵。|https://d.bmcx.com/shouyu/_file/7/ec90d5be2a0585b1.png
3152	橹	交通邮电	双手虚握，在胸前来回摇动，如摇橹状。|https://d.bmcx.com/shouyu/_file/1/9f85a800a5b0e352.png
3153	篙	交通邮电	双手一上一下虚握，向下用力一撑，如用篙撑船状。|https://d.bmcx.com/shouyu/_file/4/9b4b38743999ae16.png
3154	浆	交通邮电	双手虚握，交替转动，如用浆划船状。|https://d.bmcx.com/shouyu/_file/0/7fe4843870b9ab4c.png
3155	跳板	交通邮电	跳板 右手掌心向上微曲，如船形，左手食、中指并拢搭在右掌小指缘上，象征跳板。|https://d.bmcx.com/shouyu/_file/6/62d969ebb0b5ca5a.png
3156	桥	交通邮电	双手食、中指微曲，指尖相对，从中间向两边作弧形拉开，如桥的外形。|https://d.bmcx.com/shouyu/_file/1/e776c02374279347.png
3157	立交桥	交通邮电	双手掌心向下微曲，一上一下作大弧形交叉移动，象征立交桥上下层车辆行驶情况。|https://d.bmcx.com/shouyu/_file/9/2af15e30d6dbb728.png
3158	飞机	交通邮电	一手伸拇、小指，掌心向下，向前上方作弧形移动，象征飞机外形及起飞情况。|https://d.bmcx.com/shouyu/_file/d/e32807362fa9e429.png
3159	航空	交通邮电	一手伸拇、小指，掌心向下，向前上方作弧形移动，象征飞机外形及起飞情况。|https://d.bmcx.com/shouyu/_file/5/3f7299d383efc5e4.png
3160	机场	交通邮电	（一）一手伸拇、小指，掌心向下，向前上方作弧形移动，象征飞机外形及起飞情况。（二）一手食指向下画一个大圆圈，表示机场的范围。|https://d.bmcx.com/shouyu/_file/b/3344633b38ee41a3.png
3161	车站	交通邮电	（一）双手虚握如握方向盘，左右转动，模仿操纵方向盘动作。（二）双手搭成“＾”形。|https://d.bmcx.com/shouyu/_file/2/5dec892fcb52424e.png
3162	码头	交通邮电	码头 左手侧立，象征泊位。右手微曲，掌心向上，象征船。右手缓慢地靠贴左掌心，象征船停泊码头。|https://d.bmcx.com/shouyu/_file/7/71d4b95d5406636e.png
3163	港口	交通邮电	（一）左手侧立，象征泊位。右手微曲，掌心向上，象征船。右手缓慢地靠贴左掌心，象征船停泊码头。右手一顿一顿向旁移，表示停泊着许多船只。（二）一手食指在口边转一圈。|https://d.bmcx.com/shouyu/_file/8/ef666ffebdeb9089.png
3164	邮局	交通邮电	（一）一手食、中指并拢，在另一手掌心上轻拍一下，象征贴邮票。（二）双手搭成“＾”形。|https://d.bmcx.com/shouyu/_file/a/60902be543f2961a.png
3165	邮票	交通邮电	一手食、中指并拢，在另一手掌心上轻拍一下，象征贴邮票。|https://d.bmcx.com/shouyu/_file/e/f6d88001512cdd07.png
3166	车票	交通邮电	（一）双手虚握如握方向盘，左右转动，模仿操纵方向盘动作。（“火车票”可用“火车”手势，余类推。）（二）双手拇、食指指尖相对，向两边微拉，如车票大小。|https://d.bmcx.com/shouyu/_file/e/86e064deb7c71fc1.png
3167	电话	交通邮电	一手伸拇、小指，拇指置于耳边，小指置于口边如大电话状。|https://d.bmcx.com/shouyu/_file/d/4446ef59fab90cc0.png
3168	信	交通邮电	信 左手拇指与四指成“[”形，右手四指并拢指尖插入左手“[”形中，象征信件投入邮筒|https://d.bmcx.com/shouyu/_file/a/ea4b7b225ab369a7.png
3169	信封	交通邮电	（一）左手拇指与四指成“[”形，右手四指并拢指尖插入左手“[”形中，象征信件投入邮筒。（二）双手拇、食指搭成长方形，稍向外拉开，如信封形状。|https://d.bmcx.com/shouyu/_file/0/f3145d3d4606d712.png
3170	信纸	交通邮电	（一）左手拇指与四指成“[”形，右手四指并拢指尖插入左手“[”形中，象征信件投入邮筒。（二）双手五指撮合，在胸前微动几下，即“纸张”。|https://d.bmcx.com/shouyu/_file/0/6c8d311ebb0a22f5.png
3171	挂号信	交通邮电	（一）一手中、无名、小指指尖在另一手掌心上点一下，象征收到挂号信时签名动作（航空信可用“飞机”手势）。（二）左手拇指与四指成“[”形，右手四指并拢指尖插入左手“[”形中，象征信件投入邮筒。|https://d.bmcx.com/shouyu/_file/a/3d765dc3ade31ffc.png
3172	汇款	交通邮电	（一）左手拇指与四指成“[”形，右手四指并拢指尖插入左手“[”形中，象征信件投入邮筒。（二）一手拇、食指捏成小圆，上下动几下。|https://d.bmcx.com/shouyu/_file/e/bb4acdfc291478b8.png
3173	侨汇	交通邮电	（一）交通 邮电双手食、中指微曲，指尖相对，从中间向两边作弧形拉开，如桥的外形。“桥”与“侨”同音，此处借用。（二）左手拇指与四指成“[”形，右手四指并拢指尖插入左手“[”形中，象征信件投入邮筒。（三）一手拇、食指捏成小圆，上下动几|https://d.bmcx.com/shouyu/_file/8/c967962b67c577ea.png
3174	路	交通邮电	双手侧伸，掌心相对，相距尺余，向前方伸出，表示笔直的大路|https://d.bmcx.com/shouyu/_file/4/c5e4893946a53005.png
2968	锻压	工业建筑	双手握拳。左拳垂直向下，击打右拳虎口，如锻压机锻物动作。|https://d.bmcx.com/shouyu/_file/4/894329e8a483fda5.png
2969	轧钢	工业建筑	（一）双手握拳，一上一下，拳背相抵并转动，如轧钢机轧钢板状。（二）双手握拳，上拳击下拳后向外移动。|https://d.bmcx.com/shouyu/_file/6/d8454fa823df6cff.png
2970	造纸	工业建筑	（一）双手握拳，上拳击下拳。（二）双手五指相捏，指尖相对，微微抖动，如检查纸张质量状|https://d.bmcx.com/shouyu/_file/2/17f04937e4843cca.png
2971	纺织	工业建筑	双手掌心向上，五指分开，交叉相叠，左右动几下，如织布动作。|https://d.bmcx.com/shouyu/_file/d/4097ea654c0b4f3a.png
2972	印染	工业建筑	（一）双手指尖相抵，上掌向下按两下，即“印刷”手势。（二）双手五指撮合，指尖向下，上下动几下，如土法染色状。|https://d.bmcx.com/shouyu/_file/8/ef2ea8bade11a920.png
2973	皮革	工业建筑	（一）一手拇、食指捏另一手手背上的皮肤。（二）双手拇、食指相距约二寸，指尖相对，从中间向两旁拉开，表示皮张。|https://d.bmcx.com/shouyu/_file/d/b21b5b056a8e3581.png
2974	搪瓷	工业建筑	搪瓷 左手五指弯曲成半圆形。右手食指指尖敲打左手背，如检验陶瓷质量。|https://d.bmcx.com/shouyu/_file/d/ec2d1870d82be7ae.png
2975	喷漆	工业建筑	喷漆 右手拇、食指伸出如喷枪状，食指指尖对准左手掌心，来回移动几次，如喷漆动作。|https://d.bmcx.com/shouyu/_file/4/d985bffe24ba5f4f.png
2976	焊接	工业建筑	一手拇、食指伸出如焊枪状，食指指尖抵住另一手食指，跳动几下，如焊枪焊接动作。|https://d.bmcx.com/shouyu/_file/6/b38541151f249ff0.png
2977	企业	工业建筑	（一）手指字母“Q”的指式。（二）一手四指向上直伸，另一手食指横与四指跟部搭成“业”字形。|https://d.bmcx.com/shouyu/_file/e/02c867f564a84ceb.png
2978	公司	工业建筑	（一）双手拇、食指相搭成“公”字。（二）手指字母“S”的指式。|https://d.bmcx.com/shouyu/_file/0/3f60ef3729437da5.png
2979	工厂	工业建筑	（一）一手食、中指与另一手食指搭成“工”字形。（二）双手指尖相抵搭成“＾”形。|https://d.bmcx.com/shouyu/_file/e/a3d71197c5c7f973.png
2980	车间	工业建筑	（一）双手握拳，上拳打下拳。（二）双手指尖相抵搭成“＾”形。|https://d.bmcx.com/shouyu/_file/e/c1e9d37db72bcddd.png
2981	仓库	工业建筑	（一）左手五指向下弯曲成半圆形，右手握成“[”形，向半圆形中插入，如藏物状。（二）双手指尖相抵搭成“＾”形。|https://d.bmcx.com/shouyu/_file/7/8c0eb6b4040d2b55.png
2982	生产	工业建筑	生产 左手五指向内弯曲成半圆形，右手五指撮合，从半圆形中向上伸出，同时放开五指。|https://d.bmcx.com/shouyu/_file/f/0ce8302f511eaad7.png
2983	产品	工业建筑	（一）左手五指向内弯曲成半圆形，右手五指撮合，从半圆形中向上伸出，同时放开五指。（二）双手拇、食指捏成小圆圈，一手不动，一手左右移动一下，成“品”字。|https://d.bmcx.com/shouyu/_file/8/4a3c1dbe3ab6ad9a.png
2984	成品	工业建筑	（一）一手拍一下另一手掌心，随即伸出拇指，表示“成功”之意。（二）双手拇、食指捏成小圆圈，一手不动，一手左右移动一下，成“品”字。|https://d.bmcx.com/shouyu/_file/b/4ad21f16775201c0.png
2985	次品	工业建筑	（一）左手伸出拇、食指，右手食指轻打一下左手食指尖，表示“其次”。（二）双手拇、食指捏成小圆圈，一手不动，一手左右移动一下，成“品”字。|https://d.bmcx.com/shouyu/_file/b/db76cf525ce3bc09.png
2986	废品	工业建筑	（一）一手伸出小指向下一甩，表示“废弃”。（二）双手拇、食指捏成小圆圈，一手不动，一手左右移动一下，成“品”字。|https://d.bmcx.com/shouyu/_file/3/67e7e1438b69cbe6.png
2987	超产	工业建筑	（一）双手食指向上伸直，一手不动，一手向上移，表示“超出”之意。（二）左手五指向内弯曲成半圆形，右手五指撮合，从半圆形中向上伸出，同时放开五指。|https://d.bmcx.com/shouyu/_file/e/e716a9555dde43a9.png
2988	潜力	工业建筑	（一）左手平伸，掌心向下。右手食指在左掌心下向下指，表示“暗中”“下面”之意。（二）一手握拳，肘部有力地弯曲几下。|https://d.bmcx.com/shouyu/_file/f/2dd41bf6ca9acd60.png
2989	产值	工业建筑	（一）左手五指向内弯曲成半圆形，右手五指撮合，从半圆形中向上伸出，同时放开五指。（二）一手拇、食指捏成小圆形，另一手伸出食指在小圆形上点两下。|https://d.bmcx.com/shouyu/_file/c/bc25a395726bba29.png
2990	产量	工业建筑	（一）左手五指向内弯曲成半圆形，右手五指撮合，从半圆形中向上伸出，同时放开五指。（二）一手五指分开，指尖向上，手指微微抖动几下，表示“数量”之意。|https://d.bmcx.com/shouyu/_file/6/5ccace6662cfc708.png
2991	数量	工业建筑	一手五指分开，指尖向上，手指微微抖动几下，表示“数量”“多少”之意。|https://d.bmcx.com/shouyu/_file/a/92a71b6fc855d51a.png
2992	多少	工业建筑	一手五指分开，指尖向上，手指微微抖动几下，表示“数量”“多少”之意。|https://d.bmcx.com/shouyu/_file/8/3858f0817d0db83e.png
2993	定量	工业建筑	（一）一手食指向下挥动一下，表示“一定”。（二）一手五指分开，指尖向上，手指微微抖动几下，表示“数量”“多少”之|https://d.bmcx.com/shouyu/_file/3/7d6d403d003ec2a8.png
2994	定额	工业建筑	（一）一手食指向下挥动一下，表示“一定”。（二）一手五指分开，指尖向上，手指微微抖动几下，表示“数量”“多少”之|https://d.bmcx.com/shouyu/_file/9/950726c2d7d2ee4b.png
2995	节约	工业建筑	节约 左手拇、食指捏成小圆形，右手掌心覆盖在小圆形上，并向里转两圈，表示爱惜钱财，即节约之意。|https://d.bmcx.com/shouyu/_file/8/f7e831ed18de4349.png
2996	消耗	工业建筑	（一）双手拇指与四指成“[”形，缓缓捏合。（二）一手伸小指向下一甩。|https://d.bmcx.com/shouyu/_file/c/ed41b92122308a1a.png
2997	加工	工业建筑	（一）右手拇、食指捏成小圆形，贴在左掌心上。（二）左手食、中指与右手食指搭成“工”字形。|https://d.bmcx.com/shouyu/_file/9/74db96b6e3f88668.png
2998	返工	工业建筑	（一）一手拍打另一手掌心，然后反过来在以手背拍打一下，表示“反复”。（二）左手食、中指与右手食指搭成“工”字形。|https://d.bmcx.com/shouyu/_file/f/90241a5989120d24.png
2999	误工	工业建筑	（一）左掌侧伸，右手拇指抵在左掌心上，食指向下转动，表示时间已迟。（二）左手食、中指与右手食指搭成“工”字形。|https://d.bmcx.com/shouyu/_file/0/370cada30477bd92.png
3000	矿工	工业建筑	（一）左手平伸，掌心向下。右手伸出拇、小指从左手掌心下穿过，象征“逃避”。（二）左手食、中指与右手食指搭成“工”字形。|https://d.bmcx.com/shouyu/_file/b/9cda8b7525c8be81.png
3001	工艺	工业建筑	（一）左手食、中指与右手食指搭成“工”字形。（二）一手食指书空“艺”字。|https://d.bmcx.com/shouyu/_file/7/0f9462fceb466d7e.png
3002	工序	工业建筑	（一）左手食、中指与右手食指搭成“工”字形。（二）一手握拳，依次伸出食、中、无名、小指，表示“次序”之意。|https://d.bmcx.com/shouyu/_file/6/f318a6608cdb3c6d.png
3003	操作	工业建筑	（一）手指字母“C”的指式。（二）双手握拳，上拳打下拳。|https://d.bmcx.com/shouyu/_file/5/3fcec66f3490d897.png
3004	设计	工业建筑	（一）一手食指在太阳穴处转动。（二）左手平伸，掌心向下，右手指尖沿左手小指边缘划一横线，如制图状。|https://d.bmcx.com/shouyu/_file/a/7546427b1b3cd196.png
3005	制图	工业建筑	（一）右手伸食、中指，中指尖抵住左掌心，食指转动一圈，如用圆规画圆。（二）左手平伸，掌心向上，右手拇、食、中指如握笔，在左掌心上作绘图状。|https://d.bmcx.com/shouyu/_file/3/c1d1074725f810b4.png
3006	描图	工业建筑	双手掌心相合、平放，然后抽出右手，在左手背上作握笔描图动作。|https://d.bmcx.com/shouyu/_file/e/d3405360bf6f6334.png
3007	试制	工业建筑	（一）一手食、中指指眼部并微动两下，意为“试试看”。（二）双手握拳，上拳打下拳。|https://d.bmcx.com/shouyu/_file/c/0f00827e3c46ae49.png
3008	复制	工业建筑	（一）右掌击一下左掌心，反转来再用右手背击一下左掌心，表示“反复”。（二）双手握拳，上拳打下拳。|https://d.bmcx.com/shouyu/_file/1/be47fae52ea9abac.png
3009	鉴定	工业建筑	（一）一手食、中指先指一下眼部，然后向外移，指尖向下，左右动几下，表示“察看”。（二）一手食指向下一挥，表示“肯定”。|https://d.bmcx.com/shouyu/_file/0/319743c6075894d5.png
3010	包装	工业建筑	双手伸开，相对交替翻动一下，作包装状。|https://d.bmcx.com/shouyu/_file/0/fd46a8b3a0cda5af.png
3011	故障	工业建筑	（一）双手五指弯曲，四指大关节交错相触，转动几下，象征机器齿轮转动状。（二）一手食、中、无名指按与另一手腕部，如中医诊脉状，表示有毛病。|https://d.bmcx.com/shouyu/_file/b/d9aea97f094f53ad.png
3012	事故	工业建筑	（一）右手食、中指相搭，从左手虎口内向上伸出。（二）一手食、中、无名指按与另一手腕部，如中医诊脉状，表示有毛病。|https://d.bmcx.com/shouyu/_file/a/b21407f1d2d83ae2.png
3013	误差	工业建筑	（一）一手食、中指贴于额上翻转一下。（二）双手平伸，掌心向下，一手不动，另一手向下降，表示“差别”。|https://d.bmcx.com/shouyu/_file/6/e52c16f62c02f884.png
3014	检修	工业建筑	（一）双手拇、食、中指相捏，上下动几下，表示“检查”。（二）一手伸食、中指，翻转一下，表示“修改”之意。|https://d.bmcx.com/shouyu/_file/7/15bab016c2f52375.png
3015	修理	工业建筑	（一）一手伸食、中指，翻转一下，表示“修改”之意。（二）双手握拳，上拳打下拳。|https://d.bmcx.com/shouyu/_file/7/60f6ce6588486e7f.png
3016	切削	工业建筑	（一）一手五指伸直‘叉开，指尖向下，在另一平伸的手背上来回划动几下。（二）一手食、中指并拢，指尖抵于另一手伸直不动的食指，左右划动几下。|https://d.bmcx.com/shouyu/_file/b/a482cfa322261e43.png
3017	调度	工业建筑	（一）双手掌心向下，腕部交叉。然后左右互换位置，即“调整”手势。（二）双手掌心向下，五指分开，左右动几下，表示“安排”之意。|https://d.bmcx.com/shouyu/_file/3/2de46b8fcffcf6a8.png
3018	配套	工业建筑	（一）双手五指互相交叉夹住，表示“配合”之意。（二）双手拇、食指捏成小圆圈，互相套住。|https://d.bmcx.com/shouyu/_file/5/7be6dfee41c5b96a.png
3019	保管	工业建筑	（一）双手在胸前向外微按两下，表示“保护”。（二）一手伸食、中指，自眼部向外伸出，表示看管之意。|https://d.bmcx.com/shouyu/_file/5/d7245a0b98cd9e6c.png
3020	引进	工业建筑	（一）一手食指弯曲如钩，在胸前由外向内移，表示引进来。（二）一手掌心向上，由外向内缩进，同时握成拳，表示拿过来|https://d.bmcx.com/shouyu/_file/5/7333af9b0cda147e.png
3021	遥控	工业建筑	遥控 左手食指向上伸直，左右摆动；右手五指微曲，跟着左手摆动而摆动，表示操纵之意。|https://d.bmcx.com/shouyu/_file/7/7c2ea71201574ad9.png
3022	润滑	工业建筑	润滑 右手在左手背上轻轻摩擦。|https://d.bmcx.com/shouyu/_file/e/456ea769f56b209c.png
3023	设备	工业建筑	（一）双手先以食指互碰一下，然后分开并张开五指。（二）双掌侧立，掌心相对，一顿一顿地向旁移动。|https://d.bmcx.com/shouyu/_file/4/5e5a02eecde7c983.png
3024	工具	工业建筑	（一）一手食、中指与另一手食指搭成“工”字形。（二）双手先以食指互碰一下，然后分开并张开五指。|https://d.bmcx.com/shouyu/_file/2/14ab518293fdc3ff.png
3025	通用	工业建筑	（一）双手食指微伸，指尖相对，交叉互换位置。（二）一手掌心向上，由外向内收缩，并握成拳。|https://d.bmcx.com/shouyu/_file/3/ddf1c206d44cb1d1.png
3026	专用	工业建筑	（一）一手五指微曲，搭在另一手直伸的食指跟部向外移动，并握成拳。（二）一手掌心向上，由外向内收缩，并握成拳。|https://d.bmcx.com/shouyu/_file/2/f3b82e1d04e7af0e.png
3027	车床	工业建筑	（一）右手食、中指并拢，指尖抵在左手食指上左右移动，如车床走刀状。（二）双手先左右平移，再折而向下，成“┌┐”形，象征“床”。|https://d.bmcx.com/shouyu/_file/c/593ef8aff0b6b69b.png
3028	磨床	工业建筑	（一）一手握拳在另一手掌心上研磨。（二）双手先左右平移，再折而向下，成“┌┐”形，象征“床”。|https://d.bmcx.com/shouyu/_file/0/44a8657333fb0aa9.png
3029	刨床	工业建筑	（一）一手拇指指尖抵在另一手掌心上，来回移动，如刨床走刀状。（二）双手先左右平移，再折而向下，成“┌┐”形，象征“床”。|https://d.bmcx.com/shouyu/_file/3/074bcfe986052331.png
3030	冲床	工业建筑	（一）一手握拳垂直于另一手掌心上，如冲床制零件之状。（二）双手先左右平移，再折而向下，成“┌┐”形，象征“床”。|https://d.bmcx.com/shouyu/_file/8/bfe274de59818837.png
3031	钻床	工业建筑	（一）一手食指伸直，向下旋转。（二）双手先左右平移，再折而向下，成“┌┐”形，象征“床”。|https://d.bmcx.com/shouyu/_file/c/6d7630cee43c1f77.png
3032	锯床	工业建筑	（一）左手平伸，掌心向下。右手五指放开，从左手食、中指指缝间插入，上下拉动几下，如锯齿锯物状。（二）双手先左右平移，再折而向下，成“┌┐”形，象征“床”。|https://d.bmcx.com/shouyu/_file/b/efc1888a15cdf11d.png
3033	天车	工业建筑	双手拇、食指捏成圆形，在头部两侧上方平行移动，模仿天车行走状。|https://d.bmcx.com/shouyu/_file/c/9fccf3d4faaafc69.png
3034	铲车	工业建筑	双手掌心向上，先向前伸，再慢慢向上升起，模仿铲车的举物情况。|https://d.bmcx.com/shouyu/_file/a/c7d1dd7050daf021.png
3035	叉车	工业建筑	双手掌心向上，先向前伸，再慢慢向上升起，模仿铲车的举物情况。|https://d.bmcx.com/shouyu/_file/1/1ddda7b5ad9f8cbd.png
3036	电动机	工业建筑	（一）一手食指书空“闪电”形。（二）一手食指横伸并转圈子。（三）双手五指微曲，互相咬住，微动几下。|https://d.bmcx.com/shouyu/_file/9/f708c5a11827b7ec.png
3037	电机	工业建筑	（一）一手食指书空“闪电”形。（二）一手食指横伸并转圈子。（三）双手五指微曲，互相咬住，微动几下。|https://d.bmcx.com/shouyu/_file/2/ebc219a01b81b310.png
3038	马达	工业建筑	（一）一手食指书空“闪电”形。（二）一手食指横伸并转圈子。（三）双手五指微曲，互相咬住，微动几下。|https://d.bmcx.com/shouyu/_file/4/289626995733e918.png
3039	抬钻	工业建筑	（一）一手握拳向下微拉，如操作抬钻动作。（二）一手食指伸直，在另一手掌心内钻动。|https://d.bmcx.com/shouyu/_file/4/89908d338e5218a1.png
3040	台钳	工业建筑	（一）双手虚握，虎口相对，作扳动螺丝杆状。（二）双手握拳，从两侧向中间靠拢，贴合在一起，象征台钳。|https://d.bmcx.com/shouyu/_file/f/459df63399a5a7e2.png
3041	零件	工业建筑	（一）一手拇、食指捏成圆圈，余指自然弯曲。（二）双手先以食指互碰一下，然后分开，并张开五指。|https://d.bmcx.com/shouyu/_file/5/26f951303bd42b00.png
3042	仪表	工业建筑	一手拇、食指伸出如“八”手势，虎口向下倒置。另一手食指在“八”字下左右摆动几下，如仪表指针晃动状。|https://d.bmcx.com/shouyu/_file/0/714c718979e0224b.png
3043	仪器	工业建筑	（一）一手拇、食指伸出如“八”手势，虎口向下倒置。另一手食指在“八”字下左右摆动几下，如仪表指针晃动状。（二）双手先以食指互碰一下，然后分开，并张开五指。|https://d.bmcx.com/shouyu/_file/8/f577e7d89df73261.png
3044	电脑	工业建筑	（一）一手食指书空“闪电”形。（二）一手食指点一下太阳穴处。|https://d.bmcx.com/shouyu/_file/9/5d7835e1535192cf.png
3045	微机	工业建筑	（一）一手食指书空“闪电”形。（二）一手食指点一下太阳穴处。|https://d.bmcx.com/shouyu/_file/4/2860bfc94e64088b.png
3046	计算机	工业建筑	（一）一手食指书空“闪电”形。（二）一手食指点一下太阳穴处。|https://d.bmcx.com/shouyu/_file/5/51ce8c4c35c8c018.png
3047	轴承	工业建筑	双手拇、食指捏成一大一小两个圆圈，大圆套住小圆，各往相反方向转动，如轴承转动的形状|https://d.bmcx.com/shouyu/_file/7/d67cd768924bf68f.png
3048	插座	工业建筑	（一）左手拇、食指成半圆形。右手伸食、中指，指尖分开，插入左手半圆形中。（二）双手拇、食指搭成方形。|https://d.bmcx.com/shouyu/_file/3/9843be6b4c502463.png
3049	螺丝	工业建筑	（一）一手食指指尖抵于另一手掌心上，向下作拧动旋转状。（二）一手拇、食指伸出，相距约一寸。|https://d.bmcx.com/shouyu/_file/b/80c1e9638acf0737.png
3050	螺丝帽	工业建筑	（一）一手拇、食指握圆形，套住另一手食指伸的食指尖。（二）一手五指虚撮，套住另一手直伸的食指尖，然后虚拧几下。|https://d.bmcx.com/shouyu/_file/8/a2eb9212a3812a9a.png
3051	螺母	工业建筑	（一）一手食指指尖抵于另一手掌心上，向下作拧动旋转状。（二）一手拇、食指伸出，相距约一寸。|https://d.bmcx.com/shouyu/_file/f/52f63cdab85c604d.png
3052	弹簧	工业建筑	（一）一手食指指尖向下绕螺旋形圈子，如弹簧外形。（二）双手掌心相对，下手不动，上手揿压几下，表示弹簧的弹性。|https://d.bmcx.com/shouyu/_file/4/6f3f6ab273b7ad20.png
3053	齿轮	工业建筑	（一）一手食指指牙齿。（二）双手五指弯曲，互相咬住，微动几下，如齿轮转动状。|https://d.bmcx.com/shouyu/_file/5/5e6f2df36936f0cc.png
3054	砂轮	工业建筑	（一）一手拇、食、中指互捻。（二）左手拇、食指弯曲成半圆形，指尖向下，右手食指伸直，在左手半圆形边转动。|https://d.bmcx.com/shouyu/_file/4/2c1799af2f7bd2fa.png
3055	变压器	工业建筑	变压器 左手五指弯曲，指尖向下不动。右手食指先后在左手上方、下方各书空“闪电”形两次，象征电压由高变低。|https://d.bmcx.com/shouyu/_file/a/7624826d8b2e8db8.png
3056	指示灯	工业建筑	（一）一手食指向左右微动，即“指示”。（二）一手五指指尖向下撮合，一放一收，象征灯光。|https://d.bmcx.com/shouyu/_file/c/2fbe1a0d12216879.png
3057	模具	工业建筑	（一）双手五指微曲，掌心相合，翻动几下，如浇铸状。（二）双手先以食指互碰一下，然后分开，并张开五指。|https://d.bmcx.com/shouyu/_file/9/4f5b5a6b0ae28745.png
3058	活塞	工业建筑	活塞 左手弯成半圆形，虎口向上。右手握拳，在左手虎口内上下拉动几下。|https://d.bmcx.com/shouyu/_file/b/ac173b9694090bde.png
3059	内卡钳	工业建筑	内卡钳 左手拇、食指成半圆形，右手食、中指张开，指尖与左手拇、食指尖相触，如用内卡钳量尺寸状。|https://d.bmcx.com/shouyu/_file/2/a11184031f0f674c.png
3060	外卡钳	工业建筑	外卡钳 左手拇、食指捏成小圆，右手拇、食指成半圆形，指尖抵住小圆外沿，如用外卡钳量尺寸状。|https://d.bmcx.com/shouyu/_file/d/56777a169ca2e05a.png
3061	游标卡尺	工业建筑	一手食、中指搭在另一手横伸的食指上，来回移动。|https://d.bmcx.com/shouyu/_file/6/3a73888c41353c63.png
3062	千分尺	工业建筑	千分尺 左手拇、食指弯曲成“└┘”形，指尖向上。右手拇、食指在左手食指尖边拧动，如使用千分尺。|https://d.bmcx.com/shouyu/_file/f/894338708f4c1c45.png
3063	钢挫	工业建筑	双手握拳，手背向上，一前一后来回移动，如用钢挫挫物状。|https://d.bmcx.com/shouyu/_file/7/2dd734e319bf86b9.png
3064	钳子	工业建筑	一手食、中指弯曲，夹住另一手食指，如用钳子夹物状。|https://d.bmcx.com/shouyu/_file/1/1774091a7818c7fa.png
3065	锤子	工业建筑	锤子 左手握拳在下不动。右手虚握如捏锤子，向左拳击大两下，如用锤子击物状。|https://d.bmcx.com/shouyu/_file/3/a69b4809293188ef.png
3066	钎子	工业建筑	钎子 左手食指向下直伸，右手握拳在左手背上击打几下，如打钎状。|https://d.bmcx.com/shouyu/_file/a/6b0807f15db05363.png
3067	刨子	工业建筑	双手伸拇、食指，如持刨子，前后推动，如刨木料状。|https://d.bmcx.com/shouyu/_file/2/e808df02d5715a38.png
3068	斧子	工业建筑	一手伸直，向另一手指缝间劈下，如用斧劈木状。|https://d.bmcx.com/shouyu/_file/d/7f212a014fe9836e.png
3069	斧	工业建筑	一手伸直，向另一手指缝间劈下，如用斧劈木状。|https://d.bmcx.com/shouyu/_file/8/b8b3c6195feb4f36.png
3070	劈	工业建筑	一手伸直，向另一手指缝间劈下，如用斧劈木状。|https://d.bmcx.com/shouyu/_file/8/00da42b68cd6ce93.png
3071	凿子	工业建筑	凿子 左手食、中指并拢，指尖向下，右手握拳在左手背上击打几下，如用凿子凿物之状。|https://d.bmcx.com/shouyu/_file/3/75efebfe6db60d2c.png
3072	钉子	工业建筑	钉子 左手拇、食指伸出，相距约一寸。右手握拳在上面敲几下，如钉钉子状。|https://d.bmcx.com/shouyu/_file/0/a10359437e76ffb6.png
3073	砂纸	工业建筑	（一）一手五指弯曲，在另一手掌心上点几下。（二）双手五指相捏，指尖相对，微动几下。|https://d.bmcx.com/shouyu/_file/e/70682a65cb64ad5b.png
3074	铁链	工业建筑	（一）双手握拳，右拳击一下左拳，再向里移动。（二）双手拇、食指捏成小圆，两圆相联，反复几次，如链子形状|https://d.bmcx.com/shouyu/_file/f/4cb5d0fe77870ffc.png
3075	油壶	工业建筑	一手先打手指字母“Y”的指式，然后拇指向下斜伸，小指弯曲，如倒油状。|https://d.bmcx.com/shouyu/_file/d/7b80be03dc93c2c4.png
3076	皮尺	工业建筑	（一）一手拇、食指捏另一手手背上的皮球。（二）双手食指向上直伸，相距约一尺。|https://d.bmcx.com/shouyu/_file/2/ad03fcfd9e359c7e.png
3077	角尺	工业建筑	（一）一手拇、食指成“L”形（90度直角）。（二）双手食指向上直伸，相距约一尺。|https://d.bmcx.com/shouyu/_file/e/a9c70b577d6c9497.png
3078	泥板	工业建筑	泥板 右手虚握如持泥板，先在左掌上一抹，再向前方上空移动一下，如抹墙状|https://d.bmcx.com/shouyu/_file/5/c5b9ffc79626ff26.png
3079	瓦刀	工业建筑	瓦刀 左手拇指与四指成“└┘”形，掌心向上。右掌侧伸如刀，向左手掌心一击，如用瓦刀剁砖之状。|https://d.bmcx.com/shouyu/_file/5/e706105e109edd42.png
3080	平刀	工业建筑	平刀 右手五指并拢，指尖在左掌心上刮动，如用平刀刮墙状。|https://d.bmcx.com/shouyu/_file/a/af763be2defdfad9.png
3081	原料	工业建筑	（一）一手拇、食指捏成小圆形。（二）双手先以食指互碰一下，然后分开并张开五指。|https://d.bmcx.com/shouyu/_file/4/6616ddd6bea7ecbd.png
3082	金属	工业建筑	（一）一手食指在另一手中指或无名指跟部点几下。（二）一手五指伸直，从大拇指开始，五指依次弯回。|https://d.bmcx.com/shouyu/_file/2/c4d11ac7dd9a2f9d.png
3083	钢材	工业建筑	（一）双手握拳，上拳击下拳后在向外移动。（二）双手先以食指互碰一下，然后分开并张开五指。|https://d.bmcx.com/shouyu/_file/6/bcc35700b58c1bcd.png
3084	生铁	工业建筑	（一）手指字母“SH”的指式。（二）双手握拳，右拳击一下左拳，再向里移动。|https://d.bmcx.com/shouyu/_file/5/fbf235d780a67968.png
3085	塑料	工业建筑	（一）右手五指包住左拳，捏动几下，如在塑造物件。（二）双手先以食指互碰一下，然后分开并张开五指。|https://d.bmcx.com/shouyu/_file/6/12055eb77a9541dd.png
3086	涂料	工业建筑	（一）右手指尖在左掌心上来回涂抹几下，如刷油漆状。（二）双手先以食指互碰一下，然后分开并张开五指。|https://d.bmcx.com/shouyu/_file/a/f6420f2aee611a4f.png
3087	颜料	工业建筑	（一）一手五指分开，指尖在嘴唇处灵活动几下。（二）双手先以食指互碰一下，然后分开并张开五指。|https://d.bmcx.com/shouyu/_file/a/9220e521962e187e.png
3088	纤维	工业建筑	双手拇、小指相捏，从中间向两边连续拉开几次，象征纤维的细丝。|https://d.bmcx.com/shouyu/_file/d/972d20dab2b2690d.png
3089	半导体	工业建筑	（一）一手拇指在食指中部向下划，表示“一半”。（二）双手食指尖相对，从两侧向中间靠拢，指尖相触，表示通导。（三）一手捂在胸前向下微动，表示“身体”。|https://d.bmcx.com/shouyu/_file/5/3e2309a388848a69.png
3090	燃料	工业建筑	（一）双手五指微曲，指尖向上，上下交替动几下。（二）双手先以食指互碰一下，然后分开并张开五指。|https://d.bmcx.com/shouyu/_file/9/fa8ea47b3781191c.png
3091	汽油	工业建筑	（一）双手握拳，左右转动，如握汽车方向盘状。（二）一手伸拇、小指，拇指向下斜伸，并转一圈，如持油壶向锅里倒油状。|https://d.bmcx.com/shouyu/_file/3/80c96882634e6aed.png
3092	建筑	工业建筑	双手拇指与四指各成“[”形，交替上叠，象征砌砖动作，引申为“建筑”。|https://d.bmcx.com/shouyu/_file/1/d0a4b060a8520bed.png
3093	工程	工业建筑	（一）一手食、中指与另一手食指搭成“工”字形。（二）双手拇指与四指各成“[”形，交替上叠，象征砌砖动作，引申为“建筑”。|https://d.bmcx.com/shouyu/_file/1/f5b1db3c0c529e62.png
3094	勘探	工业建筑	（一）双手虚握搭在双眼上，左右转动，如用望远镜观望状，象征测量。（二）一手伸食、中指，在眼前左右移动，如在找寻。|https://d.bmcx.com/shouyu/_file/a/25e520d528e47594.png
3095	测量	工业建筑	一手虚握贴在眼上，另一手伸食指在眼前左右移动，模仿测量人员的工作。|https://d.bmcx.com/shouyu/_file/5/6427f53e9a352b45.png
3096	施工	工业建筑	（一）双手拇指与四指各成“[”形，交替上叠，象征砌砖动作，引申为“建筑”。（二）一手食、中指与另一手食指搭成“工”字形。|https://d.bmcx.com/shouyu/_file/5/f62ce1a97674e7c9.png
3097	打桩	工业建筑	打桩 左手五指撮合向下伸出，右手握拳在左手背上敲击，左手指尖随之下移，如打桩入土之状。|https://d.bmcx.com/shouyu/_file/1/afb24f9275377d3e.png
3098	房子	工业建筑	双手搭成“＾”形，如屋顶状。|https://d.bmcx.com/shouyu/_file/f/94e5e20b0c5ea76a.png
3099	房屋	工业建筑	双手搭成“＾”形，如屋顶状。|https://d.bmcx.com/shouyu/_file/1/dcf91244457af79a.png
3100	楼房	工业建筑	（一）双手伸直，掌心相对，向上移动，象征高楼。（二）双手搭成“＾”形，如屋顶状。|https://d.bmcx.com/shouyu/_file/8/151e0c121e299bc3.png
3101	楼梯	工业建筑	（一）双手伸直，掌心相对，向上移动，象征高楼。（二）左手横伸，五指张开，右手食、中指在左手五指上交替移动上升，如登楼梯状。|https://d.bmcx.com/shouyu/_file/b/65d6ced7f0c6224a.png
3102	电梯	工业建筑	（一）一手食指书空“闪电”形。（二）右手伸拇、小指直立在左掌心上，上下移动几次，如乘电梯状。|https://d.bmcx.com/shouyu/_file/e/774d28a5c7edbf7a.png
3103	房檐	工业建筑	（一）双手搭成“＾”形，如屋顶状。（二）左手掌心向下斜伸，右手食指指向左手指尖，象征房檐。|https://d.bmcx.com/shouyu/_file/c/782f30f09bc6308f.png
3104	房顶	工业建筑	（一）双手搭成“＾”形，如屋顶状。（二）左手五指并拢，手指倾斜向上，右手食指指左手指尖，说明是房顶部位。|https://d.bmcx.com/shouyu/_file/9/59a932b228db3006.png
3105	房梁	工业建筑	（一）双手搭成“＾”形，如屋顶状。（二）左手食、中指分开直立，右手食指横放在两指指尖上，表示横梁。|https://d.bmcx.com/shouyu/_file/0/506bc4d927af0d80.png
3106	柱子	工业建筑	双手食指一直一横，指尖相抵成90度，象征顶着横梁的柱子。|https://d.bmcx.com/shouyu/_file/5/6220326911d8f5a1.png
3107	墙壁	工业建筑	一掌侧伸，掌心向内，由上而下移动，象征一堵墙。|https://d.bmcx.com/shouyu/_file/7/01a195e0a0f325af.png
3108	门	工业建筑	双手五指并拢，掌心向外，并排直立，模拟两扇关着的门的形状。|https://d.bmcx.com/shouyu/_file/f/f885d709a8c870a7.png
3109	窗	工业建筑	一手四指分开伸直，横、直各划一下，形成方格状，表示窗子|https://d.bmcx.com/shouyu/_file/5/8d964695251231cc.png
3110	厨房	工业建筑	（一）左手五指并拢微曲，向下虚按；右手侧立，沿左手指背上下微动，作切菜状。（二）双手搭成“＾”形，如屋顶状|https://d.bmcx.com/shouyu/_file/e/dc8b612a75b79943.png
3111	食堂	工业建筑	（一）一手伸食、中指在口边划动，如用筷子吃饭状。（二）双手搭成“＾”形，如屋顶状。|https://d.bmcx.com/shouyu/_file/1/c168f7195b133931.png
3112	宿舍	工业建筑	（一）一手贴于耳部，头微侧，如睡觉状。（二）双手搭成“＾”形，如屋顶状。|https://d.bmcx.com/shouyu/_file/b/ddde6837b2e29057.png
3113	寝室	工业建筑	（一）一手贴于耳部，头微侧，如睡觉状。（二）双手搭成“＾”形，如屋顶状。|https://d.bmcx.com/shouyu/_file/a/3c8085d85b6ae996.png
3114	厕所	工业建筑	一手拇、食指弯曲，其余三指伸直。|https://d.bmcx.com/shouyu/_file/6/15aa348638f20150.png
3115	院子	工业建筑	双手左右侧立，掌心相对。先向前伸出，在折为指尖相对，向中间靠拢，象征房屋前面的一座院子。|https://d.bmcx.com/shouyu/_file/c/ff99e7900544b18d.png
3116	阳台	工业建筑	（一）一手五指撮合，从头侧斜向下移并放开五指。（二）左手侧立，掌心向内。右手成半圆形，指尖抵于左手背，如阳台状。|https://d.bmcx.com/shouyu/_file/5/cbb47d05eb94c21d.png
3117	地板	工业建筑	（一）一手食指向下指，表示“地”。（二）双手拇、食指相距约二寸，指尖向下，从中间向两侧拉开，表示木板|https://d.bmcx.com/shouyu/_file/b/75eb75a95ee3c1d0.png
3118	篱笆	工业建筑	（一）一手食指自上而下向下插几下，象征一跟跟的篱笆桩子。（二）双手五指分开斜向重叠，再向两侧拉开，象征篱笆。|https://d.bmcx.com/shouyu/_file/a/2934657ce2dffec0.png
3119	玻璃	工业建筑	一手五指伸开，掌心向内，以腕部微微晃动几下，象征玻璃的闪光。|https://d.bmcx.com/shouyu/_file/7/6b161c146c3efa30.png
3120	三合板	工业建筑	（一）一手中、无名、小指横伸，指尖先分开，后并拢，表示“三合”。（二）双手拇、食指相距约二寸，指尖向下，从中间向两侧拉开，表示木板。|https://d.bmcx.com/shouyu/_file/6/ca2d128722366565.png
3121	油漆	工业建筑	（一）一手伸拇、小指，拇指向下斜伸，并转一圈，如持油壶向锅里倒油状。（二）一手指尖在另一手掌心上来回刷动，如漆物状。|https://d.bmcx.com/shouyu/_file/1/15222a1301c706d1.png
3122	石灰	工业建筑	（一）手指字母“SH”的指式。（二）一手拇、食、中指互捻。|https://d.bmcx.com/shouyu/_file/0/4f1e1c2d29d2eb21.png
3123	水泥	工业建筑	（一）一手平伸，掌心向下，作波纹状平行移动。（二）一手拇、食、中指互捻。|https://d.bmcx.com/shouyu/_file/6/5e3f636e6371f8b5.png
3124	砖	工业建筑	（一）双手拇、食指搭成长方形。（二）一手伸拇、食指，相距如一块砖的厚度。|https://d.bmcx.com/shouyu/_file/c/e1203778bb5c03a6.png
3125	瓦	工业建筑	双手微弯，上下交叠，下面一手不动，上面一手斜着向上一顿一顿移动，如屋瓦形|https://d.bmcx.com/shouyu/_file/d/3db584a72af77b29.png
3126	石子	工业建筑	（一）手指字母“SH”的指式。（二）一手拇、食指握成小圆圈。|https://d.bmcx.com/shouyu/_file/4/24aa2dd2b021cece.png
3127	砂子	工业建筑	（一）一手五指弯曲张开，在另一手掌心上点动几下。（二）一手拇、食、中指互捻。|https://d.bmcx.com/shouyu/_file/e/8ecad35e02db1924.png
3128	耐火砖	工业建筑	（一）一手平伸，掌心向下，贴在胸前向下微按。（二）双手五指向上微曲，上下跳动几下，即“火”手势。（三）双手拇、食指搭成长方形。|https://d.bmcx.com/shouyu/_file/2/ade1f84786dbb6af.png
2709	地狱	宗教	（一）一手食指向下一指。（二）双手五指伸直叉开，指尖上下相对，如监狱铁门状。|https://d.bmcx.com/shouyu/_file/f/93f7c93683f95fc9.png
2710	祭祀	宗教	（一）双手如捧东西状，往上放。（二）同“保佑”手势（双手合十，置于胸前，低头模仿祈祷的动作。）|https://d.bmcx.com/shouyu/_file/9/3428e8ef63ebd0e0.png
2711	教徒	宗教	（一）同“保佑”手势（双手合十，置于胸前，低头模仿祈祷的动作。）（二）左手伸拇指象征师傅，右手小指靠在左手拇指指背上。|https://d.bmcx.com/shouyu/_file/7/a74dddfb7d5b03f8.png
2712	喇嘛	宗教	（一）一手拇、食指相捏，虎口向上，手腕转动几下，如转经样。（二）同“保佑”手势（双手合十，置于胸前，低头模仿祈祷的动作。）|https://d.bmcx.com/shouyu/_file/f/b76d49dac7139148.png
2713	穆斯林	宗教	双手掌心向下，指尖朝前，置于胸部册时身体前倾低头。（此为国际手语。）|https://d.bmcx.com/shouyu/_file/b/9cf112104b281433.png
2714	菩萨	宗教	（一）手指字母“P”的指式。（二）同“保佑”手势（双手合十，置于胸前，低头模仿祈祷的动作。）|https://d.bmcx.com/shouyu/_file/b/a6a8d9c1215ccc93.png
2715	上帝	宗教	（一）一手食指向上指。（二）同“保佑”手势（双手合十，置于胸前，低头模仿祈祷的动作。）|https://d.bmcx.com/shouyu/_file/b/6f9337c9913b6cbc.png
2716	耶酥	宗教	（一）一手食指向上指。（二）同“保佑”手势（双手合十，置于胸前，低头模仿祈祷的动作。）|https://d.bmcx.com/shouyu/_file/f/3ec85642cbcaae05.png
2717	神父	宗教	（一）手指字母“SH”的指式。（二）一手拇指贴在嘴唇上。|https://d.bmcx.com/shouyu/_file/c/1363fef7c4ff5c17.png
2718	神仙	宗教	（一）手指字母“SH”的指式。（二）左手伸拇、食指成“亻”形；右手伸拇、食、小指，手背向外，置于左手旁。仿“仙”字形。|https://d.bmcx.com/shouyu/_file/e/c1d5b25f1786c466.png
2719	神	宗教	（一）手指字母“SH”的指式。（二）左手伸拇、食指成“亻”形；右手伸拇、食、小指，手背向外，置于左手旁。仿“仙”字形。|https://d.bmcx.com/shouyu/_file/0/2d797e55af195251.png
2720	算命	宗教	（一）双手五指向上，手指微微抖动。（二）一手按在胸前。|https://d.bmcx.com/shouyu/_file/b/ae5a420bb6ee217a.png
2721	天堂	宗教	（一）一手伸食指，指尖朝上，在头侧方转动一圈。（二）双手斜伸，指尖相对，搭成“Λ”形。|https://d.bmcx.com/shouyu/_file/1/6773277d156dd100.png
2722	洗礼	宗教	（一）左手拇、小指伸出，手背向外；右手掌心在左手上任意抹动几下。（二）一手食指伸直，向下弯动几下。|https://d.bmcx.com/shouyu/_file/1/322d22372990d2d0.png
2723	信徒	宗教	（一）一手指尖贴于耳部，头微前倾。（二）同“教徒”手势（左手伸拇指象征师傅，右手小指靠在左手拇指指背上。）|https://d.bmcx.com/shouyu/_file/7/be57836cac3b539b.png
2724	殉葬	宗教	（一）双手食指向上伸直，一左一右，同时向前移动，表示陪着之意。（二）左手拇、小指躺着不动；右手五指张开，掌心向下盖在左手上面。|https://d.bmcx.com/shouyu/_file/8/ff01a6aaceb1a5d6.png
2725	主教	宗教	（一）一手伸拇指贴于胸前。（二）双手食指伸出，在胸前搭成十字架形状。|https://d.bmcx.com/shouyu/_file/5/6552429dddcc2393.png
2425	非法	法律	（一）左手食、中指向上叉开。右手中、无名、小指分别在左手食、中指两侧划一下，成“非”字形。（二）同“合法”手势（二)|https://d.bmcx.com/shouyu/_file/3/5f45c21c1a1d1c35.png
2426	违法	法律	（一）一手平伸，掌心向下，翻转为掌心向上。（二）同“合法”手势（二）|https://d.bmcx.com/shouyu/_file/8/c62c927f17cb6496.png
2427	违反	法律	一手掌心先贴于耳边，然后翻转一下，使掌心向外|https://d.bmcx.com/shouyu/_file/c/6c57b2e5d1ef69a7.png
2428	诉讼	法律	一手打手指字母“S”的指式，从嘴边向斜上方伸出，反复做两次。|https://d.bmcx.com/shouyu/_file/8/cd1b1feeb6a38979.png
2429	起诉	法律	（一）双手伸平，掌心向上，指尖相对，同时向上抬起。（二）一手打手指字母“S”的指式，从嘴边向斜上方伸出。|https://d.bmcx.com/shouyu/_file/8/d8ef708197621af5.png
2430	上诉	法律	（一）一手食指向上指一下。（二）同“起诉”手势（一）。|https://d.bmcx.com/shouyu/_file/0/61c569b518fb5d65.png
2431	驳斥	法律	双手食指向上伸直，一前一后，后指打一下前指，前指倒下，后指直立，象征一方驳倒另一方的意思。|https://d.bmcx.com/shouyu/_file/1/83e367fd3262d96d.png
2432	原告	法律	（一）一手食指打另一手拇指，表示“首先”“原先”。（二）一手五指撮合，放于嘴边，然后向前边伸出边放开五指。|https://d.bmcx.com/shouyu/_file/9/65d0fd5231d7384b.png
2433	被告	法律	（一）右手揪左袖，身体向左侧微倾，表示“被动”。（二）同“原告”手势（二）。|https://d.bmcx.com/shouyu/_file/6/de4f46e22359de73.png
2434	口供	法律	（一）一手食指指尖沿嘴划一圈。（二）一手五指微曲，掌心向上，从嘴边向外移出，表示“供出”“说出”。|https://d.bmcx.com/shouyu/_file/d/8ad60fe3664a8789.png
2435	坦白	法律	双手伸平，掌心向上，指尖相对，置于胸前，然后同时向前伸出，表示愿意把全部罪行交代出来。|https://d.bmcx.com/shouyu/_file/3/15cd12a4c7b056d6.png
2436	交代	法律	交代 右手先按一下另一肩部，然后翻转成掌心向上，向外伸出。|https://d.bmcx.com/shouyu/_file/0/8b96fec2ef3ad382.png
2437	自首	法律	（一）一手伸出食指，贴在胸前向上移动。（二）双手同时举过头顶，表示“投降”“投案”。|https://d.bmcx.com/shouyu/_file/6/a3c564e3f126aa38.png
2438	服从	法律	一手捂住耳部，头微微点动几下。|https://d.bmcx.com/shouyu/_file/a/241685b810cfc42c.png
2439	抗拒	法律	（一）双手伸出拇、小指，由两侧向中间移动，拇指相抵，表示双方对抗。（二）一手向上伸直，用手心顶住另一手食指，并向一侧微移。|https://d.bmcx.com/shouyu/_file/2/e937486af1f048c3.png
2440	从严	法律	（一）双手食、中指搭成“从”字形。（二）一手食指指尖抵于面颊，表示“严厉”。|https://d.bmcx.com/shouyu/_file/e/c6fed70497995170.png
2441	从宽	法律	（一）同“从严”手势（一）。（二）双手侧伸，掌心相对，同时分向两侧移动，表示“宽大”。|https://d.bmcx.com/shouyu/_file/1/2cd95f95d6192705.png
2442	挽救	法律	（一）双手斜伸，向前微微按动几下。（二）左手伸拇、小指平方在右手掌心上，然后右手将左手托起竖立。|https://d.bmcx.com/shouyu/_file/c/0994c8d4060f7801.png
2443	检举	法律	一手拇、食指捏住另一手小指，并向上提起。|https://d.bmcx.com/shouyu/_file/f/c2595a56da890d39.png
2444	控告	法律	（一）手指字母“K”的指式。（二）一手五指撮合，放于嘴边，然后向前边伸出边放开五指。|https://d.bmcx.com/shouyu/_file/8/444f7ddbe8c1e8df.png
2445	搜集	法律	（一）上手五指先放开后手拢，上下交替反复做几下，表示“收集”。（二）双手五指微曲，掌心相对，从两侧向中间合拢。|https://d.bmcx.com/shouyu/_file/d/5450ea3288b0e675.png
2446	审查	法律	审查 左手拇、小指直立不动，右手食、中指叉开，绕左手拇指转圈。|https://d.bmcx.com/shouyu/_file/a/352245c61a2ad515.png
2447	审讯	法律	一）左手拇、小指直立不动，右手食、中指叉开，绕左手拇指转圈。（二）一手食指从嘴边向外挥出。|https://d.bmcx.com/shouyu/_file/e/8020a23abd3b5f74.png
2448	证据	法律	（一）双手平伸，掌心向上，从两侧向中间碰一下。（二）左手五指微曲向下，右手握住左手腕部。|https://d.bmcx.com/shouyu/_file/e/14906e2d0f8a2309.png
2449	嫌疑	法律	（一）手指字母“X”的指式。（二）一手伸出拇、小指，放于胸前，两指交替弯动。|https://d.bmcx.com/shouyu/_file/4/c492120688bcf9e2.png
2450	审判	法律	（一）同“审讯”手势（一）。（二）左手拇、小指直立不动，右手小指对着左手拇指点动一下。|https://d.bmcx.com/shouyu/_file/0/e3234e622e877edf.png
2451	宣判	法律	（一）双手五指微曲，置于嘴旁，然后向外伸开。（二）左手拇、小指直立不动，右手小指对着左手拇指点动一下。|https://d.bmcx.com/shouyu/_file/8/779b7674bf97c62f.png
2452	判决	法律	（一）同“宣判”手势（二）。（二）一手五指撮合，指尖按于另一手掌心上|https://d.bmcx.com/shouyu/_file/9/a9dc3194dd50bbfc.png
2453	犯罪	法律	（一）一拳敲打一下另一拳。（二）一手伸出小指，向下一划。|https://d.bmcx.com/shouyu/_file/f/1f4d19332b8684c0.png
2454	罪行	法律	（一）同“犯罪”手势（二）。（二）一手食指点数另一手五指，表示列举罪行。|https://d.bmcx.com/shouyu/_file/5/849a8efb8292caaa.png
2455	故意	法律	一手食指指一下心部，然后向外伸出。“一”与“意”同音，此处借用。|https://d.bmcx.com/shouyu/_file/d/70d2ac13bc4e0e4d.png
2456	过失	法律	（一）一手食、中指贴于前额，然后翻转一下。（二）双手如捧物状，然后松开，向下一顿，脸露惊恐状|https://d.bmcx.com/shouyu/_file/7/f1609fc1a4688508.png
2457	隐瞒	法律	（一）右手拇、小指伸直，从前向后隐于左手掌心下。（二）一手五指捂住嘴部。|https://d.bmcx.com/shouyu/_file/7/6774215d01cc2f10.png
2458	腐蚀	法律	腐蚀 左手食指向上伸直，右手五指撮合，在左食指上作咬动状。|https://d.bmcx.com/shouyu/_file/2/7a6a777d62a0435d.png
2459	贿赂	法律	一手拇、食指捏成圆形，往另一手腕下塞进去，表示暗中行贿。|https://d.bmcx.com/shouyu/_file/1/93e36dd020dc0b46.png
2460	贪污	法律	双手拇、食指先搭成“公”字形，然后一手放如口袋内，表示“将公款占为己有”。|https://d.bmcx.com/shouyu/_file/5/63ff3c31fd0d297e.png
2461	盗窃	法律	盗窃 左手握拳，右手从左臂下伸出食、中指，然后抽回。|https://d.bmcx.com/shouyu/_file/5/e8472ed7893d4601.png
2462	偷	法律	偷 左手握拳，右手从左臂下伸出食、中指，然后抽回。|https://d.bmcx.com/shouyu/_file/d/cc2df0d803bba648.png
2463	盗	法律	盗 左手握拳，右手从左臂下伸出食、中指，然后抽回。|https://d.bmcx.com/shouyu/_file/e/bd57ee49db7d306c.png
2464	投机倒把	法律	(一)右手背拍左手掌心，然后向里移动，表示买进。(二)一手五指握成半圆形，另一手拇指与其余四指相捏，作敲竹杠状。(三)右手背拍左掌心，然后向外伸出，表示卖出。|https://d.bmcx.com/shouyu/_file/6/49dda5318967013b.png
2465	走私	法律	一手五指并拢，从另一手臂下伸出。|https://d.bmcx.com/shouyu/_file/a/5cfd68054dc2b0a8.png
2466	包庇	法律	包庇 右手五指微曲，护住小指|https://d.bmcx.com/shouyu/_file/b/ad43f6ddf1b5d25d.png
2467	教唆	法律	（一）双手拇指与其余四指相捏，指尖相对，置胸前，腕部动几下。（二）左手拇、小指直立不动，右手食指对左手拇指拨动几下。|https://d.bmcx.com/shouyu/_file/5/473c359771c01d53.png
2468	勾引	法律	一手食指先伸直，后弯曲，从外向里拉动。|https://d.bmcx.com/shouyu/_file/a/a2570faa35f02166.png
2469	引诱	法律	一手食指先伸直，后弯曲，从外向里拉动。|https://d.bmcx.com/shouyu/_file/f/a56409ff161162eb.png
2470	诱惑	法律	一手食指先伸直，后弯曲，从外向里拉动。|https://d.bmcx.com/shouyu/_file/2/b3f733eba95cc8be.png
2471	勾结	法律	双手小指互相勾住，并左右微动几下。|https://d.bmcx.com/shouyu/_file/0/9d468e9b8f87a493.png
2472	纠纷	法律	双手拇、食指相捏，指尖相对，然后张开，反复做几次。|https://d.bmcx.com/shouyu/_file/1/698bc8ac8790a10a.png
2473	冲突	法律	双手拇、食指相捏，指尖相对，然后张开，反复做几次。|https://d.bmcx.com/shouyu/_file/b/f8d1e8abe28ab5b8.png
2474	伪造	法律	（一）双手握拳，上拳打下拳。（二）一手伸直，贴于嘴前，手指微动几下。|https://d.bmcx.com/shouyu/_file/8/be4f5e64827c0596.png
2475	侵犯	法律	（一）双手五指张开，一前一后，交替向前移动作抓物状。（二）一手伸出小指，向前点动，表示“损害”之意。|https://d.bmcx.com/shouyu/_file/8/95246260f3a84aa2.png
2476	谣言	法律	（一）一手伸出小指，插入另一手指缝。（二）一手食摘伸直，在嘴前转动。|https://d.bmcx.com/shouyu/_file/2/2bf832337171f9f1.png
2477	造谣	法律	（一）一手伸出小指，插入另一手指缝。（二）一手食摘伸直，在嘴前转动。|https://d.bmcx.com/shouyu/_file/3/6cb8ed1d4df5e05a.png
2478	诽谤	法律	（一）右手五指撮合，指尖抵于胸前，然后向外伸开五指，放在左手心上。（二）一手小指向上指动。|https://d.bmcx.com/shouyu/_file/6/c63942863a8053dd.png
2479	诬陷	法律	（一）右手五指撮合，指尖抵于胸前，然后向外伸开五指，放在左手心上。（二）一手小指向上指动。|https://d.bmcx.com/shouyu/_file/b/e563e34c79844ff3.png
2480	污蔑	法律	污蔑 左手拇、小指直立不动，右手小指从嘴前对准左手拇指挥动|https://d.bmcx.com/shouyu/_file/e/a91a26402d49b657.png
2481	混淆	法律	（一）双手五指微曲，指尖相触，相对转动几下，表示“混乱”“混杂”。（二）双手五指撮合，指尖相对，一上一下，相对转动。|https://d.bmcx.com/shouyu/_file/3/2f61a4a0fcb96f8f.png
2482	澄清	法律	（一）双手伸平，掌心向下慢慢移动。（二）一手从另一手掌心上擦过，然后握拳伸出拇指。|https://d.bmcx.com/shouyu/_file/2/fbadd753de11853c.png
2483	强奸	法律	（一）一手伸出拇、小指，另一手按住其中间，并向下一压，表示“强迫”。（二）一手伸出拇、小指，另一手小指向其小指跟部指点两下。|https://d.bmcx.com/shouyu/_file/7/bf00e9d12acb14be.png
2484	奸淫	法律	（一）一手伸出拇、小指，另一手按住其中间，并向下一压，表示“强迫”。（二）一手伸出拇、小指，另一手小指向其小指跟部指点两下。|https://d.bmcx.com/shouyu/_file/f/1bca21282f683511.png
2485	摧残	法律	（一）双手拇、食指相捏，指尖相对，向上掰开。（二）左手五指向上伸直，右手压在左手指尖上。|https://d.bmcx.com/shouyu/_file/f/213fc41aaa64b016.png
2486	首恶	法律	（一）一手食指打另一手拇指。（二）一手伸出小指，向下一甩。|https://d.bmcx.com/shouyu/_file/7/99ed9bd3b360e949.png
2487	惩办	法律	一手小指对着另一手食指用力挥去，食指同时斜倒。|https://d.bmcx.com/shouyu/_file/b/0f8e2b667d9bda56.png
2488	镇压	法律	镇压 左手拇、小指直立，右手压住左手拇指，向下用力一压。|https://d.bmcx.com/shouyu/_file/d/300b93e2c27b38a7.png
2489	逮捕	法律	一手食指弯曲，扣住另一手手腕，如戴手铐状。|https://d.bmcx.com/shouyu/_file/e/9270efb38f293f09.png
2490	扣留	法律	（一）左手拇’小指伸直，右手向左手拇指抓去，表示“抓获”。（二）一手拇‘食指握成小圆圈，紧套另一手拇指，表示将人扣留住。|https://d.bmcx.com/shouyu/_file/c/8de3cdc077d54eec.png
2491	剥夺	法律	（一）左手食指向上伸直，右手拇’食指揪住左手食指跟部，然后斜向揪动几下。（二）一手五指伸开，向前作抓物状，然后收缩握拳。|https://d.bmcx.com/shouyu/_file/9/bb1e7643bb9664a3.png
2492	监狱	法律	（一）双手武职伸直叉开，指尖上下相对，如监狱铁门状。（二）双手搭成“＾”形。|https://d.bmcx.com/shouyu/_file/4/07e993afeec4991b.png
2493	管制	法律	管制 左手拇‘小指直立不动，右手食、中指伸直，向左手拇指指点几下。|https://d.bmcx.com/shouyu/_file/9/b5b98d42e788830f.png
2494	教养	法律	（一）双手拇指与其余四指相捏，指尖相对，腕部动几下。（二）左手食指向上伸直，右手五指并拢微曲，掌心向上，向左手食指|https://d.bmcx.com/shouyu/_file/8/8bb2cc7acc8e2b66.png
2495	改造	法律	（一）一手食、中指伸直、叉开，指尖向上转一圈，表示“改变”。（二）上拳打下拳。|https://d.bmcx.com/shouyu/_file/2/476b0ef9fa75ff9a.png
2496	徒刑	法律	（一）左手食指向上伸直，右手指向左手食指点动一下。（二）双手食‘中指搭成“开”字形，然后右手食指在“开”字形旁书空“刂”形，拼成“刑”字。|https://d.bmcx.com/shouyu/_file/4/738456732c92d6bf.png
2497	死刑	法律	（一）一手拇’小指先直立，然后倒下。（二）双手食‘中指搭成“开”字形，然后右手食指在“开”字旁书空“刂”形，拼成“刑”字。|https://d.bmcx.com/shouyu/_file/8/157e88ba47459d2d.png
2498	缓刑	法律	（一）双手侧伸，掌心相对向一旁移动，表示“推迟”。（二）同“死刑”手势（二）。|https://d.bmcx.com/shouyu/_file/9/5cc0aff4d6bc8726.png
2499	没收	法律	（一）一手伸出，作抓物状。（二）双手拇、食指搭成“公”字形。|https://d.bmcx.com/shouyu/_file/d/6bf3b5b74cebf721.png
2500	充公	法律	（一）一手伸出，作抓物状。（二）双手拇、食指搭成“公”字形。|https://d.bmcx.com/shouyu/_file/7/60735c509915c1f2.png
2501	征用	法律	（一）一手伸平，掌心微侧，在胸前转一圈，表示“征集”。（二）一手五指放开、微曲，从外向里边移动边收缩五指。|https://d.bmcx.com/shouyu/_file/0/0c48ca1aea5b8841.png
2502	查封	法律	（一）双手拇、食、中指相捏，指尖向下，在胸前交替上下动几下。（二）双手食、中指并拢，搭成“×”形，并同时向下移动。|https://d.bmcx.com/shouyu/_file/e/efd1b2e9db3b8fcb.png
2503	肃清	法律	一手侧伸，从另一手心上向外划过，表示“清除”“铲除”。|https://d.bmcx.com/shouyu/_file/6/e472331183e9101c.png
2504	铲除	法律	一手侧伸，从另一手心上向外划过，表示“清除”“铲除”。|https://d.bmcx.com/shouyu/_file/2/97fd37c90ba20f45.png
2505	清除	法律	一手侧伸，从另一手心上向外划过，表示“清除”“铲除”。|https://d.bmcx.com/shouyu/_file/0/c736ad436d8419f2.png
2506	符号	法律	（一）双手伸平，掌心向上，从两旁向中间互碰一下。（二）手指字母“H”的指式，并摇动几下。|https://d.bmcx.com/shouyu/_file/d/eebaa4b14c1e9524.png
2507	核实	法律	（一）同“符合”手势（一）。（二）一手食、中指相搭，由上向下点一下。|https://d.bmcx.com/shouyu/_file/0/ea97991a615d0f4f.png
2508	继承	法律	（一）双手食指伸直，指尖相对，同时向下移动。（二）双手武职微曲，掌心向上，同时从外向里移动，并握成拳，表示“承受”“接受”。|https://d.bmcx.com/shouyu/_file/8/de24715fd750eef8.png
2509	遗产	法律	（一）一手五指相捏，从另一手拇指起依次向下移动，表示上辈传给下辈。（二）双手先伸出食指，互碰一下后，再放开五指。|https://d.bmcx.com/shouyu/_file/7/705a51819ead355c.png
2510	债	法律	一手拇、食指捏成小圆形，放于另一肩上，然后向下一压，表示“债务”。|https://d.bmcx.com/shouyu/_file/d/896d86ebd365e0ea.png
2511	债务	法律	一手拇、食指捏成小圆形，放于另一肩上，然后向下一压，表示“债务”。|https://d.bmcx.com/shouyu/_file/0/a5a2e0795f168216.png
2512	身份证	法律	（一）一手捂住胸部，并向下微移。（二）双手先合掌，然后翻开。|https://d.bmcx.com/shouyu/_file/7/12958dff44e5eaca.png
2175	国歌	政治活动	（一）同“国家”手势（一）。（二）双手食指在胸前上方挥舞（嘴微张），模拟指挥唱歌动作。|https://d.bmcx.com/shouyu/_file/1/7bc3d96c74f48197.png
2176	路线	政治活动	（一）双手掌心相对侧立，指尖向前，同时向前移动，表示“道路”。（二）双手拇、食指相捏，分别向两侧拉开。|https://d.bmcx.com/shouyu/_file/5/ad1affe0930aae49.png
2177	方针	政治活动	（一）双手向上伸直，掌心相对，同时向前一顿，表示“方向”“指向”。（二）一手食指平伸，坐于另一手掌心上，指尖左右转动几下，象征指针指示方向。|https://d.bmcx.com/shouyu/_file/c/bbc1bc40e231e3a2.png
2178	政策	政治活动	（一）手指字母“ZH”的指式。（二）一手先握拳，然后逐一伸出食、中、无名、小指，象征制定的一项项政策。|https://d.bmcx.com/shouyu/_file/7/9e3ea658abc3438a.png
2179	策略	政治活动	（一）一手食指指尖抵于太阳穴处，并转动几下，表示“思考”“策划”的意思。（二）同“政策”手势（二）。|https://d.bmcx.com/shouyu/_file/1/a54ccffacb48ab3e.png
2180	决策	政治活动	（一）一手五指并拢，指尖抵于另一手掌心上，表示“决定”的意思。（二）同“政策”手势（二）。|https://d.bmcx.com/shouyu/_file/a/dde3db83d482064f.png
2181	宗旨	政治活动	（一）左手食指向上直伸不动，右手五指绕着左手食指转一圈，象征各项工作围绕一个目标。（二）一手食指向另一手食指点一下，表明“目标”。|https://d.bmcx.com/shouyu/_file/1/d4ec77a197afbcc3.png
2182	主张	政治活动	（一）一手食指与另一手中、无名、小指搭成“主”字形。（二）一手食指指尖对着嘴唇，再向外划出，表示说出的话或提出的意见。|https://d.bmcx.com/shouyu/_file/b/85bea777e173efbb.png
2183	阶级	政治活动	阶级 左手向上直立不动，右手平伸，掌心向下，食指侧靠左掌心一顿一顿地向上移动。|https://d.bmcx.com/shouyu/_file/2/d9a7458ca9c6aadc.png
2184	阶层	政治活动	阶层 左手向上直立不动，右手拇指与其余四指弯曲成“[”形，虎口靠左手掌心一顿一顿地向上移动。|https://d.bmcx.com/shouyu/_file/9/93eddcba6f0c1122.png
2185	宗派	政治活动	（一）左手食指向上直伸不动。右手五指绕着左手食指转一圈。（二）手指字母“P”的指式。|https://d.bmcx.com/shouyu/_file/5/ac230dad721e2255.png
2186	派别	政治活动	（一）手指字母“P”的指式。（二）一手食指向上伸直，向一侧一顿一顿移动几下，表示一个个不同的派别。|https://d.bmcx.com/shouyu/_file/d/8ebc458da2f3f23c.png
2187	集体	政治活动	（一）双手五指微曲，从两侧向中间移动，相距半尺停住。（二）一手捂住胸部，并向下移动。|https://d.bmcx.com/shouyu/_file/e/c24d2ef483d7a5c5.png
2188	革命	政治活动	一手握拳向上举，模拟握拳呼口号状。此处引申为“革命”。|https://d.bmcx.com/shouyu/_file/4/4da868d439f756aa.png
2189	斗争	政治活动	双手食、中指弯曲，以指节互碰几下。|https://d.bmcx.com/shouyu/_file/6/89e8acd7f3a39a81.png
2190	奋斗	政治活动	（一）一手握拳向上举。（二）同“斗争”手势。|https://d.bmcx.com/shouyu/_file/3/d32416dcdd319072.png
2191	战争	政治活动	双手拇、食指伸直，食指指尖相对，互相对戳，象征交战双方的武器相对。|https://d.bmcx.com/shouyu/_file/8/82312e9c8f15de76.png
2192	和平	政治活动	（一）双手掌心相对，由两侧向中间合拢，表示“合”“和”的意思。（二）双手平伸，掌心向下，同时向两侧平行移动。|https://d.bmcx.com/shouyu/_file/2/0b0c9fc7da80520c.png
2193	解放	政治活动	双手握拳交叉贴于胸前，然后边向两侧用力挥动，并放开五指，象征打碎束缚，争得自由。|https://d.bmcx.com/shouyu/_file/8/f0b65012b91098ae.png
2194	人道	政治活动	（一）双手食指搭成“人”字形。（二）双手掌心相对侧立，指头向前，朝前移动。|https://d.bmcx.com/shouyu/_file/a/d26ac0445e7eec68.png
2195	示威	政治活动	（一）双手五指伸开，掌心向前，一前一后同时向前移动，象征游行的队伍在前进。（二）一手握拳，向上高举，并摇动几下。|https://d.bmcx.com/shouyu/_file/b/175c15d77eeeb9eb.png
2196	游行	政治活动	（一）双手五指伸开，掌心向前，一前一后同时向前移动，象征游行的队伍在前进。（二）一手握拳，向上高举，并摇动几下。|https://d.bmcx.com/shouyu/_file/3/11b170fa3dfb37f9.png
2197	罢工	政治活动	（一）双手交叉搭于双臂，表示“休息”“不干活”。（二）一手食、中指与另一手食、中指搭成“工”字形。|https://d.bmcx.com/shouyu/_file/8/ad8080abc723430b.png
2198	起义	政治活动	（一）双手平伸，掌心向上，指尖相对，同时向上抬起，表示“起来”。（二）一手握拳，向上举起。|https://d.bmcx.com/shouyu/_file/7/55fe3685ae7db7b3.png
2199	标语	政治活动	（一）一手如执笔写字状。（二）双手拇、食指相对，并向两边拉开。|https://d.bmcx.com/shouyu/_file/b/fc20efc0cc3dada7.png
2200	口号	政治活动	（一）一手食指指尖沿着嘴唇转动一圈。（二）一手握拳，向上高举。|https://d.bmcx.com/shouyu/_file/f/44ec2435a5adb8f9.png
2201	号召	政治活动	一手五指微曲，先放在嘴前方，然后向前移出，再作招手状，表示“呼吁”，”召唤“的意思。|https://d.bmcx.com/shouyu/_file/1/70ae15abc5a0822e.png
2202	召唤	政治活动	一手五指微曲，先放在嘴前方，然后向前移出，再作招手状，表示“呼吁”，”召唤“的意思。|https://d.bmcx.com/shouyu/_file/e/402f9aa125661592.png
2203	形势	政治活动	（一）一手食、中指搭成“开”字形，然后右手中、无名、小指在“开”字旁撇一下，组成“形”字形。（二）双手五指弯曲，指尖相对，转动几下。|https://d.bmcx.com/shouyu/_file/4/8b9d8780ec0769a1.png
2204	局势	政治活动	（一）手指字母“J”的指式。（二）双手五指弯曲，指尖相对，转动几下。|https://d.bmcx.com/shouyu/_file/1/310db730033d2936.png
2205	倾向	政治活动	（一）双手掌心相对，指尖向上，向一侧倾斜一下。（二）双手掌心相对侧伸，指尖向前，并向前移动。|https://d.bmcx.com/shouyu/_file/8/6aed78505904296f.png
2206	反抗	政治活动	（一）一手平伸，掌心向下，然后翻转为掌心向上。（二）双手握拳，两拳相抵，同时用力作斜向上移，表示“抗争”的意思。|https://d.bmcx.com/shouyu/_file/f/28f519d2f8bf5c68.png
2207	抵制	政治活动	抵制 左手物并拢伸直，右手食指指尖抵住左手掌心并用力向外推出。|https://d.bmcx.com/shouyu/_file/0/b93519e2f7c02d4b.png
2208	民主	政治活动	（一）双手食指搭成“人”字形，平行转动一周。（二）一手握拳，伸出拇指，贴于胸部。|https://d.bmcx.com/shouyu/_file/b/4d25794e897c2c8c.png
2209	自由	政治活动	一手食指在胸前摆动几下，表示不受管束、自由自在的意思。|https://d.bmcx.com/shouyu/_file/0/e1230a38b2315413.png
2210	集中	政治活动	（一）双手五指微曲，从两侧向中间移动，相距半尺停住。（二）一手食指搭在另一手拇、食指握成的圆圈中央。|https://d.bmcx.com/shouyu/_file/a/be407595f9818240.png
2211	纪律	政治活动	纪律 右手五指伸直侧立，指尖向上，向左一顿一顿移动，表示“整齐”“有秩序”“有纪律”的意思。|https://d.bmcx.com/shouyu/_file/0/930956261629ae38.png
2212	整齐	政治活动	整齐 右手五指伸直侧立，指尖向上，向左一顿一顿移动，表示“整齐”“有秩序”“有纪律”的意思。|https://d.bmcx.com/shouyu/_file/e/c5f851b702e8298e.png
2213	秩序	政治活动	秩序 右手五指伸直侧立，指尖向上，向左一顿一顿移动，表示“整齐”“有秩序”“有纪律”的意思。|https://d.bmcx.com/shouyu/_file/5/680f5aea45682d1e.png
2214	规矩	政治活动	规矩 右手五指伸直侧立，指尖向上，向左一顿一顿移动，表示“整齐”“有秩序”“有纪律”的意思。|https://d.bmcx.com/shouyu/_file/6/65d4abebfafa42a0.png
2215	集会	政治活动	（一）同“集中”手势（一）。（二）双手五指微曲，从两侧向中间并拢。|https://d.bmcx.com/shouyu/_file/6/3a5d74889141772a.png
2216	结社	政治活动	（一）双手拇、食指互相套环，表示“联合”“联结”。（二）左手五指并拢，指尖向上，右手食指向下绕左手划一圈，表示一个“团体”“社团”。|https://d.bmcx.com/shouyu/_file/f/5a650e8fd500d68f.png
2217	言论	政治活动	（一）一手伸食指在嘴前转动几下。（二）一手打手指字母“L”的指式，并转动几下。|https://d.bmcx.com/shouyu/_file/9/16e011861449146b.png
2218	安定	政治活动	（一）一手平伸，掌心向下，在胸前向下按。（二）一手食指伸直，向下挥动一下。|https://d.bmcx.com/shouyu/_file/b/5613bfa681c39105.png
2219	团结	政治活动	双手紧握。|https://d.bmcx.com/shouyu/_file/0/bfe1acda05749d0d.png
2220	改革	政治活动	（一）一手食、中指叉开向上伸直并旋转一下。（二）一手握拳，向上举起。|https://d.bmcx.com/shouyu/_file/0/a48775ff9eaeb8ba.png
2221	搞活	政治活动	（一）双手握拳，一手敲打另一拳。（二）一手食指边向上移动边旋转，表示“活跃”。|https://d.bmcx.com/shouyu/_file/5/840f4e0f129eb292.png
2222	外交	政治活动	（一）左手伸直侧立，手心向里，右手食指在左手背外向下指动。（二）双手拇、小指伸直，由两侧向中间交叉移动。|https://d.bmcx.com/shouyu/_file/1/0e7b3a1156007917.png
2223	建交	政治活动	（一）一手食、中指伸直叉开，立于另一手掌心上。（二）同“外交”手势（二）。|https://d.bmcx.com/shouyu/_file/e/49568c93b7b63e21.png
2224	独立	政治活动	（一）一手食指伸直，自胸前向上移动，表示“自己”。（二）一手食、中指伸直叉开，立于另一手掌心上，象征独立。|https://d.bmcx.com/shouyu/_file/1/147b34605bd059e5.png
2225	自立	政治活动	（一）一手食指伸直，自胸前向上移动，表示“自己”。（二）一手食、中指伸直叉开，立于另一手掌心上，象征独立。|https://d.bmcx.com/shouyu/_file/f/19f83e4199a2971c.png
2226	自治	政治活动	（一）一手食指伸直，自胸前向上移动。（二）一手五指张开，边绕圈边用力握拳，表示在一定区域内行使权力。|https://d.bmcx.com/shouyu/_file/b/3e31da7845791e1a.png
2227	联盟	政治活动	（一）双手拇、食指互相套环，并转动一圈。（二）双手伸出拇指，由两侧向中间靠拢，表示“友谊”“结盟”。|https://d.bmcx.com/shouyu/_file/e/3fe8a2e8f196f7cf.png
2228	共处	政治活动	（一）双手五指微曲，掌心相对，由两侧向中间合拢。（二）双手伸出拇、小指作坐状，并排向下一顿，表示共同相处在一起。|https://d.bmcx.com/shouyu/_file/5/247bde905f3a27ff.png
2229	交涉	政治活动	（一）双手食指伸直，由两侧向中间互碰几下。（二）双手食指指尖相对，在嘴前交互转动。|https://d.bmcx.com/shouyu/_file/d/b6a23e0ef657dfc6.png
2230	干涉	政治活动	（一）一手食指与另一手食、中指搭成“干”字形。（二）一手伸直，从另一手指缝中插过，表示干预他人的意思。|https://d.bmcx.com/shouyu/_file/5/4533c9a32e50846d.png
2231	抗议	政治活动	（一）一手握拳向上一举，脸露“愤怒”的神情。（二）一手食指从嘴边向外一挥，表示强烈地提出反对意见。|https://d.bmcx.com/shouyu/_file/9/b240113e5e555fd9.png
2232	会谈	政治活动	（一）双手伸出拇、小指，相互靠近。（二）双手伸出食指，指尖相对，在嘴前交替转动|https://d.bmcx.com/shouyu/_file/0/f54cee2ddca014db.png
2233	谈判	政治活动	（一）同“会谈”手势（二）。（二）双手伸出食指，指尖相对，同时向下一顿。|https://d.bmcx.com/shouyu/_file/e/7e6a22e9356fdeb9.png
2234	条约	政治活动	（一）双手拇、食指弯曲相对，由中间向两侧拉开。（二）双手拇、食、中指相捏，同时向下一按，如同双方盖章状。|https://d.bmcx.com/shouyu/_file/4/ff869b95cdad01b2.png
2235	公约	政治活动	（一）双手拇、食指搭成“公”字形。（二）同“条约”手势（二）。|https://d.bmcx.com/shouyu/_file/3/6d8c1776b0261753.png
2236	协定	政治活动	（一）双手食指互相勾住。（二）双手拇、食、中指相捏，同时向下一按，如同双方盖章状。|https://d.bmcx.com/shouyu/_file/c/75647d0491ebaf3e.png
2237	照会	政治活动	（一）双手合掌，然后左右翻开，表示“证件”。（二）双手伸直靠拢，掌心向上，同时向前伸出，表示呈递“证件”。|https://d.bmcx.com/shouyu/_file/b/e4fdfbc39675eae5.png
2238	声明	政治活动	（一）一手食指在嘴前转动几下，表示“讲话”。（二）一手掌心从另一手掌心上边划过边握拳，并伸出拇指。|https://d.bmcx.com/shouyu/_file/5/5c0b352294f72203.png
2239	阐明	政治活动	（一）一手食指从嘴边向外挥动一下。（二）同“声明”手势（二）。|https://d.bmcx.com/shouyu/_file/f/23662a9de3b0ecbe.png
2240	原则	政治活动	（一）一手拇、食指捏成小圆圈。（二）一手侧立、指尖向上，向一侧一顿一顿移动。|https://d.bmcx.com/shouyu/_file/0/6b674f2a6ac0f69b.png
2241	辩论	政治活动	（一）双手食指指尖相对，在嘴前交替转动几下。（二）一手打手指字母“L”的指式并转动。|https://d.bmcx.com/shouyu/_file/0/3fa1104739a64d3b.png
2242	辩护	政治活动	（一）同“辩论”手势（一）。（二）左手伸出拇指，右手微曲，绕左手拇指半圈，表示“保护”。|https://d.bmcx.com/shouyu/_file/5/675c70c8b2189d1b.png
2243	维护	政治活动	（一）手指字母“W”的指式。（二）同“辩护”手势（二）。|https://d.bmcx.com/shouyu/_file/9/ec1d5c2e410777d6.png
2244	保护	政治活动	保护 同“辩护”手势（二）。|https://d.bmcx.com/shouyu/_file/a/8220e5a39e4c8e82.png
2245	保卫	政治活动	保卫 左手掌心向外直立，右手托于左手腕部置于肩前。|https://d.bmcx.com/shouyu/_file/b/78ba3576e2f88e3b.png
2246	支持	政治活动	支持 左手向上伸出食指，右手五指并拢，指尖抵于左手食指跟部。意即“撑腰”。|https://d.bmcx.com/shouyu/_file/8/e9a7d2c908d416de.png
2247	撑腰	政治活动	撑腰 左手向上伸出食指，右手五指并拢，指尖抵于左手食指跟部。意即“撑腰”。|https://d.bmcx.com/shouyu/_file/7/5b2d00d57fc97c27.png
2248	坚持	政治活动	（一）一手食指指尖抵于脸颊部，脸露“坚定”神态。（二）双手食指指尖相对，向下作斜向移动，表示持续下去。|https://d.bmcx.com/shouyu/_file/e/595bfd5c650945b9.png
2249	保持	政治活动	（一）双手伸直，向前微按。（二）同“坚持”手势（二）。|https://d.bmcx.com/shouyu/_file/b/70e5d85e32a52b99.png
2250	派遣	政治活动	派遣 左手拇、小指直立，右手食、中指并拢向左手拇指挥动，同时左手向外移动。|https://d.bmcx.com/shouyu/_file/7/874bf9f8b53957fd.png
2251	使命	政治活动	（一）一手拇、食指弯曲置于肩上，然后碰两下肩部，表示“任务”“职责”。（二）一手食、中指并拢，向下挥动，表示“命令”。|https://d.bmcx.com/shouyu/_file/4/c97425775fc61572.png
2252	紧张	政治活动	双手紧紧握拳，在胸前上下微动，脸露“紧张”的神态。|https://d.bmcx.com/shouyu/_file/7/94a165c80491a989.png
2253	缓和	政治活动	双手紧紧握拳，先置于胸前，然后向下摊开五指。脸露轻松的神态。|https://d.bmcx.com/shouyu/_file/6/6b6a8e11400cc675.png
2254	正义	政治活动	（一）双手掌心相对，指尖向上，从胸前向前微伸。（二）一手食指书空“义”字。|https://d.bmcx.com/shouyu/_file/2/615e0db16a4d8cd1.png
2255	霸权	政治活动	（一）一手五指微曲，掌心向下，用力向下一按，表示“霸道”。（二）一手五指微曲，边绕圈边握拳。|https://d.bmcx.com/shouyu/_file/1/179b0366c04ee145.png
2256	控制	政治活动	（一）一手五指张开，边向前移动边握拳，表示“控制”“把握住”的意思。（二）一手侧伸，向另一掌心上切下。|https://d.bmcx.com/shouyu/_file/2/f7c7c2ebb33dcb49.png
2257	操纵	政治活动	一手握住另一手手腕，左右交替拉动两下，模拟操纵机器操纵杆的动作。|https://d.bmcx.com/shouyu/_file/6/f2326f915848fe1f.png
2258	篡夺	政治活动	（一）一手握拳曲肘，胳膊向后用力挥动一下，表示“排挤”别人的意思。（二）一手五指张开，向前作抓物状，然后收缩握拳。|https://d.bmcx.com/shouyu/_file/9/4d573d87272afd08.png
2259	扶植	政治活动	扶植 左手伸出拇、小指，平放于右手掌心上，然后将左手扶起。|https://d.bmcx.com/shouyu/_file/8/c69634f3bebdb404.png
2260	颠覆	政治活动	（一）右手伸出拇、小指，坐于左手掌心上。（二）左手翻掌，将右手盖在下面，表示“颠覆”“推翻”的意思。|https://d.bmcx.com/shouyu/_file/f/e77a9d973b89ab31.png
2261	推翻	政治活动	（一）右手伸出拇、小指，坐于左手掌心上。（二）左手翻掌，将右手盖在下面，表示“颠覆”“推翻”的意思。|https://d.bmcx.com/shouyu/_file/5/7af53be0aa268a34.png
2262	复辟	政治活动	（一）一手伸直，翻动一下。（二）一手伸出小指，向上一举，象征坏势力抬头。|https://d.bmcx.com/shouyu/_file/2/747abdf00ed3188b.png
2263	瓜分	政治活动	（一）上手五指微曲，指尖相对，模仿：瓜“的形状。然后一手收回侧伸，向”瓜“中心切下，象征”切瓜“状。（二）一手侧伸，在另一手手心上向左右拨动几下。|https://d.bmcx.com/shouyu/_file/8/41f966487d20c9d2.png
2264	分歧	政治活动	双手食指平伸，指尖相对、交替上下挥动几下，表示意见不一致。|https://d.bmcx.com/shouyu/_file/3/362bc5abdd308f6d.png
2265	分裂	政治活动	双手平伸，五指并拢，掌心向下，然后五指迅速放开，如裂开状。|https://d.bmcx.com/shouyu/_file/8/8acd1116dd91cf2c.png
2266	瓦解	政治活动	瓦解 上手五指互相勾住，然后迅速分开，并向两侧放开五指。|https://d.bmcx.com/shouyu/_file/0/d78eaadf7eba0d4e.png
2267	分离	政治活动	双手伸出拇、小指，手腕先相贴，然后向两侧移开。|https://d.bmcx.com/shouyu/_file/d/a71506821edc13ec.png
2268	孤立	政治活动	孤立 左手向上伸直不动，右手食指贴于左手掌心上，然后向一侧移开。|https://d.bmcx.com/shouyu/_file/8/33f136b76b63c4c6.png
2269	威胁	政治活动	一手五指微曲，对准另一手拇指指背点动几下，象征虎爪抓人状，引申为“威胁”。|https://d.bmcx.com/shouyu/_file/6/81ae38bb3787dfc2.png
2270	争夺	政治活动	双手五指微曲，指尖相对，然后交替向下作抓物状，象征双方争夺。|https://d.bmcx.com/shouyu/_file/5/e66b659ed0948da9.png
2271	掠夺	政治活动	双手五指微曲，指尖相对，然后交替向下作抓物状，象征双方争夺。|https://d.bmcx.com/shouyu/_file/a/40ffa480ebe43202.png
2272	策划	政治活动	（一）一手食指指尖抵于太阳穴部转动一圈。（二）左手平伸，掌心向下，右手伸直，指尖向下，在左手小指边划动一下。|https://d.bmcx.com/shouyu/_file/d/6923f22a9b0027d1.png
2273	煽动	政治活动	煽动 左手拇、小指伸直直立在前，右手在左手后面“扇动”几下。|https://d.bmcx.com/shouyu/_file/e/159eecae5d31cb99.png
2274	爆发	政治活动	爆发 左手五指围成半圆形，右手五指指尖先撮合，然后从左手掌心向上移动并放开五指。|https://d.bmcx.com/shouyu/_file/8/6db8c25b4d46792d.png
2275	粉碎	政治活动	（一）一手拇、食、中指指尖互相捻动，如捻粉末状。（二）双手拇、食指相捏，互相靠拢，同时向上掰动。|https://d.bmcx.com/shouyu/_file/c/e5cca28b29d243f8.png
2276	剥削	政治活动	剥削 左手食指向上伸直，右手拇、食指揪住左手食指跟部，然后斜向揪动两下。|https://d.bmcx.com/shouyu/_file/5/b38f33d860618a76.png
2277	压迫	政治活动	压迫 左手伸出拇指、右手伸直，掌心向下压在左手拇指上，然后向下一压。|https://d.bmcx.com/shouyu/_file/e/14ac4627949501f5.png
2278	伪装	政治活动	（一）一手侧伸，贴在嘴前，晃动五指，表示“假的”。（二）双手在脸颊两侧作“抹粉”状。|https://d.bmcx.com/shouyu/_file/6/087c0f60512c8b96.png
2279	阴谋	政治活动	一手伸出小指，指尖向上，在另一手掌心下转一圈，象征在隐藏暗处策划干坏事。|https://d.bmcx.com/shouyu/_file/8/17d21a0e7db33a6e.png
2280	妄图	政治活动	（一）一手小指向下挥动一下。（二）一手拇、小指伸直，先置于太阳穴处，然后向外作曲线移动。|https://d.bmcx.com/shouyu/_file/d/f082e35a940b7c1d.png
2281	妄想	政治活动	（一）一手小指向下挥动一下。（二）一手拇、小指伸直，先置于太阳穴处，然后向外作曲线移动。|https://d.bmcx.com/shouyu/_file/e/32ccb4bc66aaaef6.png
2282	顽抗	政治活动	（一）一手握拳，敲两下额头，表示“顽固”。（二）双手伸出拇、小指，拇指相对，由两侧向中间移动，拇指指尖相抵，表示“对抗”。|https://d.bmcx.com/shouyu/_file/9/5a79df42195fa7e8.png
2283	反动	政治活动	（一）一手掌心向下，翻转为掌心向上。（二）一手伸出小指，指尖向上。|https://d.bmcx.com/shouyu/_file/d/d5fac9a269a7717d.png
2284	猖狂	政治活动	双手五指并拢，先抵上额，然后同时向外挥动，并放开五指，表示“发狂”。|https://d.bmcx.com/shouyu/_file/c/e45d9b7747e57f72.png
2285	发狂	政治活动	双手五指并拢，先抵上额，然后同时向外挥动，并放开五指，表示“发狂”。|https://d.bmcx.com/shouyu/_file/1/2d0d08a9449a10e7.png
2286	猖獗	政治活动	双手五指并拢，先抵上额，然后同时向外挥动，并放开五指，表示“发狂”。|https://d.bmcx.com/shouyu/_file/3/b067d2b0134e0a48.png
2287	伎俩	政治活动	一手小指向下绕动一圈，表示耍手腕。|https://d.bmcx.com/shouyu/_file/8/e303484b24d05266.png
2288	干扰	政治活动	（一）一手食指与另一手食、中指搭成“干”字形。（二）双手五指弯曲，指尖相抵，互相转动，表示“混乱”。|https://d.bmcx.com/shouyu/_file/9/b8700452cb61fa69.png
2289	捣乱	政治活动	（一）一手小指从另一手指缝伸出。（二）双手五指弯曲，指尖相抵，互相转动。|https://d.bmcx.com/shouyu/_file/f/e8c251ba97b6714f.png
2290	混乱	政治活动	双手五指弯曲，指尖相抵，互相转动，表示“混乱”。|https://d.bmcx.com/shouyu/_file/2/cef5115c84328ae0.png
2291	破坏	政治活动	（一）双手拇、食指相捏，互相靠拢，同时向上掰动。（二）一手伸出小指，向下挥动一下。|https://d.bmcx.com/shouyu/_file/0/7cbf7d16e8ef449e.png
2292	腐朽	政治活动	（一）一手食指指尖抵于另一手食指，并弯曲几下，表示树木上的蛀虫。（二）同“破坏”手势（一）。|https://d.bmcx.com/shouyu/_file/e/0a765c6ae6c68dc2.png
2293	崩溃	政治活动	（一）双手伸直，掌心相对，然后同时向下一倒，表示“崩塌”。（二）双手五指并拢、靠拢。掌心向下，然后向外放开五指。|https://d.bmcx.com/shouyu/_file/b/25ef535bdf34d84c.png
2294	国际	政治活动	一手打手指字母“G”的指式，沿另一手拳头绕动一圈。|https://d.bmcx.com/shouyu/_file/a/547f1a2f27dde711.png
2295	洲际	政治活动	（一）一手食、中、无名、小指指尖向下，与另一手食指搭成“州”字形。（二）一手伸直，指尖向下，在另一手平伸的小指边划一下。|https://d.bmcx.com/shouyu/_file/5/9afcdb82053bcd1e.png
2296	国界	政治活动	（一）一手打手指字母“G”的指式，并绕一圈。（二）一手伸直侧立，在另一手掌心上曲折推进，表示国界弯弯曲曲。|https://d.bmcx.com/shouyu/_file/4/1b0b7d72cfde2351.png
2297	领域	政治活动	（一）手指字母“L”的指式。（二）一手食指向下划一个大圆圈，表示地域。|https://d.bmcx.com/shouyu/_file/c/6085e4fac0ab89a2.png
2298	领土	政治活动	（一）手指字母“L”的指式。（二）一手食指向下指地。|https://d.bmcx.com/shouyu/_file/a/25c99252494216d3.png
2299	领空	政治活动	（一）手指字母“L”的指式。（二）一手食指向上划出一个大圆圈，表示空域。|https://d.bmcx.com/shouyu/_file/9/631eb451aee30902.png
2300	领海	政治活动	（一）手指字母“L”的指式。（二）双手平伸，掌心向下，边向两侧分开，边作波浪形移动（幅度大一点）。|https://d.bmcx.com/shouyu/_file/0/632ba6726d8ceb0a.png
2301	人质	政治活动	（一）双手食指搭成“人”字形。（二）一手拇、食指控成小圆形，紧套另一手拇指，表示将人扣留住。|https://d.bmcx.com/shouyu/_file/7/c18b9e0ad09a5585.png
2302	避难	政治活动	避难 右手拇、小指伸直，从左手掌心下向后缓缓移动，同时拇、小指弯曲。|https://d.bmcx.com/shouyu/_file/7/4dc6c51fc30c7bf9.png
2303	隐藏	政治活动	隐藏 右手拇、小指伸直，从左手掌心下向后缓缓移动，同时拇、小指弯曲。|https://d.bmcx.com/shouyu/_file/9/0ad6232e83835824.png
2304	隐蔽	政治活动	隐蔽 右手拇、小指伸直，从左手掌心下向后缓缓移动，同时拇、小指弯曲。|https://d.bmcx.com/shouyu/_file/4/d747cd9e183996ad.png
2305	引渡	政治活动	引渡 左手伸出拇、小指，右手拇、食指夹住左手拇指向右边移动，表示将一个人从一国引渡到另一国去。|https://d.bmcx.com/shouyu/_file/b/a6ad7db5963ad34a.png
2306	护照	政治活动	（一）左手伸出拇指，右手五指微曲，绕左手拇指半圈。（二）双手合轧掌，左右翻开|https://d.bmcx.com/shouyu/_file/2/cea25db670ef89c7.png
2307	超级	政治活动	（一）双手食指向上伸直、相对，一手不动、另一手向上举起，表示“超出”。（二）左手向上伸直不动，右手掌心向下，虎口靠左手掌心上一顿一顿移动。|https://d.bmcx.com/shouyu/_file/8/d9c42d5d384a035c.png
2308	国籍	政治活动	（一）一手打手指字母“G”的指式，并绕一圈。（二）左手包住右手小指，然后右手抽出小指。（三）一手掌心向下，并向上移动，表示诞生成长的地方。|https://d.bmcx.com/shouyu/_file/d/da3966efea63f6c2.png
2309	国宾	政治活动	（一）同“国籍”手势（一）。（二）双手伸出拇指，互相靠拢。|https://d.bmcx.com/shouyu/_file/f/e82bdb916cf3927a.png
2310	国宴	政治活动	（一）同“国籍”手势（一）。（二）双手拇、食指捏成圆圈，模拟碰杯喝酒状。|https://d.bmcx.com/shouyu/_file/6/0ccd53f3c1d80eda.png
2311	无产阶级	政治活动	(一)一手拇、食、中指互相捻动一下，表示“没有”“无”。(二)左手弯成半圆形，右手五指撮合从左手掌心中伸出并放开。(三)左掌伸直不动，右掌向下，虎口贴着左手心一顿一顿上移。|https://d.bmcx.com/shouyu/_file/a/277ddf0607bf3087.png
2312	资产阶级	政治活动	（一）双手拇指与其余四指分开，拇指指尖贴于胸前，手指微微扇动，表示“富裕”。一般泛指“资本家”“富人”。（二）同“无产阶级”手势（三）。|https://d.bmcx.com/shouyu/_file/7/c3e133b1253c0cfd.png
2313	社会主义	政治活动	（一）左手五指撮合，指尖向上，右手食指向下，绕左手转一圈。（二）一手伸出拇指，贴于胸前。（三）一手伸出食指，横在胸前。|https://d.bmcx.com/shouyu/_file/e/660952e0d909d64a.png
2314	共产主义	政治活动	（一）双手食、中指搭成“共”字形。（二）同“社会主义”手势（二）。（三）同“社会主义”手势（三）。|https://d.bmcx.com/shouyu/_file/6/ea22b582a65f3da3.png
2315	资本主义	政治活动	（一）一手拇、食指捏成小圆圈,微动一下。（二）一手握住另一手腕部。（三）同“社会主义”手势（二）。（四）同“社会主义”手势（三）。|https://d.bmcx.com/shouyu/_file/7/32ff07c1471067c9.png
2053	警惕	心理	（一）一手伸出食指，指于太阳穴处，脸露“警觉”神态。（二）双手伸掌，掌心向外推出，表示“防备”。|https://d.bmcx.com/shouyu/_file/3/2e2d722e6098ec4f.png
2054	麻痹	心理	一手五指微张，指尖向下，手腕微微颤动几下。这是模拟麻痹患者颤抖不能自制的状态。此处表示“麻木”“麻痹”之意。|https://d.bmcx.com/shouyu/_file/9/c34495decb8873f5.png
2055	果断	心理	（一）手指字母“G”的指式。（二）一手侧伸，向下一切。|https://d.bmcx.com/shouyu/_file/b/f4773767e3976ce9.png
2056	犹豫	心理	双手拇、食指搭成“心”形，左右微微摆动，表示拿不定主意。|https://d.bmcx.com/shouyu/_file/f/fd620c80835f1555.png
2057	痛恨	心理	一手伸出拇、小指，拇指指尖抵于胸前，脸上流露怨恨的表情。|https://d.bmcx.com/shouyu/_file/b/4898bcdcd1d6ed74.png
2058	仇恨	心理	（一）双手小指相对，表示“敌对”之意。（二）一手伸出拇、小指，拇指指尖抵于胸前，脸上流露出怨恨的表情。|https://d.bmcx.com/shouyu/_file/b/b8c82d3dccee86c9.png
2059	气愤	心理	一手五指并拢，指尖向上，贴于胸部，然后向上抬起，同时放开五指，表示“内心愤怒”之意。|https://d.bmcx.com/shouyu/_file/4/c99f60c643661d16.png
2060	爱	心理	一手轻轻抚摩另一手拇指指背，表示一种“怜爱”的感情。|https://d.bmcx.com/shouyu/_file/9/e164a2e0a23953e2.png
2061	爱情	心理	（一）同“爱”手势。（二）双手伸开相对，互相左右摇动，象征双方相爱，感情深厚的意思。|https://d.bmcx.com/shouyu/_file/e/0927ecdcdc5aa0e9.png
2062	爱戴	心理	（一）同“爱”手势。（二）一手伸出拇指，坐于另一掌心上，并向上举起。|https://d.bmcx.com/shouyu/_file/7/491cd4272e9f12ef.png
2063	爱护	心理	（一）一手轻轻抚摩另一手拇指指背，表示一种“怜爱”的感情。（二）双手五指微张，掌心向下，同时向前微按，表示“保护”之意。|https://d.bmcx.com/shouyu/_file/5/a88bc1176228beed.png
2064	爱惜	心理	（一）同“爱护”手势（一）。（二）双手平伸，掌心向上，一手在下不动，另一手向下边的掌心上轻拍两下，表示“可惜”“怜惜”。|https://d.bmcx.com/shouyu/_file/b/90c7de18fc892895.png
2065	可惜	心理	（一）一手拇指不动，四指弯曲两下，表示“可以”之意。（二）同“爱惜”手势（二）。脸上流露出“可惜”的表情。|https://d.bmcx.com/shouyu/_file/0/591b9f53d6e631d8.png
2066	相信	心理	一手捂于耳部，同时头部微微点一下，表示“听信”“信任”之意。|https://d.bmcx.com/shouyu/_file/a/68d20d24b8398820.png
2067	迷信	心理	双手合掌紧靠鼻前，微微抖动几下。|https://d.bmcx.com/shouyu/_file/4/81f4d93118c75f2a.png
2068	信任	心理	（一）一手捂于耳部，同时头部微点一下。（二）右手按一下左肩。|https://d.bmcx.com/shouyu/_file/7/07a8e7cc405c782b.png
2069	尊敬	心理	（一）一手握拳伸拇指，坐于另一手掌上，并向上举起。（二）右手上举置于额角，模拟“敬礼”状。|https://d.bmcx.com/shouyu/_file/0/d525039c9b3d5518.png
2070	怀疑	心理	一手伸出拇、小指，放于胸前交替摆动，表示好坏、是非不肯定。|https://d.bmcx.com/shouyu/_file/0/8235ffd3ca7c3e26.png
2071	疑心	心理	一手伸出拇、小指，放于胸前交替摆动，表示好坏、是非不肯定。|https://d.bmcx.com/shouyu/_file/1/84beac92f1052db7.png
2072	关心	心理	（一）一手轻轻抚摸另一手拇指指背。（二）双手拇、食指搭成“心”形，先贴于胸前，再向前移动，表示“关心对方”之意。|https://d.bmcx.com/shouyu/_file/b/7f77bf66aecf9208.png
2073	关怀	心理	（一）一手轻轻抚摸另一手拇指指背。（二）双手拇、食指搭成“心”形，先贴于胸前，再向前移动，表示“关心对方”之意。|https://d.bmcx.com/shouyu/_file/e/25f903806494d940.png
2074	担心	心理	双手拇、食指搭成“心”形，放于胸前，并向上提动，表示“提心吊胆”之意。|https://d.bmcx.com/shouyu/_file/e/4bb90d16dcb1441b.png
2075	放心	心理	双手拇、食指搭成“心”形，放于胸前，向下移动，表示将提起的心放下了之意|https://d.bmcx.com/shouyu/_file/0/efa2e97c153eb298.png
2076	信心	心理	（一）一手捂于耳部，同时头部微点一下。（二）双手拇、食指搭成“心”形，放于胸前。|https://d.bmcx.com/shouyu/_file/2/a498f1a2416223db.png
2077	忍耐	心理	（一）一手手心向下，在胸前向下按几下，表示将急噪的心情压抑下去之意。（二）双手拇、食指搭成“心”形，置于胸前。|https://d.bmcx.com/shouyu/_file/8/d09bf7a73d7847ac.png
2078	决心	心理	（一）一手五指撮合，指尖向下，按于另一手掌心。（二）同“信心”手势（二）。|https://d.bmcx.com/shouyu/_file/1/980f5897ca385a92.png
2079	雄心	心理	（一）双手握拳，在胸前相对向下一顿。（二）同“信心”手势（二）。|https://d.bmcx.com/shouyu/_file/e/88affbefd392e9da.png
2080	壮志	心理	（一）双手握拳，在胸前相对，并向下一顿。（二）手指字母“ZH”的指式。|https://d.bmcx.com/shouyu/_file/1/65dda81025d1f2e1.png
2081	志愿	心理	（一）手指字母“ZH”的指式。（二）一手拇、食指分开，抵于左右嘴角。|https://d.bmcx.com/shouyu/_file/9/5330955d3b2ba464.png
2082	志气	心理	（一）手指字母“ZH”的指式。（二）手指字母“Q”的指式，并向鼻孔处移动。|https://d.bmcx.com/shouyu/_file/f/19bd7c85e27cc51d.png
2083	兴趣	心理	一手拇、食指相捏，放在嘴边捻动，如品尝状而脸露笑容。|https://d.bmcx.com/shouyu/_file/e/b4bad041b9dee78d.png
2084	趣味	心理	一手拇、食指相捏，放在嘴边捻动，如品尝状而脸露笑容。|https://d.bmcx.com/shouyu/_file/f/97b23035ee0ee062.png
2085	思想	心理	一手食指置太阳穴处转动，显示动脑思索的神情|https://d.bmcx.com/shouyu/_file/a/05d47667686d0da5.png
2086	想	心理	一手食指置太阳穴处转动，显示动脑思索的神情|https://d.bmcx.com/shouyu/_file/8/1a6fdfcd83ee37b3.png
2087	思考	心理	一手食指置太阳穴处转动，显示动脑思索的神情|https://d.bmcx.com/shouyu/_file/2/9f9c8c8882182e71.png
2088	考虑	心理	一手食指置太阳穴处转动，显示动脑思索的神情|https://d.bmcx.com/shouyu/_file/3/b466cbe4edeb935e.png
2089	理想	心理	一手打手指字母“L”的指式，拇指指在太阳穴部并转动一下。|https://d.bmcx.com/shouyu/_file/a/2a0c7d072afaed63.png
2090	幻想	心理	一手伸出拇、小指，从太阳穴部斜着向上旋转上升，表示“做梦”“梦想”之意。|https://d.bmcx.com/shouyu/_file/d/b959a849649ae3f5.png
2091	梦想	心理	一手伸出拇、小指，从太阳穴部斜着向上旋转上升，表示“做梦”“梦想”之意。|https://d.bmcx.com/shouyu/_file/2/2ef1110808729ec4.png
2092	做梦	心理	一手伸出拇、小指，从太阳穴部斜着向上旋转上升，表示“做梦”“梦想”之意。|https://d.bmcx.com/shouyu/_file/a/dda456ec943ea86b.png
2093	刺激	心理	一手食指从太阳穴不向前额刺过去，表示头脑受到“刺激”（面部显露出受到刺激的表情）。|https://d.bmcx.com/shouyu/_file/a/47c4a4600bd4ccf5.png
2094	抑制	心理	一手掌心向下，从喉结处向下缓缓移动，表示“压抑”“控制”。|https://d.bmcx.com/shouyu/_file/2/3fafb17ac47a66de.png
2095	压抑	心理	一手掌心向下，从喉结处向下缓缓移动，表示“压抑”“控制”。|https://d.bmcx.com/shouyu/_file/4/83de254fb7d75fc7.png
2096	感想	心理	一手先捂于胸部，然后伸出食指置于太阳穴处转动。|https://d.bmcx.com/shouyu/_file/f/7e9aafb2a7dd5753.png
2097	感觉	心理	（一）一手捂于胸部。（二）一手食指指在太阳穴处，同时头微抬起，脸上表露出一种觉悟的表情|https://d.bmcx.com/shouyu/_file/9/84bfaa4ffaf25593.png
2098	想念	心理	一手食指在太阳穴部转动，并向外微伸。|https://d.bmcx.com/shouyu/_file/8/eb9352387b7b011a.png
2099	纪念	心理	一手打手指字母“J”的指式，贴于前额，表示念念不忘。|https://d.bmcx.com/shouyu/_file/6/8f079d031278d7da.png
2100	念念不忘	心理	一手打手指字母“J”的指式，贴于前额，表示念念不忘。|https://d.bmcx.com/shouyu/_file/1/8e424e79b48a9dce.png
2101	记忆	心理	一手打手指字母“J”的指式，碰两下前额，表示“记住”。|https://d.bmcx.com/shouyu/_file/b/f0f3012e579d1ee6.png
2102	记住	心理	一手打手指字母“J”的指式，碰两下前额，表示“记住”。|https://d.bmcx.com/shouyu/_file/9/ae2a14357f9aa853.png
2103	忘记	心理	一手五指并拢，现在前额虚按一下，再转向脑后虚按一下，表示把原记住的事情丢在脑后。|https://d.bmcx.com/shouyu/_file/3/803d9ad267ffc6d1.png
2104	乐观	心理	（一）双手掌心向上，在胸前上下扇动，脸露笑容。（二）一手食、中指从眼部向前移动。|https://d.bmcx.com/shouyu/_file/c/2584180cc1fd2fa7.png
2105	悲观	心理	（一）一手虚握贴于胸前转动，脸露愁容。（二）一手伸食中二指，从眼部向前移动。|https://d.bmcx.com/shouyu/_file/4/e1dac968473e779d.png
2106	承认	心理	一手上举伸过头顶。|https://d.bmcx.com/shouyu/_file/9/1e626b7c0581e812.png
2107	否认	心理	（一）一手伸掌，指尖向上，摇摆一下，表示“不” （二）一手上举过头顶。|https://d.bmcx.com/shouyu/_file/3/4d188acb167acc71.png
2108	观察	心理	一手伸出食、中指，指尖向前，在眼前作半圆形的水平移动，表示“观察”“查看”之|https://d.bmcx.com/shouyu/_file/4/f6e4b559aaebfb8e.png
2109	查看	心理	一手伸出食、中指，指尖向前，在眼前作半圆形的水平移动，表示“观察”“查看”之|https://d.bmcx.com/shouyu/_file/4/706719374f6b9602.png
2110	考察	心理	（一）双手伸出拇指，交替上下动几下。（二）一手伸出食、中指，指尖向前，在眼前作半圆形的水平移动，表示“观察”“查看”之意。|https://d.bmcx.com/shouyu/_file/2/f436d09cf087bf44.png
2111	觉察	心理	（一）一手食指指在太阳穴处，同时头微抬起。（二）一手食、中指伸出，指尖向前，从眼部向前移动。|https://d.bmcx.com/shouyu/_file/9/79a69824e9dfc6c0.png
2112	发觉	心理	（一）一手食指指在太阳穴处，同时头微抬起。（二）一手食、中指伸出，指尖向前，从眼部向前移动。|https://d.bmcx.com/shouyu/_file/f/38417b301582e7ee.png
2113	理解	心理	（一）手指字母“L”的指式。（二）一手食指在太阳穴处点两下，表示“知道”“懂了”“了解”之意。|https://d.bmcx.com/shouyu/_file/1/211410720bc12037.png
2114	了解	心理	（一）一手食指书空“了”字。（二）一手食指在太阳穴处点动二下，表示“明白”“明了”。|https://d.bmcx.com/shouyu/_file/c/9edbcaa4ebe51b53.png
2115	钻研	心理	（一）一手食指在另一手食、中指缝中旋转并钻过去。（二）一手食、中指并拢，在另一手掌心上转动。|https://d.bmcx.com/shouyu/_file/6/098ae55b332f7fae.png
2116	体会	心理	（一）一手捂于胸部，向下微移。（二）一手食指指在太阳穴处，同时头微微抬起。|https://d.bmcx.com/shouyu/_file/5/2859013601d2bd4c.png
2117	领会	心理	（一）手指字母“L”的指式。（二）同“体会”手势（二）。|https://d.bmcx.com/shouyu/_file/d/209f5c32c4b848b1.png
2118	重视	心理	（一）双手掌心向上，同时往下一顿。（二）一手食、中指指尖向前，从眼部向前移动。|https://d.bmcx.com/shouyu/_file/b/8d12e675a8283f7f.png
2119	歧视	心理	（一）一手拇、小指相捏，放在另一手掌心上，拇指弹动一下小指指尖，表示“轻微”“微不足道”。（二）一手食、中指指尖向前，从眼部向前移动。|https://d.bmcx.com/shouyu/_file/b/849882e64e6ad2bc.png
2120	觉悟	心理	一手食指指尖抵于太阳穴处，同时头微微抬起。|https://d.bmcx.com/shouyu/_file/3/08c5737c0d001a11.png
2121	反省	心理	（一）一手掌心向下，然后翻转一下。（二）一手小指指尖抵于太阳穴处微微转动几下，表示“检查”“思过”。|https://d.bmcx.com/shouyu/_file/a/ad601efc9737fbb5.png
2122	害怕	心理	一手拍几下胸部，脸露害怕神态。|https://d.bmcx.com/shouyu/_file/6/77d982d9227ada3e.png
2123	惧怕	心理	一手拍几下胸部，脸露害怕神态。|https://d.bmcx.com/shouyu/_file/d/9d5a003d4d364e7b.png
2124	可怕	心理	一手拍几下胸部，脸露害怕神态。|https://d.bmcx.com/shouyu/_file/8/a215857184697882.png
2125	懊悔	心理	（一）一手伸出小指，指尖微敲前额部。（二）一手握拳捶打另一掌心，表示懊悔之意。|https://d.bmcx.com/shouyu/_file/1/757dba32a5a9c4cf.png
2126	冤枉	心理	一手伸小指，在胸前点两下，同时脸露皱眉，受冤屈的表情。|https://d.bmcx.com/shouyu/_file/f/ecf3cf9e47028d2c.png
2127	知道	心理	一手食指直立，指尖朝太阳穴处敲两下。|https://d.bmcx.com/shouyu/_file/no_picture.png
2128	懂	心理	一手食指直立，指尖朝太阳穴处敲两下。|https://d.bmcx.com/shouyu/_file/no_picture.png
2129	不懂	心理	一手掌横置额前，然后从一侧向另一侧划过，同时脸露疑惑状|https://d.bmcx.com/shouyu/_file/no_picture.png
2130	梦	心理	一手伸出拇、小指，从太阳穴部斜着向上旋转上升，表示“做梦”“梦想”之意。|https://d.bmcx.com/shouyu/_file/2/2ef1110808729ec4.png
2131	喜欢	心理	一手拇、食指微曲，指尖抵于颌下，头微微点动一下。|https://d.bmcx.com/shouyu/_file/f/122e4fd70bdc5dcb.png
2132	喜悦	心理	（一）一手拇、食指微曲，指尖抵于颌下，头微微点动一下。
（二）双手横伸，掌心向上，上下交替动几下，面露笑容。|https://d.bmcx.com/shouyu/_file/no_picture.png
2133	倚仗	心理	（一）左手伸拇指；右手伸食指靠向左手拇指。
（二）左手握拳，手臂直立胸前；右手在左胳膊上拍一下。|https://d.bmcx.com/shouyu/_file/no_picture.png
2134	感动	心理	（一）右手掌贴于左胸前。（二）双手握拳屈肘，在胸前前后交替动几下。|https://d.bmcx.com/shouyu/_file/no_picture.png
2135	感恩	心理	（一）右手掌贴于左胸前。（二）左手拇、小指伸出；右手拇、食指伸出，贴于胸部，然后移向左手，表示对人的一片真心。（在歌曲“感恩的心”中，常打祈祷的手势表示感恩，“的”字省略）|https://d.bmcx.com/shouyu/_file/no_picture.png
2136	无限	心理	（一）一手拇指、食指、中指指尖朝上互捻一下，然后手平伸。
（二）左手横伸；右手侧立，在左手掌上切一下。|https://d.bmcx.com/shouyu/_file/no_picture.png
1983	理性	哲学	（一）手指字母“L”的指式。（二）右手食、中指弹打左拳背。|https://d.bmcx.com/shouyu/_file/1/e21deaf01e12088c.png
1984	主观	哲学	（一）左手中、无名、小指与右手食指搭成“主”字形。（二）一手食、中指从眼部向前指一下。|https://d.bmcx.com/shouyu/_file/1/3b8ed76081bd53eb.png
1985	客观	哲学	（一）双手掌心向上，并向一侧移动。（二）一手食、中指从眼部向前指一下。|https://d.bmcx.com/shouyu/_file/6/d17ead41aed59447.png
1986	逻辑	哲学	（一）手指字母“L”的指式。（二）左手伸掌，手背向外，横放眼前。右手拇、食指捏合，从左手拇指开始，逐一划条，表示思维的条理性。|https://d.bmcx.com/shouyu/_file/e/2fa2503dc16d5347.png
1987	立场	哲学	立场 左手掌心向上不动，右手食、中指指尖向下，立于左掌心。|https://d.bmcx.com/shouyu/_file/b/bab7943289d3f397.png
1988	观点	哲学	（一）一手食、中指从眼部向前指一下。（二）一手伸出食指在另一手掌心上点一|https://d.bmcx.com/shouyu/_file/5/74b38941e6798da8.png
1989	方法	哲学	双手打手指字母“F”的指式，靠近胸部两侧上下动几下。|https://d.bmcx.com/shouyu/_file/5/67f3c66145b39d0a.png
1990	办法	哲学	双手打手指字母“F”的指式，靠近胸部两侧上下动几下。|https://d.bmcx.com/shouyu/_file/5/0f7b45e9a3262bb1.png
1991	方式	哲学	（一）双手拇、食指搭成“L┑”形。（二）手指字母“SH”的指式，并水平划动几下。|https://d.bmcx.com/shouyu/_file/8/b782f608d1c3e560.png
1992	印象	哲学	（一）双手掌心上下相对，下手不动，上手向下合拢。原意即“印刷”手势，此处借用。（二）一手食、中指并拢，掌心向外，指尖向上，贴于脸颊，并微动一下，表示两者相象。|https://d.bmcx.com/shouyu/_file/4/9a49b4e390d1a9ba.png
1993	形象	哲学	（一）双手食、中指搭成“开”字形，然后右手伸出中、无名、小指在旁一撇，成“形”字形。（二）同“印象”手势（二）。|https://d.bmcx.com/shouyu/_file/0/57f87517e2e5e606.png
1994	抽象	哲学	（一）手指字母“CH”的指式。（二）同“印象”手势（二）。|https://d.bmcx.com/shouyu/_file/7/9a88d93c889dc9f5.png
1995	想象	哲学	（一）一手食指在太阳穴处转动。（二）一手食、中指并拢，掌心向外，指尖向上，贴于脸颊，并微动一下，表示两者相象。|https://d.bmcx.com/shouyu/_file/c/083cef7fb9eea7c8.png
1996	全面	哲学	（一）一手伸出拇指，在胸前转一圈。（二）双手侧伸，一手擦另一手背。意即“表面”，此处借用。|https://d.bmcx.com/shouyu/_file/4/eb5b036fdbdbe942.png
1997	片面	哲学	（一）左手侧立，手背向外不动，右手在左手背中间向下划，表示只有一部分。（二）同“全面”手势（二）。|https://d.bmcx.com/shouyu/_file/1/e2650a2b18a5c6ee.png
1998	规律	哲学	（一）一手五指并拢，指尖向上，一顿一顿地向一侧移动，表示“规矩”。（二）一手握拳，依次伸出食、中、无名、小指。|https://d.bmcx.com/shouyu/_file/2/97693fdbc5785a6e.png
1999	条件	哲学	（一）双手拇、食指伸开，相距约一寸，指尖相对，向两旁拉开。（二）左手伸出五指，右手食指将左手五指逐个弯回，象征一项一项的条件。|https://d.bmcx.com/shouyu/_file/d/855f0be266a0f96b.png
2000	原因	哲学	（一）一手拇、食指捏成小圆形。“圆”与“原”同音，此处借音示意。（二）一手食指书空“？”。|https://d.bmcx.com/shouyu/_file/e/3ce828e92bca4b71.png
2001	缘故	哲学	（一）一手拇、食指捏成小圆形。“圆”与“原”同音，此处借音示意。（二）一手食指书空“？”。|https://d.bmcx.com/shouyu/_file/4/fcb5b6c6c60acf16.png
2002	缘由	哲学	（一）一手拇、食指捏成小圆形。“圆”与“原”同音，此处借音示意。（二）一手食指书空“？”。|https://d.bmcx.com/shouyu/_file/b/4e0c69ccb5f70d7b.png
2003	因素	哲学	（一）左手五指张开，右手伸出食指，指尖从左手拇指开始依次从左向右转动，表示构成事物本质的几个成分。（二）手指字母“S”的指式。|https://d.bmcx.com/shouyu/_file/8/9da50490e0998cfa.png
2004	范畴	哲学	一手打手指字母“F”的指式，并在胸前转一圈，表示一个范围。|https://d.bmcx.com/shouyu/_file/f/68be35788ee755fb.png
2005	规模	哲学	一手打手指字母“F”的指式，并在胸前转一圈，表示一个范围。|https://d.bmcx.com/shouyu/_file/8/97f8b936f234d1f6.png
2006	界限	哲学	一手五指并拢垂下，在身边划一下，表示一条界线。|https://d.bmcx.com/shouyu/_file/4/2135ae3d0e0f6cdd.png
2007	静止	哲学	（一）双手屈肘平伸，掌心向下，在胸两侧不动。（二）一手向上伸掌顶住另一手平伸的手掌心。|https://d.bmcx.com/shouyu/_file/4/d8ce6ba59be2624c.png
2008	飞跃	哲学	（一）展开双臂，扇动两下，象征“飞”。（二）一手食、中指立于另一手掌心上，然后向前跳跃。|https://d.bmcx.com/shouyu/_file/1/2f469c12c3a27fda.png
2009	分析	哲学	分析 左手掌心向上不动，右手侧立在左掌心上，左右微动几下。|https://d.bmcx.com/shouyu/_file/0/8345354e9948a2e7.png
2010	推理	哲学	（一）一手掌心向外推动。（二）手指字母“L”的指式。|https://d.bmcx.com/shouyu/_file/a/b8e327fb88db76f2.png
2011	判断	哲学	（一）同“分析”手势。（二）一手伸掌向下一切，表示“断定”的意思。|https://d.bmcx.com/shouyu/_file/a/32bcabf266f6b539.png
2012	综合	哲学	双手五指张开，指尖向上，作弧形由两侧向中间作弧形合拢，表示“汇总”“综合”之意。|https://d.bmcx.com/shouyu/_file/f/1a4510adb9bf4153.png
2013	比较	哲学	双手伸出拇指，在胸前上下交替动几下，表示两者之间作高低比较|https://d.bmcx.com/shouyu/_file/8/ef25426c0633da8b.png
2014	汇总	哲学	双手五指张开，指尖向上，作弧形由两侧向中间作弧形合拢，表示“汇总”“综合”之意。|https://d.bmcx.com/shouyu/_file/0/9a52ba0565e92de4.png
2015	矛盾	哲学	一手伸出食指刺向另一手掌心，象征“矛”和“盾”。|https://d.bmcx.com/shouyu/_file/1/e38685d214de23af.png
2016	对立	哲学	对立 两手各伸食、中指，指尖向下，相对而立，象征两个对立方面。|https://d.bmcx.com/shouyu/_file/5/b0006e5fe36f19e6.png
2017	对抗	哲学	对抗 两手各伸食、中指，指尖向下，相对而立，象征两个对立方面。|https://d.bmcx.com/shouyu/_file/5/19bd2921e35b3531.png
2018	统一	哲学	一手五指张开，手心向内，在胸前转一圈，然后握拳伸出食指，表示统而为一。|https://d.bmcx.com/shouyu/_file/c/15cee7f876c5d956.png
2019	肯定	哲学	一手伸出食指向下一点，同时点一下头。|https://d.bmcx.com/shouyu/_file/5/e9c6ff9a0f4ffb9e.png
2020	否定	哲学	一手食、中指并拢在胸前打一个“X”。|https://d.bmcx.com/shouyu/_file/4/ca38119d8ff4ba15.png
2021	绝对	哲学	一手伸掌侧立，指尖向前，先向下一切，然后再向前伸出。|https://d.bmcx.com/shouyu/_file/a/1bb767d13e092e70.png
2022	相对	哲学	双手食、中指交叉，指尖向上，相对而立。|https://d.bmcx.com/shouyu/_file/d/433c44e4bea143c8.png
2023	偶然	哲学	（一）一手先张开五指，闪动一下后收拳伸出食指，表示许多次中只偶尔发生一次之意。（二）手指字母“R”的指式。|https://d.bmcx.com/shouyu/_file/7/f8228b666d4958ce.png
2024	平均	哲学	（一）双手平伸，掌心向下，各向两侧平行移动。（二）双手拇指与其余四指相对，相距寸许，成“[”和“]”形，表示分得的两份均同之意。|https://d.bmcx.com/shouyu/_file/9/f56c12056305b746.png
2025	平衡	哲学	（一）双手掌心向下，先叠在一起，然后向两侧移动。（二）双手伸掌，掌心向下，先上下交替微动，然后双掌保持平衡状态。|https://d.bmcx.com/shouyu/_file/1/3126693436f56259.png
2026	直接	哲学	（一）双手伸出食指，指尖相对、同时向旁直线移动。（二）双手食指指尖相触。|https://d.bmcx.com/shouyu/_file/7/86f973efc1a5f727.png
2027	间接	哲学	（一）一手食指在胸前划“>”形，象征经过一次转折。（二）同“直接”手势（二）。|https://d.bmcx.com/shouyu/_file/3/a43ae12e4cef4789.png
2028	具体	哲学	（一）手指字母“J”的指式。（二）一手伸掌捂住胸部，向下微移。|https://d.bmcx.com/shouyu/_file/e/cc543a663f18515a.png
2029	特殊	哲学	特殊 左手平伸，手背向上，右手食指从左手向外伸出。|https://d.bmcx.com/shouyu/_file/c/d9aad72a498c0527.png
2030	特别	哲学	特别 左手平伸，手背向上，右手食指从左手向外伸出。|https://d.bmcx.com/shouyu/_file/6/b490e25b384076cb.png
2031	折中	哲学	（一）手指字母“ZH”的指式。（二）右手食指搭于左手拇、食指捏成的小圆圈上，组成“中”字形。|https://d.bmcx.com/shouyu/_file/5/f451014620935f35.png
2032	个别	哲学	一手伸出食指，指尖向上，一顿一顿向旁移动|https://d.bmcx.com/shouyu/_file/f/bcd986b4b3fbf787.png
2033	一般	哲学	一手伸出食、中指，向一侧平行移动。|https://d.bmcx.com/shouyu/_file/d/1e65e119de901cac.png
2034	系统	哲学	系统 右手打手指字母“X”的指式，在上不动。左手五指撮合，指尖向下，从右手腕部的水平位向下移动，并张开五指，象征“系统”。|https://d.bmcx.com/shouyu/_file/7/7cf86d182228441f.png
2035	体系	哲学	（一）一手伸掌捂住胸部，向下微移。（二）右手握拳伸拇指在上不动。左手五指撮合，指尖向下，从右手拇指处向下移，并放开五指，表示一个系统。|https://d.bmcx.com/shouyu/_file/0/4d7b53a93ffad0cb.png
2036	主动	哲学	（一）一手食指与另一手中、无名、小指搭成“主”字形。（二）双手握拳，在胸前交替动几下。|https://d.bmcx.com/shouyu/_file/7/20ff0876b1070d13.png
2037	被动	哲学	（一）右手拇、食指揪左臂，向旁微移一下。（二）同“主动”手势（二）。|https://d.bmcx.com/shouyu/_file/b/173322819be5f687.png
2038	贯穿	哲学	（一）左手横放，五指张开。右手食指从左手拇指开始逐一向下移，表示从上而下一贯之意。（二）双手拇、食指互结成连环圈，即表示“联系”的意思。|https://d.bmcx.com/shouyu/_file/a/8cbb74cff30e4dab.png
1858	咨询	社交	（一）一手掌心向上，向前微移一下，表示征求之意。（二）一手食指从口边向上提起，象征意见。|https://d.bmcx.com/shouyu/_file/3/4131690b154f4360.png
1859	开会	社交	（一）双手掌心相对，手指伸直并拢，然后双手同时向左右两侧外翻，手背向外。（二）双手五指微曲，从两侧向中间并拢。|https://d.bmcx.com/shouyu/_file/d/9165becb26c1c531.png
1860	会见	社交	（一）两手各伸出拇、小指，由两旁向中间靠近，象征两个人会见。（二）双手食、中指微曲，指尖相对，从两旁向中间互触，表示双方想见。|https://d.bmcx.com/shouyu/_file/c/ee00be03d184d401.png
1861	接见	社交	（一）两手各伸出拇、小指，由两旁向中间靠近，象征两个人会见。（二）双手食、中指微曲，指尖相对，从两旁向中间互触，表示双方想见。|https://d.bmcx.com/shouyu/_file/7/a02aebfd5eb6b998.png
1862	接头	社交	双手食指微曲，指尖相对，从两旁向中间互触，表示接上了关系。|https://d.bmcx.com/shouyu/_file/2/a4a5025b5e796cf8.png
1863	接触	社交	双手食指微曲，指尖相对，从两旁向中间互触，表示接上了关系。|https://d.bmcx.com/shouyu/_file/2/4edc288cecfebdd0.png
1864	热烈	社交	双手五指微曲，手心向上，在胸前交替上下动几下，动作要大而快。|https://d.bmcx.com/shouyu/_file/3/050536e38aa7082f.png
1865	冷淡	社交	一手四指微弯，贴于脸颊，脸上流露冷淡的表情。|https://d.bmcx.com/shouyu/_file/d/9d5099c31d17cc98.png
1866	欢迎	社交	（一）双手鼓掌。（二）双手掌心向上，往旁移动一下，如邀请动作。|https://d.bmcx.com/shouyu/_file/b/9b6994dd86ca207c.png
1867	欢送	社交	（一）双手鼓掌。（二）双手掌心向上，向外移动，表示送客。|https://d.bmcx.com/shouyu/_file/3/22a3b2a0acfc6ede.png
1868	招呼	社交	一手伸掌，向前上下动几下，如向人打招呼。|https://d.bmcx.com/shouyu/_file/1/3c76934d7758457d.png
1869	招待	社交	（一）同“招呼”手势。（二）双手掌心向上，往旁移动一下，如邀请动作。|https://d.bmcx.com/shouyu/_file/7/22d90101c63f8fd2.png
1870	允许	社交	一手掌心向外，五指微曲，拇指不动，四指弯动两下，然后手掌翻下，向前伸出，表示准许、许可。|https://d.bmcx.com/shouyu/_file/d/90800fd87c60620b.png
1871	答应	社交	一手掌心向外，五指微曲，拇指不动，四指弯动两下（即“允许”手势），同时头微点，表示答应、答允。|https://d.bmcx.com/shouyu/_file/8/a901f9bd8c19f68b.png
1872	拒绝	社交	一手伸掌，向外推出，表情严厉，表示不同意之意。|https://d.bmcx.com/shouyu/_file/0/3e72bc79628a3c56.png
1873	要求	社交	（一）一手平伸，掌心向上，从前向后微拉。（二）双手抱拳，微动两下。|https://d.bmcx.com/shouyu/_file/c/365e266b16189f41.png
1874	需要	社交	（一）一手伸出拇、食指，指向胸前微微点动。（二）同“要求”手势（一）。|https://d.bmcx.com/shouyu/_file/b/e39067a1bde18d71.png
1875	接受	社交	双手掌心向上，平放胸前，然后向内收回并握拳，如接受别人意见、礼物等。|https://d.bmcx.com/shouyu/_file/d/4f8139015563602f.png
1876	接近	社交	双手侧立，手背向外，一前一后。在前的不动，在后的向前掌靠拢，表示靠近、亲近之意。|https://d.bmcx.com/shouyu/_file/3/9d2485e11cb2ed04.png
1877	礼貌	社交	（一）一手食指伸直，向下弯动一下。（二）一手掌捂于胸部，上身稍俯，头微低。|https://d.bmcx.com/shouyu/_file/5/dc13cbe2e051d910.png
1878	礼物	社交	（一）双手五指撮合，如捏物状，向上稍提。（二）双手食指互碰一下，同时分开五指（即“物件”手势）。|https://d.bmcx.com/shouyu/_file/e/14c78be4293a8b21.png
1879	酬谢	社交	（一）一手拇、食指搭成小圆形，象征钱；向前微伸，表示给人报酬。（二）一手伸拇指弯曲两下，即“谢谢”手势。|https://d.bmcx.com/shouyu/_file/3/0b315c3fe5d6bcad.png
1880	捐赠	社交	（一）左手掌心向上不动，右手伸掌，掌心向上，从右向左转一圈，然后改为拇、食指相捏成小圆圈，落在左手掌心上，表示捐钱（物）。（二）双手掌心向上，并排同时向前移动，表示赠送。|https://d.bmcx.com/shouyu/_file/c/a2d166a7b5b44815.png
1881	募捐	社交	（一）左手掌心向上不动，右手伸掌，掌心向上，从右向左转一圈，然后改为拇、食指相捏成小圆圈，落在左手掌心上，表示捐钱（物）。（二）双手掌心向上，并排同时向前移动，表示赠送。|https://d.bmcx.com/shouyu/_file/4/0913d69174affa22.png
1882	关系	社交	关系 两手拇、食指搭成圆圈，互相套环。|https://d.bmcx.com/shouyu/_file/7/cce482d013599cbe.png
1883	接洽	社交	双手拇、食指捏成小圆圈，互相连环，同时左右微动，象征彼此联系。|https://d.bmcx.com/shouyu/_file/9/5efd85c5dd901bc8.png
1884	通讯	社交	双手四指弯曲，与掌心成直角，指尖相对，交错移动，象征彼此信件往来，互相通报消息。|https://d.bmcx.com/shouyu/_file/a/a5d5bc46c24bba0f.png
1885	通信	社交	双手四指弯曲，与掌心成直角，指尖相对，交错移动，象征彼此信件往来，互相通报消息。|https://d.bmcx.com/shouyu/_file/e/9bfa2f48d05bb7b4.png
1886	推荐	社交	（一）一手掌心贴于另一手拇指，向前一推。（二）左手拇、食指与另一手食、中指搭成“介”字形，向外稍移，表示向人介绍。|https://d.bmcx.com/shouyu/_file/c/a456ce75ef1c370a.png
1887	委托	社交	（一）右手拍一下左肩，表示肩负的职责。（二）双手掌心向上，向外微伸，表示把责任托付给对方。|https://d.bmcx.com/shouyu/_file/4/505fad95798a27fb.png
1888	介绍	社交	一手拇、食指与另一手食、中指搭成“介”字形，向外稍移，表示向人介绍。|https://d.bmcx.com/shouyu/_file/8/c434aaca4c4b9709.png
1889	告诉	社交	一手食指微曲，从嘴部向前微伸，表示把话说给别人听|https://d.bmcx.com/shouyu/_file/f/f9ba6054e6ce6c40.png
1890	嘱咐	社交	一手食指直立不动，另一手食指从嘴部向直立的食指点动两下，象征在叮嘱一个人的样子。|https://d.bmcx.com/shouyu/_file/b/7d88d1442b70e954.png
1891	打听	社交	（一）一手食指从嘴部向前点动两下，表示询问之意。（二）一手食指指耳朵，即“听”之意。|https://d.bmcx.com/shouyu/_file/b/cf995af8d978dd0b.png
1892	估计	社交	（一）一手伸食指，在太阳穴处转一圈，表示思想。（二）双手并排，掌心向里，指尖向上分开微动几下。|https://d.bmcx.com/shouyu/_file/1/fc573bc569fa8bbc.png
1893	注意	社交	一手食、中指分开，放于眼前，指尖向前点动两下，表示注意。|https://d.bmcx.com/shouyu/_file/4/24ae4a5a7c5a63ad.png
1894	意见	社交	一手食指从口边向前上方提起。|https://d.bmcx.com/shouyu/_file/8/acc5b12abeebbe94.png
1895	意思	社交	（一）手指字母“Y”的指式。（二）一手食指在太阳穴处转一圈。|https://d.bmcx.com/shouyu/_file/9/3f6e3642449388fe.png
1896	依靠	社交	一手食指向另一手拇指靠拢，表示依赖之意。|https://d.bmcx.com/shouyu/_file/0/cfe423dd39d6b2bf.png
1897	互相	社交	双手伸掌，掌心相对，同时左右摇动。|https://d.bmcx.com/shouyu/_file/3/5a718ceb0b06da0e.png
1898	鼓励	社交	（一）双手伸出食指，交替上下动几下，如打鼓状。（二）一手食指在另一手拇指后面指动。|https://d.bmcx.com/shouyu/_file/1/4e4eabd21d5f70bb.png
1899	安慰	社交	（一）一手伸平，掌心向下，在胸前向下微按。（二）一手伸开，抚摩另一手拇指。|https://d.bmcx.com/shouyu/_file/e/4a565acf7c1ca1e9.png
1900	帮助	社交	双手掌心向外，拍动两下，表示给人援助、帮助。|https://d.bmcx.com/shouyu/_file/d/1e83833bb16e0a13.png
1901	照顾	社交	（一）同“帮助”手势。（二）一手食指、中指先指双眼，然后指尖向下，左右移动几次，表示“照看”的意思。|https://d.bmcx.com/shouyu/_file/3/507f4caf54c329a0.png
1902	勉强	社交	一手先伸小指在胸部点两下，然后改成五指微曲，手心向外，拇指不动，四指弯动两下。|https://d.bmcx.com/shouyu/_file/7/72facca9cc547754.png
1903	附和	社交	（一）一手伸出拇指，向另一手拇指靠拢。（二）一手打出手指字母“H”的指式，并左右微动。|https://d.bmcx.com/shouyu/_file/3/f0fecab53f63d78a.png
1904	调和	社交	（一）双手五指相捏，一手向上、一手向下，指尖相对，间距少许，作环形转动，意即调和。（二）同“附和”手势（二）。|https://d.bmcx.com/shouyu/_file/d/304d56c32eae83c8.png
1905	放弃	社交	双手握拳向外伸出，同时放开五指，如扔物状，表示“放弃”之意。|https://d.bmcx.com/shouyu/_file/6/8013295d757b7084.png
1906	利用	社交	利用 左手拇、小指伸出直立，右手拇、食指捏住左手拇指，在胸前转一圈，表示被人牵制利用的意思。|https://d.bmcx.com/shouyu/_file/9/5b5e280ee091e8aa.png
1907	竞争	社交	（一）双手伸出拇指，交替上下动几下。（二）一手五指伸开，从外向内移动，同时握拳，表示争夺之意。|https://d.bmcx.com/shouyu/_file/4/bc15caef5d515074.png
1908	完成	社交	双手四指并齐在上，拇指在下，四指先弯动，与拇指并拢，再向下挥动，同时放开五指。|https://d.bmcx.com/shouyu/_file/2/69442216bfceaf89.png
1909	谦让	社交	双手掌心向上，左右微动几下，上身略俯，表现谦虚待人的样子。|https://d.bmcx.com/shouyu/_file/8/91701045bdfaad22.png
1910	客气	社交	双手掌心向上，左右微动几下，上身略俯，表现谦虚待人的样子。|https://d.bmcx.com/shouyu/_file/6/f04a79eb920717b7.png
1911	节俭	社交	节俭 左手拇、食指捏成小圆圈，代表钱币；右手盖于左手拳眼上，稍微旋转，表示爱惜，引申为节俭的意思。|https://d.bmcx.com/shouyu/_file/9/b245f1425ad69ff0.png
1912	甜蜜	社交	一手先伸食指指腮边，同时以舌鼓起腮部。然后改伸出五指，拇、中指先相捏，再缓慢张开。|https://d.bmcx.com/shouyu/_file/2/1d1399c41e403ca9.png
1913	挥霍	社交	双手拇、食指捏成小圆圈，代表钱币。在腰部向外挥动，表示无节制地化钱。|https://d.bmcx.com/shouyu/_file/e/86c80a11e117bea9.png
1914	浪费	社交	双手拇、食指捏成小圆圈，代表钱币。在腰部向外挥动，表示无节制地化钱。|https://d.bmcx.com/shouyu/_file/9/5947054f50fb79c2.png
1915	优先	社交	（一）一手伸出拇指，置于另一手上，然后向上举起。（二）一手食指打另一手拇指，意即“先”。|https://d.bmcx.com/shouyu/_file/9/435430f947aa613b.png
1916	优待	社交	（一）同“优先”手势（一）。（二）一手五指相捏前伸，同时张开五指。愿意是“给”，这里引申为“待遇”。|https://d.bmcx.com/shouyu/_file/5/3bdb5496f7f71646.png
1917	参考	社交	双手靠拢在一起，掌心向上，放于胸前，如看材料状，同时头部左右微动几下，表示在参考。|https://d.bmcx.com/shouyu/_file/c/9030c525354c45ab.png
1918	考验	社交	（一）双手伸拇指，交替一上一下动几次。（二）一手食、中指并齐，在眼前左右动几下。|https://d.bmcx.com/shouyu/_file/c/908eaae0102fe8ce.png
1919	影响	社交	双手拇指和四指相捏，指尖相对，先相互接触一下，再放开五指。以物体相碰产生的声响，引申为“影响”之意。|https://d.bmcx.com/shouyu/_file/4/ece90132b97de806.png
1920	克服	社交	克服 左手伸小指，指尖向上。右手对准小指压下去，表示克服困难的意思。|https://d.bmcx.com/shouyu/_file/c/c4f9217ad8d56189.png
1921	束缚	社交	束缚 左手拇、小指伸直，右手拇、食指相捏，在左手拇指上转动，如捆人状。|https://d.bmcx.com/shouyu/_file/1/55f5300f9add3fec.png
1922	暗示	社交	暗示 左手伸掌屈肘，食指指边搭于脸侧；右手食指在左手胳膊下向左指一下。|https://d.bmcx.com/shouyu/_file/6/c7fec9ef0522a446.png
1923	讽刺	社交	（一）一手伸掌遮掩口部，脸上现出嘲笑表情。（二）一手食指从口边向外指。|https://d.bmcx.com/shouyu/_file/4/13941242ab5b7c2f.png
1924	侮辱	社交	侮辱 左手伸拇指不动，右掌推打左手拇指，象征侮辱一个人。|https://d.bmcx.com/shouyu/_file/8/bd6c5bd4dcd0d2e0.png
1925	欺骗	社交	一手五指并拢成尖形，以腕部转动。|https://d.bmcx.com/shouyu/_file/a/aa1a216eb6466b52.png
1926	报复	社交	一手握拳，先打一下自己，表示受到别人打击，再向外挥拳，表示回击、报复。|https://d.bmcx.com/shouyu/_file/f/877fa67839ec16d8.png
1927	吵架	社交	双手拇、食指相捏，指尖相对，反复张合几次象征双方吵嘴状。|https://d.bmcx.com/shouyu/_file/9/ff62260362ff7236.png
1928	打架	社交	双手握拳互击，象征两个人在打架。|https://d.bmcx.com/shouyu/_file/b/27a2781f0426a821.png
1929	完了	社交	一手五指分开，掌心向外，缓缓下移，同时撮合五指，再向下一甩，同时五指开放。|https://d.bmcx.com/shouyu/_file/4/d732f874c2173858.png
1930	算了	社交	双手五指向上张开，手背互碰一下，并用腕部向下甩动。|https://d.bmcx.com/shouyu/_file/8/b42b9a6406a2604c.png
1931	作罢	社交	双手五指向上张开，手背互碰一下，并用腕部向下甩动。|https://d.bmcx.com/shouyu/_file/5/e5c1a0379204fa01.png
1932	请	社交	双手掌心向上，在腰部向旁移，表示邀请之意|https://d.bmcx.com/shouyu/_file/4/5251db0bf1f35a60.png
1933	谢谢	社交	一手伸出拇指，弯曲两下，表示向人感谢。|https://d.bmcx.com/shouyu/_file/0/233beab7519f9a2c.png
1934	敬礼	社交	一手五指并拢贴于额际，如军人行军礼状。|https://d.bmcx.com/shouyu/_file/e/cf55a0bdc8681fbc.png
1935	称赞	社交	（一）双手鼓掌，表示赞美。（二）一手伸出大拇指，表示好、钦佩。|https://d.bmcx.com/shouyu/_file/8/e09681b71c6bff13.png
1936	劳驾	社交	（一）一手握拳敲打另一手臂部，表示劳累。（二）一手伸出拇指，弯曲两下，表示向人感谢。|https://d.bmcx.com/shouyu/_file/1/fddb72320802a9fa.png
1937	再见	社交	一手上举，五指自然伸出，手腕挥动两下。这是一般的“再见”手势。|https://d.bmcx.com/shouyu/_file/a/44f9c018f4e6518a.png
1938	等候	社交	一手背贴于颏下，表示张望、等候之意。|https://d.bmcx.com/shouyu/_file/6/6b9fac96003f4b07.png
1939	对不起	社交	一手五指并拢，举于额际，先做“敬礼”手势，然后下放改伸小指，在胸部点几下，表示向人致歉并自责之意。|https://d.bmcx.com/shouyu/_file/4/bc9eb55c1c5ffe10.png
1940	原谅	社交	一手拇、食指握成小圆形，向前微伸，并点头。|https://d.bmcx.com/shouyu/_file/d/66050a6359205743.png
1941	麻烦	社交	一手五指微曲，以指尖在前额处点动几下。|https://d.bmcx.com/shouyu/_file/3/793227b9238d4048.png
1942	受累	社交	（一）双手伸出，掌心向上，由前向后微拉，同时五指并拢。（二）一手握拳敲打另一手臂部，表示劳累。|https://d.bmcx.com/shouyu/_file/d/eebd5c95904d2886.png
1943	辛苦	社交	（一）一手握拳敲打另一侧臂部，脸现倦容，表示劳累之意。（二）一手拇、食指相捏，置于嘴边，脸上有苦味状。|https://d.bmcx.com/shouyu/_file/e/3e8fe2e2d6ea404b.png
1944	鞠躬	社交	鞠躬 即弯腰低头动作。|https://d.bmcx.com/shouyu/_file/2/c09b095c1b0cc813.png
1945	庆祝	社交	（一）双手抱拳作揖状。（二）双手鼓掌。|https://d.bmcx.com/shouyu/_file/b/96f5f681fb07567b.png
1946	祝贺	社交	（一）双手鼓掌。（二）双手抱拳作揖状。（图示数字有误）|https://d.bmcx.com/shouyu/_file/2/88b4cdff52b4cf79.png
1947	陪	社交	双手食指向上伸直，一左一右，同时向前移动，如一个人陪着另一个人。|https://d.bmcx.com/shouyu/_file/e/1b4d941845bc1ae7.png
1948	留	社交	双手平伸，一上一下，上面的手掌拍一下下面的手背，同时向下一按，表示保留。|https://d.bmcx.com/shouyu/_file/f/1c50f78383707344.png
1949	要	社交	一手平伸，掌心向上，由外向里微微拉动。|https://d.bmcx.com/shouyu/_file/b/d31edab1072aaa7e.png
1950	借	社交	一手先打手指字母“J”的指式，再打“要”手势。|https://d.bmcx.com/shouyu/_file/0/6006cee0aec6dce6.png
1951	还	社交	一手五指虚握，掌心向上，向外伸出，张开手掌，如把物品归还给别人。|https://d.bmcx.com/shouyu/_file/6/e4a8815e5e455a80.png
1952	给	社交	一手五指虚握，掌心向上，向外伸出，张开手掌，如把物品归还给别人。|https://d.bmcx.com/shouyu/_file/a/849ae751152e5ca9.png
1953	换	社交	双手食指指尖向上，一左一右互相交换位置。|https://d.bmcx.com/shouyu/_file/f/3ed9a5c6bd7ffc17.png
1954	代替	社交	双手食指指尖向上，一左一右互相交换位置。|https://d.bmcx.com/shouyu/_file/e/fe600c4592958a30.png
1955	晚了	社交	晚了 左手侧立不动，右手伸出拇、食指，拇指尖抵与左掌心，食指往下弯动，表示过了时间。|https://d.bmcx.com/shouyu/_file/7/b6f77e976761295b.png
1956	到处	社交	到处 社交一手拇、小指伸直，一顿一顿移动几次。|https://d.bmcx.com/shouyu/_file/2/72f56f22b6c5ddcd.png
1957	按时	社交	（一）双手平伸，掌心向上，左手不动，右手向左手移过来并在一起，表示“对照”。（二）一手拇、食指伸直，拇指指尖抵于另一手掌心，食指向下转动。|https://d.bmcx.com/shouyu/_file/6/68ab75081e3dfa9b.png
1958	一会儿	社交	（一）一手拇指捏住食指指尖，微微抖动几下。（二）同“按时”手势（二）。|https://d.bmcx.com/shouyu/_file/0/48c51fc0bd8c48c2.png
1959	来不及	社交	（一）同“按时”手势（二）。（二）一手握拳，伸出小指向下摇动几下。|https://d.bmcx.com/shouyu/_file/a/056101e888525f58.png
1960	关照	社交	（一）同“帮助”手势。（二）一手食指、中指先指双眼，然后指尖向下，左右移动几次，表示“照看”的意思。|https://d.bmcx.com/shouyu/_file/6/e0de9cef4808d4a8.png
1961	初次	社交	初次 左手打手指字母“C”的指式；右手伸食指指尖朝上，置于左手上方|https://d.bmcx.com/shouyu/_file/4/b21937fba6113b45.png
1962	见	社交	见 两手各伸出拇、小指，由两旁向中间靠近，象征两个人会见|https://d.bmcx.com/shouyu/_file/b/b18f1b049c16bdb2.png
1963	祝愿	社交	（一）双手抱拳，前后微动几下
（二）一手拇、食指微曲，指尖低于下颌，头微微点动一下，面露微笑|https://d.bmcx.com/shouyu/_file/no_picture.png
1964	仪式	社交	（一）右手握拳，在胸前上下动几下，如同手持仪仗。
（二）右手打手指字母“SH”的指式，并向右侧微移一下。|https://d.bmcx.com/shouyu/_file/no_picture.png
1965	迎	社交	双手掌心向上，往旁移动一下，如邀请动作。|https://d.bmcx.com/shouyu/_file/no_picture.png
1966	欢迎光临	社交	（一）双手鼓掌。（二）双手掌心向上，往旁移动一下，如邀请动作。（欢迎的手势）|https://d.bmcx.com/shouyu/_file/b/9b6994dd86ca207c.png
805	唱盘	日用品	（一）一手伸出食指，放于喉部，头左右晃动，表示唱歌。（二）左手伸出，掌心朝上，置于胸前并转动；右手食指朝下不动，置于左手掌心，如放唱片。|https://d.bmcx.com/shouyu/_file/f/1ac9e1492c83f19f.png
806	抽屉	日用品	一手五指成“冂”形，手背向上；另一手五指弯曲，掌心向上，从“冂”形中往外拉动两下。|https://d.bmcx.com/shouyu/_file/2/90f436b6907851ca.png
807	抽油烟机	日用品	（一）左手平伸，掌心向下；右手置于左手下，五指先张开，再向后移动并收拢五指。（二）一手伸出拇、小指，指尖向上，转两圈。（三）双手五指弯曲，四指大关节交错相触，转动几下。|https://d.bmcx.com/shouyu/_file/b/68d6dfc1a0015412.png
808	床罩	日用品	（一）双手食、小指向上伸直，中、无名指与掌成进角，指尖相触，拇指自然弯曲。（二）双手张开掌心向下，向两侧下方作弧形滑形。|https://d.bmcx.com/shouyu/_file/d/a40bb58164195ad9.png
809	吹风机	日用品	（一）一手拇、食、中指成“└”形，食指尖在眉稍与耳朵之间来回移动，同时口作吹风状。（二）同“抽油烟机”手势（双手五指弯曲，四指大关节交错相触，转动几下。）|https://d.bmcx.com/shouyu/_file/c/31c605398aa70d20.png
810	搓板	日用品	（一）双手平伸，掌心向下，向前下主来回搓动两下。（二）双手拇、食指伸出成“[]”形，从中间向两侧拉开，表示木板。|https://d.bmcx.com/shouyu/_file/3/6a095897bafbbbfe.png
811	大头针	日用品	（一）右手食指伸出，做别物动作。（二）一手拇、食指相距3厘米，表示大头针的大小。|https://d.bmcx.com/shouyu/_file/9/710f8b3a74816025.png
812	垫子	日用品	垫子 左手平伸，掌心向下；右手五指成“]”形，置于左手下并捏动几下。|https://d.bmcx.com/shouyu/_file/1/8be42ad066473894.png
813	灯罩	日用品	（一）一手五指撮合，指尖朝下，然后放开五指。（二）双手掌心相对，手指弯曲成圆形，然后作上小下大的状的滑动。|https://d.bmcx.com/shouyu/_file/0/69170a4738c06c82.png
814	斗笠	日用品	双手指尖在头上搭成“∧”形，然后边向下滑动，边将双手拇、食指在头的两侧搭成大圆形。|https://d.bmcx.com/shouyu/_file/c/247abca7d76b3ee1.png
815	斗篷	日用品	双手指尖在头上搭成“∧”形，然后边向下滑动，边向身体两侧张开。|https://d.bmcx.com/shouyu/_file/1/391812b15a7446b3.png
816	按钮	日用品	一手伸出大拇指，向前按动几下。|https://d.bmcx.com/shouyu/_file/6/25658f5e21c2eafc.png
817	耳机	日用品	双手拇、食指相对从头顶划到耳部，然后双手五指微曲扣在耳朵上。|https://d.bmcx.com/shouyu/_file/f/b33f3e1ec24b3193.png
818	发胶	日用品	（一）一手置于头的侧部，四指弯曲，拇指往下压两下，作喷发胶的动作。（二）一手拇、中指相捏开合两下。|https://d.bmcx.com/shouyu/_file/5/31caefcd5eb9fcac.png
819	发乳	日用品	（一）一手置于头的侧部，四指弯曲，拇指往下压两下，作喷发胶的动作。（二）一手拇、中指相捏开合两下。|https://d.bmcx.com/shouyu/_file/7/9b407e58edd3fa27.png
820	棍棒	日用品	双手作握棍状，然后斜向拉开。|https://d.bmcx.com/shouyu/_file/0/7c8f61e88c701659.png
821	棍子	日用品	双手作握棍状，然后斜向拉开。|https://d.bmcx.com/shouyu/_file/7/566ec1efd2b1b2b7.png
822	棒	日用品	双手作握棍状，然后斜向拉开。|https://d.bmcx.com/shouyu/_file/2/339618290196cce6.png
823	棍	日用品	双手作握棍状，然后斜向拉开。|https://d.bmcx.com/shouyu/_file/7/ab06971c4d303f31.png
824	护肤霜	日用品	（一）左手伸出拇指；右手微曲绕左手半圈。（二）一手拇、食指捏一下另一手背的皮肤。（三）左手平伸，掌心向下；右手贴于左手背上擦几下。|https://d.bmcx.com/shouyu/_file/9/571b14255ada23e0.png
825	话筒	日用品	一手五指弯曲收拢，放于嘴前。|https://d.bmcx.com/shouyu/_file/5/438709d4f5cfed87.png
826	麦克风	日用品	一手五指弯曲收拢，放于嘴前。|https://d.bmcx.com/shouyu/_file/c/5e3cc8033cb23614.png
827	换气扇	日用品	（一）双手食指指尖向上，一左一右互相交换位置。（二）一手打手指字母“Q”的指式，并指向鼻孔。（三）一手掌心向外，五指分开，转动几下。|https://d.bmcx.com/shouyu/_file/7/94997cb1b2b5645e.png
828	回形针	日用品	（一）左手在前，中、无名、小指向右伸出；右手在后，食、中、无名、小指进直立，手背向外，两手搭成“曲”字形。（二）右手拇、食指相捏，向下做别东西的动作。|https://d.bmcx.com/shouyu/_file/5/8f07a8629e0420b8.png
829	曲别针	日用品	（一）左手在前，中、无名、小指向右伸出；右手在后，食、中、无名、小指进直立，手背向外，两手搭成“曲”字形。（二）右手拇、食指相捏，向下做别东西的动作。|https://d.bmcx.com/shouyu/_file/1/b0bc1a6233b8a47a.png
830	计算器	日用品	（一）一手五指伸直，从拇指起依次逐一弯曲，表示计算。（二）左手平伸；右手食指在左掌心上点几下。|https://d.bmcx.com/shouyu/_file/f/a998683fc7ba42ae.png
831	加湿器	日用品	（一）右手拇、食指捏成小圆圈，贴在左掌心上。（二）一手拇、食指与四指相对，并捏动几下。（三）同“抽油烟机”手势（双手五指弯曲，四指大关节交错相触，转动几下。）|https://d.bmcx.com/shouyu/_file/9/b9f1ea24b46eef89.png
832	胶水	日用品	（一）一手拇、食、中指相捏，再慢慢张开。（二）一手平伸，掌心向下，向一侧作波纹状微移。|https://d.bmcx.com/shouyu/_file/b/8f6d036ade6c23ba.png
833	镜框	日用品	（一）一手直立，掌心向内，作照镜子状。（二）双手拇、食指虚捏向两侧拉开，再向下折。|https://d.bmcx.com/shouyu/_file/e/4da9c9f5dce6138e.png
834	卷笔刀	日用品	（一）左手虚捏拳，手背向上；右手伸食指在左拳眼里转动几下。（二）一手食指在另一手的食指上削一下。|https://d.bmcx.com/shouyu/_file/2/cd318919609c5274.png
835	空调	日用品	（一）一手打手指字母“Q”的指式，伸向鼻孔。（二）双手五指撮合，指尖相对，一上一下，然后交替划圈。（三）同“抽油烟机”手势（双手五指弯曲，四指大关节交错相触，转动几下。）|https://d.bmcx.com/shouyu/_file/2/18f1a1538a225d0b.png
836	口红	日用品	（一）一手食指指尖沿嘴划一圈。（二）一手拇、食指相捏，然后在唇部做涂抹的动作。|https://d.bmcx.com/shouyu/_file/5/7c18a2b710c85818.png
837	矿泉壶	日用品	（一）手指字母“K”的指式。（二）左手平伸，掌心向下；右手五指撮合，指尖从左手内侧伸出，同时放开五指。（三）双手手指弯曲成半圆形，掌心相对，然后向下滑动，仿矿泉壶的外形。|https://d.bmcx.com/shouyu/_file/e/76e87bd2a45b6054.png
838	沐浴器	日用品	（一）一手五指撮合，指尖朝下，放于头顶上方，然后五指放开。（二）双手五指分开，掌心贴于胸部，上下交替擦动。（三）同“抽油烟机”手势（双手五指弯曲，四指大关节交错相触，转动几下。）|https://d.bmcx.com/shouyu/_file/c/8e06a44655f2b30a.png
839	淋浴	日用品	（一）一手五指撮合，指尖朝下，放于头顶上方，然后五指放开。（二）双手五指分开，掌心贴于胸部，上下交替擦动。（三）同“抽油烟机”手势（双手五指弯曲，四指大关节交错相触，转动几下。）|https://d.bmcx.com/shouyu/_file/b/6af48f3698fb0493.png
840	麻袋	日用品	（一）手指字母“M”的指式。（二）双手掌心向上，手指搭成网状然后兜起。|https://d.bmcx.com/shouyu/_file/6/c496e24ded5d0f39.png
841	沐浴	日用品	（一）一手五指撮合，指尖朝下，放于头顶上方，然后五指放开。（二）双手五指分开，掌心贴于胸部，上下交替擦动。,2)|https://d.bmcx.com/shouyu/_file/3/c6a901e872f62bd3.png
842	煤气罐	日用品	（一）手指字母“M”的指式。（二）一手打手指字母“Q”的指式，置于鼻孔处。（三）双手五指弯曲，掌心相对，然后作上小下大样的移动，模仿煤气罐的外形。|https://d.bmcx.com/shouyu/_file/2/bc898d6d8c488495.png
843	液化气瓶	日用品	（一）手指字母“M”的指式。（二）一手打手指字母“Q”的指式，置于鼻孔处。（三）双手五指弯曲，掌心相对，然后作上小下大样的移动，模仿煤气罐的外形。|https://d.bmcx.com/shouyu/_file/4/b9d6d94abc1a2a51.png
844	煤气灶	日用品	（一）同“煤气罐”的手势（手指字母“M”的指式。）（二）同“煤气罐”的手势（一手打手指字母“Q”的指式，置于鼻孔处。）（三）双手五指微曲，掌心向上，晃动两下。|https://d.bmcx.com/shouyu/_file/e/0d76c69b41389f57.png
845	摩丝	日用品	（一）左手张开，掌心向上；右手四指弯曲，拇指在上作挤摩丝的动作。（二）左手掌心向下，在头上转动两圈，作抹摩丝的动作。|https://d.bmcx.com/shouyu/_file/5/282ab9a904dde35f.png
846	墨镜	日用品	（一）一手打手指字母“H”的指式，并在头发上摸一下。（二）一手拇、食指捏成圆形，贴在眼部。|https://d.bmcx.com/shouyu/_file/0/c298fbaecd8ceed6.png
847	霓虹灯	日用品	（一）手指字母“N”的指式。（二）一手打手指字母“H”的指式，在眼前划一大弧形。（三）一手五指撮合，指尖朝下，然后五指放开。|https://d.bmcx.com/shouyu/_file/5/2c8f1870283d198f.png
848	暖气	日用品	（一）双手微曲，掌心向上，由腹部慢慢移到胸部。（二）双手五指伸开，掌心向外，从上往下滑动，模仿暖气片外形。|https://d.bmcx.com/shouyu/_file/8/9d67976ab9debf43.png
849	喷壶	日用品	（一）五指微曲朝下，来回移动，表示喷洒之意。（二）一手伸拇、小指，拇指向下倾斜。|https://d.bmcx.com/shouyu/_file/6/0e2823e94c19302c.png
850	屏风	日用品	双手并拢，掌心相对，然后分别向两侧作折迭状移动。|https://d.bmcx.com/shouyu/_file/1/08adfc4842980864.png
851	热水瓶	日用品	（一）同“暖气”手势（双手微曲，掌心向上，由腹部慢慢移到胸部。）（二）一手平伸，掌心向下，向一侧作波纹状移动 。（三）双手搭成圆形，作上细下粗的移动，模仿热水瓶外形。|https://d.bmcx.com/shouyu/_file/d/725d10b01cc22a1c.png
852	暖瓶	日用品	（一）同“暖气”手势（双手微曲，掌心向上，由腹部慢慢移到胸部。）（二）一手平伸，掌心向下，向一侧作波纹状移动 。（三）双手搭成圆形，作上细下粗的移动，模仿热水瓶外形。|https://d.bmcx.com/shouyu/_file/5/3f11c05e76999326.png
853	闪光灯	日用品	闪光灯 右手食指弯曲，放于眼前；左手五指撮合，指尖朝外，置于头左侧。然后右手食指作按快门动作，左手五指随之张开。|https://d.bmcx.com/shouyu/_file/9/34b638396e387a15.png
854	手杖	日用品	（一）同“手帕”手势（一手拍另一手背。）（二）一手五指虚握，虎口向外，并向前一顿一顿移动，如握手杖走路。|https://d.bmcx.com/shouyu/_file/4/3a45b5cf0271235f.png
855	书包	日用品	（一）双手掌心相合，然后向两边摊开，如翻开书状。（二）右手从左肩划至腰部，表示书包的背带。|https://d.bmcx.com/shouyu/_file/4/24c1d4c64456e86c.png
856	刷子	日用品	（一）一手五指微曲，朝下来回移动，作洗刷状。（二）手指字母“Z”的指式。|https://d.bmcx.com/shouyu/_file/6/2f115ceed637f71e.png
857	水龙头	日用品	（一）一手平伸，掌心向下，向一侧作波纹状移动。（二）一手拇、食、中指弯曲并转动，作拧水龙头动作。|https://d.bmcx.com/shouyu/_file/3/b34f7000bfedb132.png
858	塑料袋	日用品	（一）右手五指包住右拳，捏动几下。（二）双手先以食指互碰一下，然后分开并张开五指。（三）左手五指微曲，掌心向下；右手插入左掌心，如装袋子状。|https://d.bmcx.com/shouyu/_file/3/9eabbba6f75eacc7.png
859	台灯	日用品	台灯 右手五指朝下张开，左手伸出食指顶住右手腕部。|https://d.bmcx.com/shouyu/_file/e/5fdab5af871d6170.png
860	图钉	日用品	一手伸拇指，朝下转动几下，作按图钉状。|https://d.bmcx.com/shouyu/_file/1/51f939fa4b7c1696.png
861	摁钉	日用品	一手伸拇指，朝下转动几下，作按图钉状。|https://d.bmcx.com/shouyu/_file/e/7330c2d8e01640a4.png
862	拖鞋	日用品	（一）双手食中指搭成“╳”形，然后向两侧拉开。（二）左手五指微曲，掌心向下；右手指尖插入左掌心，如穿鞋状。|https://d.bmcx.com/shouyu/_file/4/927564bf19d9196f.png
863	网兜	日用品	（一）双手五指分开，交叉相叠，手背向下，由下向上移。（二）一手握拳作提网兜状。|https://d.bmcx.com/shouyu/_file/d/81e2055f12810f6a.png
864	微波炉	日用品	（一）一手拇指与小指指尖相捏，并微微抖动几下。（二）一手平伸，掌心向下，作波纹状移动。（三）双手平伸，手背向上，从上向下做“[]”形移动，模仿微波炉外形。|https://d.bmcx.com/shouyu/_file/3/bc31378ded792ad4.png
865	吸尘器	日用品	（一）一手五指伸开，向后边移动边收拢五指，如吸气状。（二）一手拇、食、中指互捻。（三）同“抽油烟机”手势（双手五指弯曲，四指大关节交错相触，转动几下。）|https://d.bmcx.com/shouyu/_file/b/2fa2a1f7d88568e7.png
866	洗涤剂	日用品	（一）双手模仿“洗”的动作。（二）一手虎口朝斜下方，五指作从瓶子中挤液体的动作。|https://d.bmcx.com/shouyu/_file/4/303d398d5cfb470a.png
867	香水	日用品	（一）一手拇、食指在鼻孔前捻动，然后伸出拇指。（二）一手拇指伸出，其余四指弯曲，然后拇指在两肩作喷香水动作。|https://d.bmcx.com/shouyu/_file/a/cebf5c9a31937859.png
868	摇篮	日用品	（一）手指字母“M”的指式。（二）一手打手指字母“Q”的指式，置于鼻孔处。（三）双手五指弯曲，掌心相对，然后作上小下大样的移动，模仿煤气罐的外形。|https://d.bmcx.com/shouyu/_file/7/fdf3149c3ff1089c.png
869	印泥	日用品	（一）一手拇、食、中指撮合，指尖按在另一手掌心上。（二）一手拇、食、中指相捏，再张开两下。|https://d.bmcx.com/shouyu/_file/e/1675deb31826cdd6.png
870	音响	日用品	（一）一手食指置于耳旁，并左右动几下。（二）双手五指撮合置于胸前，向前放开五指，表示播放音乐。|https://d.bmcx.com/shouyu/_file/b/d45cf83d0dec9b8e.png
871	游戏机	日用品	（一）双手伸出拇、小指，左右交替转动。（二）同“抽油烟机”手势（双手五指弯曲，四指大关交错相触，转动几下。）|https://d.bmcx.com/shouyu/_file/6/ecd0f376b1ce48d0.png
872	游戏卡	日用品	（一）同“游戏机”手势（双手伸出拇、小指，左右交替转动。）（二）一手五指呈“]”状，四指指背向外，然后在另一掌心上作插下的动作。|https://d.bmcx.com/shouyu/_file/a/6a3c3c6f26e6b0d5.png
873	圆珠笔	日用品	（一）一手拇、食指捏成小圆形。（二）一手如执笔写字状。|https://d.bmcx.com/shouyu/_file/6/3945c81e21525589.png
874	月票	日用品	一手作上衣兜掏东西的动作，然后手前伸，掌心向上，表示出示月票。|https://d.bmcx.com/shouyu/_file/b/ae4228314444bec0.png
875	熨斗	日用品	熨斗 左手向右平伸，掌心向上；右手虎口向左，五指虚握，然后在左掌心上来回移动，如熨衣服状。|https://d.bmcx.com/shouyu/_file/4/f58cc377f320a5f4.png
876	枕巾	日用品	（一）一手掌心捂于头侧，头微倾，闭眼，如睡觉状。（二）双手向前平伸，掌心相对同毛巾宽度，向后微拉。|https://d.bmcx.com/shouyu/_file/8/d9e9899cd6f515ad.png
877	枕套	日用品	（一）同“枕巾”手势（一手掌心捂于头侧，头微倾，闭眼，如睡觉状。）（二）一手五指成“［”，套入另一手掌，如套枕套动作。|https://d.bmcx.com/shouyu/_file/a/e9fd9476e2841e50.png
878	钟	日用品	钟 左手叉开，指尖朝下成“∩”形，如钟的形状；右手拇、食批相捏在左手下左右移动两下，表示敲钟。|https://d.bmcx.com/shouyu/_file/0/6258bb75a35862c8.png
879	坐垫	日用品	（一）一手伸出拇、小指，坐于另一手掌心上。（二）同“垫子”手势（左手平伸，掌心向下；右手五指成“]”形，置于左手下并捏动几下。）|https://d.bmcx.com/shouyu/_file/0/8afc400a097f191f.png
880	家具	日用品	（一）双手指尖搭乘“＾”形（二）双手食指互碰一下，同时分开五指（即“物件”手势）。|https://d.bmcx.com/shouyu/_file/f/0d596c6c4272e374.png
881	床	日用品	双手食、小指向上伸直，中、无名指与掌成直角，指尖相触，拇指自然微曲，搭乘“床”形状。|https://d.bmcx.com/shouyu/_file/d/ec0f28e1af9d5997.png
882	桌子	日用品	双手平伸，掌心向下，从中间向左右平移，成“┌┐”形，如桌子状。|https://d.bmcx.com/shouyu/_file/d/712c69a9d0def0ef.png
883	桌	日用品	双手平伸，掌心向下，从中间向左右平移，成“┌┐”形，如桌子状。|https://d.bmcx.com/shouyu/_file/9/6645a9591583eb12.png
884	椅子	日用品	椅子 左手直伸，右手四指与左掌成直角，指尖抵住左掌心，如椅子形状。|https://d.bmcx.com/shouyu/_file/d/54a591b9f665c598.png
885	椅	日用品	椅 左手直伸，右手四指与左掌成直角，指尖抵住左掌心，如椅子形状。|https://d.bmcx.com/shouyu/_file/d/af7807542f8c075e.png
886	凳子	日用品	（一）双手伸掌作四方形，表示凳子形状。（二）右手伸拇、小指，坐在左掌心上。|https://d.bmcx.com/shouyu/_file/2/898a01da3a248060.png
887	板凳	日用品	（一）双手伸掌作四方形，表示凳子形状。（二）右手伸拇、小指，坐在左掌心上。|https://d.bmcx.com/shouyu/_file/3/29a68639d1c5d596.png
888	茶几	日用品	（一）一手虚握成半圆形，另一手拇、食、中指撮合，向半圆形中一甩，如向杯中放茶叶状。（二）双手平伸，掌心向下，从中间向左右平移，成“┌┐”形，如桌子状。|https://d.bmcx.com/shouyu/_file/6/d415f4171b9cdcd6.png
889	沙发	日用品	（一）双手五指成“[”“]”形，指尖相对，捏动几下，表示弹性。（二）右手伸拇、小指，坐在左掌心上，并上下微动，象征沙发的弹性。|https://d.bmcx.com/shouyu/_file/5/7641d4535d3e2368.png
890	衣箱	日用品	（一）一手拇、食指揪一下胸前衣服。（二）左手五指成“[”形，虎口向上。右手掌心盖在左手虎口上，并向上翻，如打开箱盖状。|https://d.bmcx.com/shouyu/_file/8/ec63371a4e7ac214.png
891	衣橱	日用品	（一）同“衣箱”手势（一）。（二）双手平伸，高齐肩，分向左右微移，再折而向下拉，象征衣橱外形。书橱、碗橱等均用此手势。|https://d.bmcx.com/shouyu/_file/0/b742c1059bab4052.png
892	碗橱	日用品	（一）同“衣箱”手势（一）。（二）双手平伸，高齐肩，分向左右微移，再折而向下拉，象征衣橱外形。|https://d.bmcx.com/shouyu/_file/4/37fb4ca55cc676ab.png
893	衣柜	日用品	（一）同“衣箱”手势（一）。（二）双手平伸，高齐肩，分向左右微移，再折而向下拉，象征衣橱外形。书橱、碗橱等均用此手势。|https://d.bmcx.com/shouyu/_file/f/2cb54f085449e77a.png
894	床单	日用品	（一）双手食、小指向上伸直，中、无名指与掌成直角，指尖相触，拇指自然微曲，搭乘“床”形状。（二）双手平伸，掌心向下，由中间向两旁移动，再折而向下，如铺床单动作。|https://d.bmcx.com/shouyu/_file/3/e5d210315183fe49.png
895	被单	日用品	（一）双手食、小指向上伸直，中、无名指与掌成直角，指尖相触，拇指自然微曲，搭乘“床”形状。（二）双手平伸，掌心向下，由中间向两旁移动，再折而向下，如铺床单动作。|https://d.bmcx.com/shouyu/_file/c/06390e20b9c5d98c.png
896	被子	日用品	双手五指虚撮，如捏被子，从腹部上拉至胸部，模仿睡觉时盖被状。|https://d.bmcx.com/shouyu/_file/5/bdd12559f6f92eb8.png
897	褥子	日用品	（一）一手掌心贴在脸上，头微侧，眼微闭，如睡觉状。（二）双手五指成“[”“]”形，向两边拉开，象征褥子。|https://d.bmcx.com/shouyu/_file/7/e0840af9861d0fec.png
898	枕头	日用品	（一）双手五指微曲，手背向上先往两旁移动，再微向下折，如枕头状。（二）同“褥子”手势。|https://d.bmcx.com/shouyu/_file/c/f5723514089173fe.png
899	蚊帐	日用品	（一）一手伸拇、食、小指，食指指尖在另一手背上点一下，象征蚊子叮人动作。（二）双手搭成圆形，由上向下移，边移边扩大，如蚊帐状。|https://d.bmcx.com/shouyu/_file/0/647868577920f70c.png
900	凉席	日用品	（一）一手背贴于面颊，表示凉爽。（二）双手平伸，掌心向下，从中间向两旁平移，如铺凉席。|https://d.bmcx.com/shouyu/_file/2/4285d9cea8aa8662.png
901	毛毯	日用品	（一）一手五指在另一手背上轻抚一下，如抚摸毛皮状。（二）双手平伸，手背向上，往两边铺开。|https://d.bmcx.com/shouyu/_file/a/87e3ebba169cb592.png
902	地毯	日用品	(一）以食指向下指点一下。（二）同“毛毯”手势（二）。|https://d.bmcx.com/shouyu/_file/d/a2fbdc8827d6f7ea.png
903	帘子	日用品	（一）双手伸食指，从中间向两边移动，然后再往下拉，成“┌┐”形。（二）一手手背向外，从上向下移，象征帘子形状。|https://d.bmcx.com/shouyu/_file/f/45cc49c9c6c8fa1c.png
904	脸盆	日用品	（一）一手在恋部转动，如洗恋状。（二）双手伸拇、食指搭成大圆形，如脸盆大小。|https://d.bmcx.com/shouyu/_file/6/b868d2e127061d39.png
905	痰盂	日用品	（一）一手食指微曲，从口边向下指，表示吐痰。（二）双手拇、食指搭成圆形，由上向下移动，如痰盂形状。|https://d.bmcx.com/shouyu/_file/5/1fcbdb4a6c2defd3.png
906	烟盂	日用品	烟盂 左手拇、食指作半圆形，象征烟盂；右手如执烟向烟盂中作弹灰动作。|https://d.bmcx.com/shouyu/_file/4/e4325447223dbb08.png
907	烟缸	日用品	烟缸 左手拇、食指作半圆形，象征烟盂；右手如执烟向烟盂中作弹灰动作。|https://d.bmcx.com/shouyu/_file/7/984a52ada15b930d.png
908	烟灰缸	日用品	烟灰缸 左手拇、食指作半圆形，象征烟盂；右手如执烟向烟盂中作弹灰动作。|https://d.bmcx.com/shouyu/_file/d/333f3616871b5e54.png
909	茶壶	日用品	（一）一手虚握成半圆形，另一手拇、食、中指撮合，向半圆形中一甩，如向杯中放茶叶状。（二）一手伸拇、小指，小指弯曲，模仿茶壶的外形。|https://d.bmcx.com/shouyu/_file/0/a87796d2522b99e5.png
910	纸篓	日用品	（一）一手向下甩，如扔废纸状。（二）双手五指先交叉搭在一起，再向两边分开作圆形，如纸篓形状。|https://d.bmcx.com/shouyu/_file/9/d38bc8a82b3ba3aa.png
911	废纸篓	日用品	（一）一手向下甩，如扔废纸状。（二）双手五指先交叉搭在一起，再向两边分开作圆形，如纸篓形状。|https://d.bmcx.com/shouyu/_file/0/f9c08377f7cf428d.png
912	盒子	日用品	双手五指弯曲，一上一下，如“┌┐”“└┘”形，上手向下手扣合，如盖盒子状。|https://d.bmcx.com/shouyu/_file/f/727393bd34639ba4.png
913	浆糊	日用品	（一）右手食指在左掌心中抹一下，如抹浆糊。（二）一手拇指与食、中指捏合几次，如粘贴状。|https://d.bmcx.com/shouyu/_file/9/21a6fd8f97023059.png
914	肥皂	日用品	（一）双手互搓，如擦肥皂状。（二）双手拇、食指搭成长方形，象征肥皂块。|https://d.bmcx.com/shouyu/_file/2/ce9e1e505817fc32.png
915	牙刷	日用品	一手伸食指在口边来回移动，如刷牙动作。|https://d.bmcx.com/shouyu/_file/8/c141c0f83cb2ba1b.png
916	刷牙	日用品	一手伸食指在口边来回移动，如刷牙动作。|https://d.bmcx.com/shouyu/_file/b/02102c5b795153ce.png
917	牙膏	日用品	牙膏 左手食指横放，右手如执牙膏向左手食指作挤牙膏动作。|https://d.bmcx.com/shouyu/_file/b/4f96dd17f2f3d311.png
918	毛巾	日用品	（一）一手在脸部转动几下，如洗恋状。（二）双手向前平伸，掌心相对如毛巾宽度，向后微拉。|https://d.bmcx.com/shouyu/_file/9/08438efac88f36ec.png
919	抹布	日用品	（一）一手虚握，作用抹布擦桌状。（二）一手拇、食指揪一下胸前衣服，再搭手指字母“B”的指式。|https://d.bmcx.com/shouyu/_file/4/b7f2a347bd0151da.png
920	拖把	日用品	双手虚握，如握拖把木柄，并前后移动，作拖地板动作。|https://d.bmcx.com/shouyu/_file/0/9cf52bb8b682cca9.png
921	墩布	日用品	双手虚握，如握拖把木柄，并前后移动，作拖地板动作。|https://d.bmcx.com/shouyu/_file/f/4a0bf991d015ec94.png
922	镜子	日用品	一手伸直，掌心和面部相对，晃动几下，如照镜子动作。|https://d.bmcx.com/shouyu/_file/5/0bb2f368fc9daf2b.png
923	眼镜	日用品	（一）一手拇、食指捏成圆形，贴在眼部。（二）一手食指弯曲如钩，搭在耳朵上，如眼镜脚。|https://d.bmcx.com/shouyu/_file/e/c6b071b547efeac9.png
924	手表	日用品	一手拇、食指捏成圆形，贴在另一手腕部，象征手表。|https://d.bmcx.com/shouyu/_file/7/17e7f726b683802b.png
925	尺	日用品	双手食指直立于胸前，相距约一尺。|https://d.bmcx.com/shouyu/_file/f/4af558356293a858.png
926	剪子	日用品	一手室、中指伸直，夹动几下，如用剪刀剪物动作。|https://d.bmcx.com/shouyu/_file/8/80bba8e3b708b731.png
927	剪刀	日用品	一手室、中指伸直，夹动几下，如用剪刀剪物动作。|https://d.bmcx.com/shouyu/_file/7/d9342dfd1c591315.png
928	剪	日用品	一手室、中指伸直，夹动几下，如用剪刀剪物动作。|https://d.bmcx.com/shouyu/_file/3/c1d6e14e2d804fb2.png
929	针	日用品	一手先作执针缝衣动作，然后再伸出拇、食指，相距约一寸，如针的长度。|https://d.bmcx.com/shouyu/_file/c/9dfffd104deec8ac.png
930	电灯	日用品	（一） 一手食指向空划“?”形，象征电。（二）一手五指撮合，指尖向下，然后五指放开，象征灯光。|https://d.bmcx.com/shouyu/_file/a/dc21abc317d485bb.png
931	日光灯	日用品	（一） 双手虚握，从中间向左右拉开，表示日光灯灯管。（二）一手五指撮合，指尖向下，然后五指放开，象征灯光。|https://d.bmcx.com/shouyu/_file/1/c8ea7197325faea4.png
932	灯光	日用品	一手五指撮合，指尖向下，然后五指放开，象征灯光。()|https://d.bmcx.com/shouyu/_file/2/82234a374ee8811f.png
933	灯	日用品	一手五指撮合，指尖向下，然后五指放开，象征灯光。()|https://d.bmcx.com/shouyu/_file/4/a8bec1343979a386.png
934	纽扣	日用品	一手拇、食指捏成小圆圈，在胸前由上而下帖几下，表示衣服上的纽扣。|https://d.bmcx.com/shouyu/_file/9/05bf8e999e90e1b0.png
935	扣子	日用品	一手拇、食指捏成小圆圈，在胸前由上而下帖几下，表示衣服上的纽扣。|https://d.bmcx.com/shouyu/_file/f/da62292f27a2c48b.png
936	蜡烛	日用品	双手拇、食指捏成小圆形，互相叠在一起，下面的不动，上面的向上移，然后放开五指并上下动几下，表示蜡烛的火焰。|https://d.bmcx.com/shouyu/_file/d/2c831ec58b473e71.png
937	电筒	日用品	电筒 右手如握电筒状。左手五指撮合置于右手前，向前放开五指，象征电筒发光。|https://d.bmcx.com/shouyu/_file/6/61d23e096e743a5b.png
938	手电筒	日用品	手电筒 右手如握电筒状。左手五指撮合置于右手前，向前放开五指，象征电筒发光。|https://d.bmcx.com/shouyu/_file/f/1fc3fe8f6f742b44.png
939	电池	日用品	（一） 一手食指向空划“闪电?”形，象征电。（二）双手拇、食指捏成圆形，先上下相叠，再稍微分开，如一节电池长短。|https://d.bmcx.com/shouyu/_file/f/eac9e82c7bfaf76e.png
940	电表	日用品	（一） 一手食指向空划“闪电?”形，象征电。（二）右手伸拇、食指如“八”字，左手伸食指在“八”字下晃动几下，如电表指针晃动状。|https://d.bmcx.com/shouyu/_file/7/e86bbc27c5efc208.png
941	温度计	日用品	（一）双手微曲，掌心向上，由腹部慢慢地移到胸部。（图示见“暖”手势）（二）左手食指直立不动，右手食指横贴在左手食指上上下移动，象征寒暑表水银柱的升降。|https://d.bmcx.com/shouyu/_file/2/3e9798a71d37ebea.png
942	寒暑表	日用品	寒暑表 左手食指直立不动，右手食指横贴在左手食指上上下移动，象征寒暑表水银柱的升降。|https://d.bmcx.com/shouyu/_file/f/68c525f6b753866c.png
943	铃	日用品	一手食指朝下，在耳边晃动，如听到铃声。|https://d.bmcx.com/shouyu/_file/c/3a5e6c1daefc18cf.png
944	铃声	日用品	一手食指朝下，在耳边晃动，如听到铃声。|https://d.bmcx.com/shouyu/_file/7/f4e54925f154be01.png
945	打火机	日用品	一手握拳伸拇指放于嘴前，拇指弯动几下，如用打火机点烟状。|https://d.bmcx.com/shouyu/_file/b/fc4ed3ee2a4544aa.png
946	伞	日用品	（一） 双手握拳互叠，在下的不动，在上的向上移，如撑伞动作。（二）右手五指向下张开，左手食指抵住右手心，如一把伞的样子。|https://d.bmcx.com/shouyu/_file/d/7a6ddfd2acacfbdb.png
947	锁	日用品	锁 左手拇、食指捏成小圆圈，右手拇、食指先张开，然后插入左手小圆内扣合，如上锁状。|https://d.bmcx.com/shouyu/_file/1/79f406ada008cc67.png
948	钥匙	日用品	钥匙 左手拇、食指捏成小圆圈。右手拇、食指相捏，如执钥匙状，对准小圆转动，如开锁动作。|https://d.bmcx.com/shouyu/_file/8/05dfeeb2536835cf.png
949	电风扇	日用品	（一） 一手食指向空划“?”形，象征电。（二）一手五指张开、微曲，指尖向外，其肘抵于另一手掌心上，然后旋转几下手腕，模拟落地电扇外形。|https://d.bmcx.com/shouyu/_file/6/81b47359aa26d7a8.png
950	电扇	日用品	（一） 一手食指向空划“?”形，象征电。（二）一手五指张开、微曲，指尖向外，其肘抵于另一手掌心上，然后旋转几下手腕，模拟落地电扇外形。|https://d.bmcx.com/shouyu/_file/5/fa8b74c748957063.png
951	风扇	日用品	（一） 一手食指向空划“?”形，象征电。（二）一手五指张开、微曲，指尖向外，其肘抵于另一手掌心上，然后旋转几下手腕，模拟落地电扇外形。|https://d.bmcx.com/shouyu/_file/4/ddd92d4c05993430.png
952	落地扇	日用品	（一） 一手食指向空划“?”形，象征电。（二）一手五指张开、微曲，指尖向外，其肘抵于另一手掌心上，然后旋转几下手腕，模拟落地电扇外形。|https://d.bmcx.com/shouyu/_file/5/848a390d8a89fa51.png
953	电视机	日用品	（一） 一手五指张开，掌心向内，在面前摆动几下，象征屏幕上画面的不断交换。（二）双手食指空书“┌┐”形，如电视机外形。|https://d.bmcx.com/shouyu/_file/e/ff6c7055037f7134.png
954	电视	日用品	（一） 一手五指张开，掌心向内，在面前摆动几下，象征屏幕上画面的不断交换。（二）双手食指空书“┌┐”形，如电视机外形。|https://d.bmcx.com/shouyu/_file/9/6a68aeffe07d941a.png
955	电冰箱	日用品	（一） 双手握拳，在胸前微微抖动，表示冰冷。（二）双手平伸，掌心向下，从中间向左右平移，再折而向下，成“┌┐”状，如冰箱外形。|https://d.bmcx.com/shouyu/_file/6/021359f4465e8e8a.png
956	冰箱	日用品	（一） 双手握拳，在胸前微微抖动，表示冰冷。（二）双手平伸，掌心向下，从中间向左右平移，再折而向下，成“┌┐”状，如冰箱外形。|https://d.bmcx.com/shouyu/_file/f/5a7ec80e68ec63f6.png
957	收音机	日用品	（一） 双手拇指于食、中指虚捏，左右拧动，如拧动电钮状。（二）一手食指指耳部，象征收听声音。|https://d.bmcx.com/shouyu/_file/3/20203c5ebe9b898d.png
958	洗衣机	日用品	（一） 一手五指张开，指尖向下旋转几圈。（二）一手拇、食指揪一下胸前的衣服。|https://d.bmcx.com/shouyu/_file/0/37a32ca571bc14e8.png
959	收录机	日用品	（一） 一手食指指耳部。（二）双手食指指尖向下各划小圆圈，如磁带转动状。|https://d.bmcx.com/shouyu/_file/1/82feb99ee61fcfa9.png
960	碗	日用品	双手拇、食指搭成圆形，由下向上稍微放大，下小上大如碗的形状。|https://d.bmcx.com/shouyu/_file/c/cf727a807a14816f.png
961	筷	日用品	一手伸出食、中指，在口边划动几下，如用筷子吃饭状。|https://d.bmcx.com/shouyu/_file/d/803d0e9be85c07dd.png
962	筷子	日用品	一手伸出食、中指，在口边划动几下，如用筷子吃饭状。|https://d.bmcx.com/shouyu/_file/8/de914f5ed4d3cb9f.png
963	杯子	日用品	双手拇、食指成半圆形先叠在一起。下手不动，上手向上稍移，如一只杯子。|https://d.bmcx.com/shouyu/_file/9/4595de0933fd3a56.png
964	杯	日用品	双手拇、食指成半圆形先叠在一起。下手不动，上手向上稍移，如一只杯子。|https://d.bmcx.com/shouyu/_file/d/145664a785bf52e8.png
965	瓢	日用品	（一） 双手微曲，构成圆形，由上而下虚构出葫芦形状，然后一手从中间划一下，表示将其一分两半。（二）一手如执瓢舀水状。|https://d.bmcx.com/shouyu/_file/5/c281794159a6c2aa.png
966	葫芦	日用品	双手拇、食指搭成圆形，由下向上虚构出葫芦的外形。|https://d.bmcx.com/shouyu/_file/7/7136683c5ee7ff90.png
967	勺	日用品	一手五指微曲，掌心向上，如勺状，并作舀水动作。|https://d.bmcx.com/shouyu/_file/2/b5363795db1887fb.png
968	盆子	日用品	双手拇、食指搭成大圆形，从下向上稍微移动，如盆的形状。|https://d.bmcx.com/shouyu/_file/0/899a78686dc3f7fc.png
969	盘子	日用品	双手拇、中指搭成大圆形，如盘子状。|https://d.bmcx.com/shouyu/_file/4/26a5645f97b835b1.png
970	瓶	日用品	双手掌搭成圆形，一手不动，另一手由下向上移动，虚构出瓶子外形。|https://d.bmcx.com/shouyu/_file/0/cd39d9b8d51bc13b.png
971	瓶子	日用品	双手掌搭成圆形，一手不动，另一手由下向上移动，虚构出瓶子外形。|https://d.bmcx.com/shouyu/_file/3/6abf75c0e0fbde2d.png
972	桶	日用品	（一）双手拇、中指搭成大圆形，由上向下移，逐渐缩小，如桶状。（二）一手握拳向上提，如提桶状。|https://d.bmcx.com/shouyu/_file/3/9410ef7e17a2f9e5.png
973	笼屉	日用品	（一）双手拇指与四指成“[”“]”形，指尖相对，如笼屉状。（二）双手五指张开，交错相搭，表示笼屉是由竹条编成的。|https://d.bmcx.com/shouyu/_file/4/3928e2bd5c4ca4d5.png
974	罐子	日用品	（一）双手拇、食指搭成圆形，从下向上作弧形移动，虚构出罐子外形。（二）一手握拳向上提，如提灌子状。|https://d.bmcx.com/shouyu/_file/6/8b666261ce35cf5c.png
975	坛子	日用品	双手拇、食指搭成圆形，由下向上移，虚构出坛子外形。|https://d.bmcx.com/shouyu/_file/4/5a53d66ecb7a868c.png
976	篮子	日用品	（一）双手食指交叉在一起，向左右作弧形上移，如篮子形状。（二）一手向另一手臂部作挎篮子动作。|https://d.bmcx.com/shouyu/_file/f/bce67bed41742468.png
977	竹篮	日用品	（一）双手食指交叉在一起，向左右作弧形上移，如篮子形状。（二）一手向另一手臂部作挎篮子动作。|https://d.bmcx.com/shouyu/_file/2/93b02e6dc04bd199.png
978	秤	日用品	秤 右手拇、食指相捏，如提秤绳状，左手做拨动秤砣的动作。|https://d.bmcx.com/shouyu/_file/6/e079a562b896fb75.png
979	刀	日用品	一手伸平，四指并拢，在另一手食指上削一下，如用刀削物状。|https://d.bmcx.com/shouyu/_file/6/923c83fa23e8ff53.png
980	刀子	日用品	一手伸平，四指并拢，在另一手食指上削一下，如用刀削物状。|https://d.bmcx.com/shouyu/_file/d/0e7e453a91cf4bb4.png
981	扫帚	日用品	一手五指向下，来回扫动，如扫帚扫地动作|https://d.bmcx.com/shouyu/_file/6/98332e5c1ba84da7.png
982	炊帚	日用品	炊帚 左手拇指与四指成半圆形。右手五指指尖向下，在半圆形中转动几下，如刷洗动作。|https://d.bmcx.com/shouyu/_file/c/f7b588020407da4b.png
983	笊篱	日用品	（一）双手五指交叉，向两旁提起，如笊篱形状。（二）一手五指分开，掌心向上，作捞物动作，再颠动两下。|https://d.bmcx.com/shouyu/_file/4/33c7a878a37c1151.png
984	铲子	日用品	一手平伸，掌心向上，向前铲动两下，如用铲子铲物动作。|https://d.bmcx.com/shouyu/_file/b/fd5b26b5799582b5.png
985	案板	日用品	（一）双手掌心向下，前后动几下，如擀面动作。（二）双手掌心向下，从中间向两边平移，表示案板。|https://d.bmcx.com/shouyu/_file/4/ca107499e832f0a6.png
986	面案	日用品	（一）双手掌心向下，前后动几下，如擀面动作。（二）双手掌心向下，从中间向两边平移，表示案板。|https://d.bmcx.com/shouyu/_file/4/fd18e77cb4475d49.png
987	锅	日用品	（一）双手拇、食指搭成大圆形。（二）双手拇、食指相捏，向上提动，如端起锅状。|https://d.bmcx.com/shouyu/_file/6/be7ff11b4fd1b1c5.png
988	锅盖	日用品	（一）同“锅”手势（二）。（二）一手虚握，如抓住锅盖，向下一放，作盖锅盖动作。|https://d.bmcx.com/shouyu/_file/3/499a4044ce278a68.png
989	锅灶	日用品	（一）同“锅”手势（二）。（二）双手平伸，掌心向下，由中间向两边平移，表示锅台。（三）一手五指分开微曲，指尖向上，上下微动几下（即“火”手势）。|https://d.bmcx.com/shouyu/_file/3/3756fcd2ff998a50.png
990	锅炉	日用品	（一）双手搭成大圆形，向上移动，表示锅炉外形。（二）双手五指微曲，指尖向上，交替上下动几下。|https://d.bmcx.com/shouyu/_file/0/3cef14c0280a0e53.png
991	烘箱	日用品	（一）双手五指微曲，指尖向上，交替上下动几下。（二）双手平伸，掌心向下，从中间向左右平移，再折而向下，成“┌┐”状，如烘箱外形。|https://d.bmcx.com/shouyu/_file/a/e7f831096a7a6219.png
992	风箱	日用品	（一）一手握拳，前后拉动，如拉风箱动作。（二）双手平伸，掌心向下，从中间向左右平移，再折而向下，成“┌┐”状，如烘箱外形。|https://d.bmcx.com/shouyu/_file/2/33beed23176ee9ae.png
993	煤球	日用品	（一）打手指字母“M”的指式。（二）一手拇、食指捏成小圆形，如煤球形状。|https://d.bmcx.com/shouyu/_file/1/21efc4574e367610.png
994	煤饼	日用品	（一）同“煤球”手势（一）。（二）双手拇、食指搭成圆形，然后左手不动，右手食指在圆形中点几下，象征煤饼形状。|https://d.bmcx.com/shouyu/_file/0/e8c06f52a4a5d963.png
995	蜂窝煤	日用品	（一）同“煤球”手势（一）。（二）双手拇、食指搭成圆形，然后左手不动，右手食指在圆形中点几下，象征煤饼形状。|https://d.bmcx.com/shouyu/_file/c/15d1c266d4da924d.png
996	煤气	日用品	（一）同“煤球”手势（一）（二）一手打手指字母“Q”指式，置于鼻孔前。|https://d.bmcx.com/shouyu/_file/5/895fc75a33eb4f6e.png
997	木炭	日用品	（一）双手搭成半圆形，同时向上伸出。（二）双手五指微曲，指尖向上，交替上下动几下。|https://d.bmcx.com/shouyu/_file/8/fac6dacbd61a7e28.png
998	柴刀	日用品	柴刀 左手虚握成半圆形，右掌劈在左手虎口处，如以柴刀劈柴。|https://d.bmcx.com/shouyu/_file/3/a62c3d12cbbb0cc9.png
999	柴火	日用品	（一）同“柴刀”手势。（二）双手虚握成半圆形叠在一起，分别向上下移动，以示劈柴的外形。|https://d.bmcx.com/shouyu/_file/f/458708a42b766376.png
1000	劈柴	日用品	（一）同“柴刀”手势。（二）双手虚握成半圆形叠在一起，分别向上下移动，以示劈柴的外形。|https://d.bmcx.com/shouyu/_file/e/495c640cb1bd9d30.png
1001	火柴	日用品	一手拇、食指如捏火柴盒，另一手拇、食指相捏，向盒上作擦火柴动作。|https://d.bmcx.com/shouyu/_file/e/a2893cff8809a6b3.png
1002	水缸	日用品	（一）一手掌心向下，作波纹形移动，即“水”手势。（二）双手搭成圆形，由上向下移动，虚构出水缸外形。|https://d.bmcx.com/shouyu/_file/5/b493f3958e432035.png
1003	自来水	日用品	（一）一手拇指与食、中指虚捏并转动，如拧动自来水龙头。（二）一手掌心向下，作波纹形移动，即“水”手势。|https://d.bmcx.com/shouyu/_file/f/5e66a45e2865ce28.png
1004	绳子	日用品	双手食、中指指尖相对，各向相反方向拧动，并向外拉|https://d.bmcx.com/shouyu/_file/3/b6522d5ced029be0.png
1005	绳	日用品	双手食、中指指尖相对，各向相反方向拧动，并向外拉|https://d.bmcx.com/shouyu/_file/5/c628ccafde1f3a1d.png
524	翻译	职业	一手伸食、中指贴在嘴上，再翻转过来，象征把一种语言译成另一种语言。|https://d.bmcx.com/shouyu/_file/6/3b0db0b7e0842a3d.png
525	导演	职业	（一）一手食指在胸前挥动几下，表示指导。（二）双手各伸拇、小指，相对转动，象征演员在演戏。|https://d.bmcx.com/shouyu/_file/5/1073daf81075bb12.png
526	医生	职业	（一）一手食、中、无名指按于另一手脉门处，如中医搭脉状。（二）一手伸拇指贴于胸前。|https://d.bmcx.com/shouyu/_file/c/328e95ebcc0e9a34.png
527	大夫	职业	（一）一手食、中、无名指按于另一手脉门处，如中医搭脉状。（二）一手伸拇指贴于胸前。|https://d.bmcx.com/shouyu/_file/c/1487aedb4d0a084c.png
528	护士	职业	（一）一手拇、食指搭成“十”字形，置于前额。（二）一手拇、食指捏耳垂。|https://d.bmcx.com/shouyu/_file/3/b0ec280ae8f9a676.png
529	警察	职业	（一）一手模拟持警棍，先向上，再向左边挥动。（二）右手平伸，掌心向下，食指贴于前额，象征军帽。|https://d.bmcx.com/shouyu/_file/3/f8fb1fd83d6f1db1.png
530	律师	职业	（一）手指字母“L”的指式。（二）一手伸拇指贴于胸前。|https://d.bmcx.com/shouyu/_file/5/43689cf1add23218.png
531	董事	职业	（一）手指字母“D”的指式。（二）一手五指张开，在胸前转一圈，然后用力握拳，表示“权力”。|https://d.bmcx.com/shouyu/_file/3/21b1977e7332a647.png
532	理事	职业	（一）手指字母“L”的指式。（二）同“董事”手势（二）。|https://d.bmcx.com/shouyu/_file/1/37ccb8db569899c7.png
533	经理	职业	（一）双手拇、食指捏成小圈，交互转圈，表示经济。（二）一手伸拇指在胸前转一圈，表示一个单位的管理者。|https://d.bmcx.com/shouyu/_file/d/3a8039638b2395a9.png
534	厂长	职业	（一）以食指书空“厂”字。（二）一手伸拇指贴于胸前。|https://d.bmcx.com/shouyu/_file/0/ce8593d70ec5c827.png
535	技师	职业	（一）双手互相拍打手背，表示手艺、技术之意。（二）一手伸拇指贴于胸前。|https://d.bmcx.com/shouyu/_file/9/f44d8bf9103cadf3.png
536	会计	职业	一手伸拇、食、中指，指尖向下，作打算盘状。|https://d.bmcx.com/shouyu/_file/8/d78b844befe4e2f4.png
537	驾驶员	职业	（一）双拳虚握，左右转动，如司机操纵方向盘动作。（二）一手拇、食指灭成小圆圈，贴于胸侧。|https://d.bmcx.com/shouyu/_file/e/7fb8ada9dd89da72.png
538	炊事员	职业	（一）双手模仿切菜动作。（二）一手拇、食指捏成小圆圈，贴于胸侧。|https://d.bmcx.com/shouyu/_file/8/7bd86911623f64b9.png
539	邮递员	职业	（一）一手食、中指在另一手掌心微贴一下，象征贴邮票状。（二）一手向前伸出，如递物状。（三）如“驾驶员”手势（二）|https://d.bmcx.com/shouyu/_file/d/47a5e75c846f0fec.png
540	保育员	职业	（一）双手掌心向外，微按两下，表示帮助、保护之意。（二）一手平伸，掌心向下，在胸前向下微按。（三）同“驾驶员”手势（二）。|https://d.bmcx.com/shouyu/_file/e/66969f2a100fc552.png
541	职员	职业	（一）手指字母“ZH”的指式。（二）同“驾驶员”手势（二）。|https://d.bmcx.com/shouyu/_file/9/73d0a18f6fe46c03.png
542	公务员	职业	（一）双手拇、食指相搭成“公”字形。（二）右手拍一下左肩。（三）一手拇、食指灭成小圆圈，贴于胸侧。|https://d.bmcx.com/shouyu/_file/d/6371fa2de1978a0f.png
543	内行	职业	（一）左手侧伸，掌心向内，右手伸出食指，指尖向上，在左掌心内从上向下移。（二）一手拍一下另一手手背，再伸出拇指，表示技术好，引申为内行。|https://d.bmcx.com/shouyu/_file/d/b7e26c93ae4f07fb.png
544	外行	职业	外行 外行--wai hang 
（一）左手侧伸，掌心向内，右手伸出食指，指尖向下，在左掌背外向下指。（二）一手拍一下另一手手背，再伸出小指，表示技术差，引申为外行。|https://d.bmcx.com/shouyu/_file/4/406d84e6762dd8c1.png
545	司机	职业	（一）双拳虚握，左右转动，如司机操纵方向盘动作。（二）一手拇、食指灭成小圆圈，贴于胸侧。|https://d.bmcx.com/shouyu/_file/e/7fb8ada9dd89da72.png
546	志愿者	职业	志愿者 1、（一）手指字母“ZH”的指式。（二）一手拇、食指分开，抵于左右嘴角。（图见志愿手势）2、双手食指搭成“人”字形。|https://d.bmcx.com/shouyu/_file/no_picture.png
547	工作人员	职业	工作人员 1、双手握拳，上拳打下拳，即“做”手势，引申为“工作”。2、双手食指搭成“人”字形。|https://d.bmcx.com/shouyu/_file/no_picture.png
2643	弓箭	武器装备	（一）一手在前，手臂伸直，如握弓，另一手在后，手臂弯曲如拉弦，双目与手平行。（二）左手伸食指；右手拇、食指微张，边向左手食指尖移动边并拢，如箭头状。|https://d.bmcx.com/shouyu/_file/9/dc00915f30f2d4b1.png
2644	降落伞	武器装备	降落伞 左手五指向下张开；右手拇、小指伸出，置于左手下， 同时由上往下移动，如降落伞的形状。|https://d.bmcx.com/shouyu/_file/5/2e856ad0afc54b26.png
2645	武装	武器装备	（一）同“战斗”手势（双手拇、食指伸直，食指指尖相对，互相对戳。）（二）双手虚握拳贴于胸前往下一顿。|https://d.bmcx.com/shouyu/_file/4/f5f52ebd2ac33836.png
2646	鱼雷	武器装备	（一）左手平伸，掌心向下，五指微动；右手侧立，在左手下，快速向前冲出。（二）双手五指撮合，指尖相对，然后迅速向上弹起并放于五指。|https://d.bmcx.com/shouyu/_file/0/29aa47f0e8923af3.png
2647	装甲车	武器装备	一）双手握拳，虎口向上，一上一下，上拳敲打下拳，再向里移动。（二）一手伸食指书空“甲”字。（三）一手握拳，伸出食指，放在另一手背上，向前做起伏状移动。|https://d.bmcx.com/shouyu/_file/0/f6bb362d71b4e5b4.png
4377	脂肪	生物	脂肪 左手平伸，掌心向上，右手拇指与四指弯曲相对，贴于左手手背，并向指尖处移动。|https://d.bmcx.com/shouyu/_file/8/b10e72673b6b75e4.png
4378	繁殖	生物	繁殖 左手虚握，虎口向上；右手小指从左拳内向下抽出几次。|https://d.bmcx.com/shouyu/_file/1/e1719f2f084018fc.png
4379	胚胎	生物	胚胎 左手拇、小指蜷曲，手背朝外；右手掌心向下，盖住左手。|https://d.bmcx.com/shouyu/_file/e/ebcd7b64aec825e8.png
4380	翅膀	生物	翅膀 左手侧伸，上下扇动几下，同时右手食指指一下扇动的左手臂|https://d.bmcx.com/shouyu/_file/no_picture.png
4228	效应	物理	（一）一手在另一掌心上拍一下，再握拳伸拇指。（二）双手掌心向里，指尖相对，向内移动，表示“收获”“得到”之意。|https://d.bmcx.com/shouyu/_file/7/82de920cc1f45e24.png
4229	效果	物理	（一）一手在另一掌心上拍一下，再握拳伸拇指。（二）双手掌心向里，指尖相对，向内移动，表示“收获”“得到”之意。|https://d.bmcx.com/shouyu/_file/3/d6afea285d6ecd2f.png
4230	成果	物理	（一）一手在另一掌心上拍一下，再握拳伸拇指。（二）双手掌心向里，指尖相对，向内移动，表示“收获”“得到”之意。|https://d.bmcx.com/shouyu/_file/a/41b91230771d5cff.png
4231	膨胀	物理	双手五指弯曲，手指相对，由中间向两侧微动一下，同时松开五指。|https://d.bmcx.com/shouyu/_file/4/5860e6734c5d5df5.png
4232	收缩	物理	双手五指张开，微曲，掌心相对，从两侧向中间移动，同时收拢五指。|https://d.bmcx.com/shouyu/_file/c/aa7d9528b0f94bd2.png
4233	蒸发	物理	双手五指放开，微曲，掌心向上，然后同时向上移动，并向两侧展开。|https://d.bmcx.com/shouyu/_file/3/81d102522486ff00.png
4234	溶解	物理	（一）一手紧紧抱住另一手，然后两手分别向两侧移动，同时张开五指。（二）双手五指放开，掌心向下，从中间向两侧作波纹状移动。|https://d.bmcx.com/shouyu/_file/c/99bffa5ff20cdd5b.png
4235	凝固	物理	双手五指张开，弯曲，指尖相对，由两侧向中间缓缓咬合，一手五指将另一手紧紧抱住。|https://d.bmcx.com/shouyu/_file/d/132cc1eedfe79104.png
4236	摩擦	物理	双掌相贴，来回相搓几下。|https://d.bmcx.com/shouyu/_file/c/926c633813341767.png
4237	冷却	物理	（一）双手握拳曲肘，在胸侧微微抖动，象征寒冷状。（二）双手五指张开，由上而下缓缓收拢，表示“冷却”“收缩”的意思。|https://d.bmcx.com/shouyu/_file/0/e6cfff3354add369.png
4238	散热	物理	（一）双手五指并拢，指尖向下，由中间向两侧边移动边放开五指。（二）一手五指伸开，掌心向下，在头侧扇动几下。|https://d.bmcx.com/shouyu/_file/3/c08fcb500bcc7d4b.png
4239	沸腾	物理	双手五指弯曲，指尖向上，作一张一缩快速升降动作。|https://d.bmcx.com/shouyu/_file/a/8f58ce4e9f393230.png
4240	泡沫	物理	（一）手指字母“P”指式。（二）双手五指弯曲，指尖相捏成小圆球形，上下交替升降，象征一个个泡沫。|https://d.bmcx.com/shouyu/_file/e/a6123fc83dd746e4.png
4241	水平	物理	（一）一手平伸，掌心向下，作波纹状移动。（二）双手并排，掌心向下，同时向左右展开。|https://d.bmcx.com/shouyu/_file/e/922db5b5a5c9cea6.png
4242	倾斜	物理	双手伸直，掌心相对，向一侧作倾斜状。|https://d.bmcx.com/shouyu/_file/2/ff625626ead92acf.png
4243	撞击	物理	双手握拳，横着相对，然后互碰。|https://d.bmcx.com/shouyu/_file/c/0b1b7b143922d598.png
4244	真空	物理	（一）一手食指敲打另一手食指。（二）左手微曲，掌心向上，右手在左掌心上横扫一下。|https://d.bmcx.com/shouyu/_file/4/9ea566a037431842.png
4245	光	物理	（一）一手五指先撮合成尖形，然后斜向一侧移动并放开五指。（二）一手五指并拢，掌心向内，以手腕抖动一下。|https://d.bmcx.com/shouyu/_file/5/7639b430a90a46c4.png
4246	放射	物理	双手虚握，互相靠拢，然后同时向外放开五指。|https://d.bmcx.com/shouyu/_file/f/b8cf6eb30885f84a.png
4247	辐射	物理	一手五指并拢，向前边伸出边放开五指，表示辐射|https://d.bmcx.com/shouyu/_file/5/21ccc5a8aefd8f9b.png
4248	照射	物理	一手五指并拢，向前边伸出边放开五指，表示辐射|https://d.bmcx.com/shouyu/_file/e/6592ae183f4f900f.png
4249	折射	物理	折射 左手侧立不动。右手五指向左手掌心作放射状，然后折向左手四指方向，表示光线折射之意。|https://d.bmcx.com/shouyu/_file/6/11d8046f1abf2622.png
4250	反射	物理	反射 左手侧立，右手五指张开，向左手掌心作放射状，然后反转过来，表示“反射”。|https://d.bmcx.com/shouyu/_file/b/f077046c43f65ef0.png
4251	扩散	物理	（一）双手掌心相对，向两旁扩张。（二）双手五指并拢，指尖向下，由中间向两侧边移动边放开五指。|https://d.bmcx.com/shouyu/_file/e/a37c53dc959ad207.png
4252	液体	物理	（一）一手平伸，掌心向下，作波纹状移动。（二）一手伸掌，贴于胸前，向下微移。|https://d.bmcx.com/shouyu/_file/0/410eb14196d1663a.png
4253	固体	物理	（一）一手拇、食指捏住另一手食指。（二）一手伸掌，贴于胸前，向下微移。|https://d.bmcx.com/shouyu/_file/9/5efe93b75f84988b.png
4254	气体	物理	（一）一手打手指字母“Q”的指式，并伸向鼻孔，如吸气状。（二）一手伸掌，贴于胸前，向下微移。|https://d.bmcx.com/shouyu/_file/1/1ae10bfb5d8dddf1.png
4255	气压	物理	（一）一手打手指字母“Q”的指式，并伸向鼻孔，如吸气状。（二）一手伸平盖于另一拳虎口上，并向下一压。|https://d.bmcx.com/shouyu/_file/2/c5a6e21dd1bb5ad5.png
4256	裂变	物理	（一）双手五指并拢靠紧，掌心向下，然后快速分开，手指张开。（二）一手食、中指并拢，指尖向上转动。|https://d.bmcx.com/shouyu/_file/f/b6662f824dc45f82.png
4257	聚变	物理	（一）双手五指微曲，指尖相对，然后互相合拢。（二）一手食、中指并拢，指尖向上转动。|https://d.bmcx.com/shouyu/_file/9/39c835c440bfe170.png
4258	焦距	物理	一手握成圆筒形，置于眼前（另一眼闭着），另一手伸掌，掌心对着圆筒前后移动两下。|https://d.bmcx.com/shouyu/_file/2/0f72837aca8d96f8.png
4259	焦点	物理	（一）双手食指由两侧作斜向移动，在中间处指尖相触。（二）右手食指尖抵于左手食指尖上。|https://d.bmcx.com/shouyu/_file/7/4654ab4d618228ed.png
4260	交点	物理	（一）双手食指由两侧作斜向移动，在中间处指尖相触。（二）右手食指尖抵于左手食指尖上。|https://d.bmcx.com/shouyu/_file/8/a00b22858b24e57e.png
4261	滑动	物理	滑动 左手斜伸，掌心向下不动。右手掌心贴在左手背上向下滑动。|https://d.bmcx.com/shouyu/_file/4/b609a0767204faf4.png
4262	惯性	物理	（一）双手食指平伸，指尖相触，同时向一侧移动。（二）一手食、中指在另一手拳背上弹打两下。|https://d.bmcx.com/shouyu/_file/d/c6d73a915383a604.png
4263	电	物理	一手食指作“雷电”形挥动。|https://d.bmcx.com/shouyu/_file/e/f5fbb398dbe16012.png
4264	雷电	物理	一手食指作“雷电”形挥动。|https://d.bmcx.com/shouyu/_file/b/9771c179e5442549.png
4265	闪电	物理	一手食指作“雷电”形挥动。|https://d.bmcx.com/shouyu/_file/d/e53111fdbdfd3c2b.png
4266	直流电	物理	（一）双手食指平伸，指尖相触，并向一侧移动。（二）一手食指作“雷电”形挥动。|https://d.bmcx.com/shouyu/_file/9/d6d080062af52329.png
4267	交流电	物理	（一）双手食、中指平伸，指尖相触，并向一侧移动。（二）一手食指作“雷电”形挥动。|https://d.bmcx.com/shouyu/_file/1/eb22774fbef91955.png
4268	电压	物理	（一）一手食指作“雷电”形挥动。（二）一手伸平盖于另一拳虎口上，并向下一压。|https://d.bmcx.com/shouyu/_file/3/2c94bb6eac049575.png
4269	高压	物理	（一）一手平伸，掌心向下，向上举过头。（二）一手伸平盖于另一拳虎口上，并向下一压。|https://d.bmcx.com/shouyu/_file/d/1f4f29a6faf93c0f.png
4270	绝缘	物理	（一）一手插入另一手指缝，表示阻断、隔绝。（二）一手食指作“雷电”形挥动。|https://d.bmcx.com/shouyu/_file/c/4a32f423031ab5e1.png
4271	电荷	物理	（一）一手食指作“雷电”形挥动。（二）一手手掌按于另一肩部，肩向一边微倾，表示“负担”。|https://d.bmcx.com/shouyu/_file/f/9b8cb7d9b06f99e0.png
4272	负荷	物理	（一）一手食指作“雷电”形挥动。（二）一手手掌按于另一肩部，肩向一边微倾，表示“负担”。|https://d.bmcx.com/shouyu/_file/2/dd05d6062212d456.png
4273	磁石	物理	磁石 右手握拳，手背向上，置于上面不动。左掌平伸，掌心向下，置于右拳下面，然后双手迅速向上移，紧紧贴于右拳。|https://d.bmcx.com/shouyu/_file/9/ba7153796f8892a2.png
4274	磁铁	物理	磁铁 右手握拳，手背向上，置于上面不动。左掌平伸，掌心向下，置于右拳下面，然后双手迅速向上移，紧紧贴于右拳。|https://d.bmcx.com/shouyu/_file/9/9c562b0ecc2fb642.png
4275	磁场	物理	（一）左手食指向上伸直，右手五指微曲，朝着左手食指，然后收拢成尖形，左手食指跟着微动。（二）一手食指指尖向下划一圆圈。|https://d.bmcx.com/shouyu/_file/8/a63d922e49eb6186.png
4276	串联	物理	（一）双手拇、食指捏成圆形，一上一下，然后一手不动，另一手伸出食指由上而下一划，成“串”字形。（二）双手拇、食指互相套住，然后转一圆圈。|https://d.bmcx.com/shouyu/_file/b/6e576fabbf5a5855.png
4277	并联	物理	双手拇、食指互相套住，然后左右来回移动。|https://d.bmcx.com/shouyu/_file/6/9e133722538696ec.png
4278	闭合	物理	双手五指微曲，掌心相对，然后向中间并拢。|https://d.bmcx.com/shouyu/_file/4/b28c54d52585c90a.png
4279	调频	物理	（一）一手拇、食指相捏左右拧动，模拟拧电钮状。（二）一手五指伸开，指尖向上，微微抖动几下。|https://d.bmcx.com/shouyu/_file/c/e6a62f4eaddd1d17.png
4280	调幅	物理	（一）一手拇、食指相捏左右拧动，模拟拧电钮状。（二）一手伸掌，掌心向内，上下动几下。|https://d.bmcx.com/shouyu/_file/9/fd953c5adab5205b.png
4281	照明	物理	双手五指并拢，指尖向下，然后斜着向下张开五指|https://d.bmcx.com/shouyu/_file/8/1e3a14e850a362f8.png
4282	激光	物理	（一）手指字母“J”的指式。（二）一手五指先撮合成尖形，向前平行伸出，同时放开五指。|https://d.bmcx.com/shouyu/_file/6/499aee8ae13c1126.png
4283	声音	物理	一手食指指于耳旁，并左右动几下。|https://d.bmcx.com/shouyu/_file/f/4707f8f2234b1a2e.png
4284	声波	物理	（一）一手食指指于耳旁，并左右动几下。（二）一手食指作横向波纹状移动。|https://d.bmcx.com/shouyu/_file/2/4d1ba924cd240df6.png
4285	短波	物理	（一）双手食指向上直伸，相距约二寸。（二）一手食指作横向波纹状移动。|https://d.bmcx.com/shouyu/_file/c/cb8b396924352d85.png
4286	抛物线	物理	（一）一手作抛物状。（二）一手食指在空中划一条弧线形，如抛物线状。|https://d.bmcx.com/shouyu/_file/8/6d159551bccc3eba.png
4287	杠杆	物理	杠杆 左手食指横置于右手食指指尖，并微微摆动。|https://d.bmcx.com/shouyu/_file/9/400d62a2c2eedc4f.png
4288	指南针	物理	一手食指搁在另一手拇、食指握成的圆圈上，并左右转动，如指南针在摆动状。|https://d.bmcx.com/shouyu/_file/f/8a97386b4c2fbe73.png
4289	滑轮	物理	（一）双手拇、食指握成圆形，一上一下转动。（二）双手虚握，交替上下拉动|https://d.bmcx.com/shouyu/_file/b/35856b4d7897dc68.png
4290	原子	物理	（一）一手拇、食指捏成小圆形，微动一下。（二）一手食指书空“子”字。|https://d.bmcx.com/shouyu/_file/1/c92f20a6d83a84b1.png
4291	电子	物理	（一）一手食指作“雷电”形挥动。（二）一手食指书空“子”字。|https://d.bmcx.com/shouyu/_file/0/708770e7b0129108.png
4292	子	物理	一手食指书空“子”字。()|https://d.bmcx.com/shouyu/_file/c/2ddd7a77e534d88a.png
4293	核子	物理	（一）手指字母“H”的指式。（二）一手食指书空“子”字。|https://d.bmcx.com/shouyu/_file/2/92c628b4c29521df.png
4294	中子	物理	（一）一手拇、食指与另一手食指搭成“中”字形。（二）一手食指书空“子”字。|https://d.bmcx.com/shouyu/_file/4/bed8267efdd4aaf7.png
4295	波段	物理	（一）左手食指横伸；右手伸食指自左手食指根部划“∽”形至左手食指尖，如∞形。（二）左手姿势不变；右手食指指尖朝上，贴于左手食指，并左右移动几下，如收音机的波段指示针。|https://d.bmcx.com/shouyu/_file/a/4ee25bbccdec58d5.png
4296	磁化	物理	（一）左手食指向上伸直；右手五指微曲，指尖对着左手食指，然后捏拢五指，左手食指随之倾斜。（二）一手食、中指叉开，斜着挥动一下。|https://d.bmcx.com/shouyu/_file/8/be82580e55407e19.png
4297	传递	物理	传递 右手五指相捏，指尖朝下，向左手掌心作递物状，然后左手再向外伸出。|https://d.bmcx.com/shouyu/_file/e/119ce1ddfedbfeb1.png
4298	传导	物理	双手食指横伸，左手不动；右手食指移动并触到左手食指，然后沿左手向臂部移动。|https://d.bmcx.com/shouyu/_file/3/a8d1c65060b73a5a.png
4299	对流	物理	双手相挨，拇、小指伸出，拇指尖朝上，同时由下而上向两侧作“凹”形循环移动。|https://d.bmcx.com/shouyu/_file/2/0d84d34cc4900f27.png
4300	砝码	物理	砝码 左手五指成半圆形，虎口朝上；右手五指撮合，指尖朝下，置于左手虎口处，然后双手同时向右移动几次。每移一次，左手半圆形缩小一点，表示不同规格的砝码。|https://d.bmcx.com/shouyu/_file/c/5759253f28a41e7e.png
4301	分贝	物理	（一）右手食指直立，拇指与其他手指相捏，仿英文小写字母“d”的形状。（二）手指字母“B”的指式。|https://d.bmcx.com/shouyu/_file/c/ddf49d9c0ceedbbb.png
4302	dB	物理	（一）右手食指直立，拇指与其他手指相捏，仿英文小写字母“d”的形状。（二）手指字母“B”的指式。|https://d.bmcx.com/shouyu/_file/3/24190b27333b0eda.png
4303	赫兹	物理	赫兹 左手打手指字母“H”的指式；右手在“H”旁边书空小写字母“Z”。|https://d.bmcx.com/shouyu/_file/d/2bbf8e8ab282d258.png
4304	频道	物理	频道 左手五指张开，掌心向内，置于面前；右手伸食指，指尖朝前，并在左手旁从下向上连续点几下，左手同时上下晃动。|https://d.bmcx.com/shouyu/_file/b/8f7ad45ba0342e68.png
4305	气味	物理	（一）一手打手指字母“Q”的指式，置于鼻前，财时鼻子作闻的动作。（二）一手拇、食、中指在鼻在捻动几下。|https://d.bmcx.com/shouyu/_file/7/48698d7f85c0b5de.png
4306	牵引	物理	双手食指弯曲，互相勾住，然后一手拉中一手移动。|https://d.bmcx.com/shouyu/_file/8/33b950a18ab8385b.png
4307	容积	物理	（一）左手五指捏成圆形；虎口向上；右手伸出食指，指尖插入左手虎口内划一圆圈。（二）手指字母“J”的指式。|https://d.bmcx.com/shouyu/_file/f/b890fa2ac7bfe27f.png
4308	生态	物理	（一）手指字母“SH”的指式。（二）双手拇、食指成“┗ ┛”形，置于面颊两侧，并上下交替两下。|https://d.bmcx.com/shouyu/_file/0/1c0536cc0ef3c146.png
4309	天平	物理	（一）左手食、中指横伸；右手食指书空“人”字，组成“天”字形。（二）双手平伸，掌心向上，上下交替动几下。|https://d.bmcx.com/shouyu/_file/9/378f10a03598bf6b.png
4310	投影	物理	（一）左手侧立；右手五指撮合置于右上方，指尖对着左手掌心，然后放开，如光线照射。（二）左手姿势不变；右手伸食指在左手背后下方划一圆圈，表示影子。|https://d.bmcx.com/shouyu/_file/2/c8a75340059153f9.png
4311	嗓音	物理	一手五指指尖对着耳部反复作撮合、张开的动作。|https://d.bmcx.com/shouyu/_file/2/aeab8f60260682cc.png
4312	蒸汽	物理	（一）双手五指张开微曲，掌心向上，然后向上缓慢移动。（二）一手打手指字母“Q”的指式，置于鼻孔前。|https://d.bmcx.com/shouyu/_file/3/c1ea2615fae898bf.png
4313	支点	物理	（一）左手食指直立；右手食指横于左手食指尖上。（二）左手姿势不变；右手食指在左手食指尖部点一下。|https://d.bmcx.com/shouyu/_file/5/eed0bbc2d5a1f235.png
4314	阻力	物理	（一）同“阻拦”手势（一手向前一推）。（二）一手握拳屈时，向内弯动几下。|https://d.bmcx.com/shouyu/_file/e/a29d4cfbb382b1e4.png
4093	被除数	数学	被除数 左手五指向上，手指抖动几下。右手拇、中指搭在食指上象征“÷”，表示出号前面的数是“被除数”。|https://d.bmcx.com/shouyu/_file/6/c14cb653dfe542ec.png
4094	倍	数学	双手拇、食指相对，相距半寸。一手拇指叠于另一手食指。叠一次表示一倍，两次表示两倍。依此类推。|https://d.bmcx.com/shouyu/_file/c/fe95949a5f897106.png
4095	公倍	数学	（一）双手拇、食指搭成“公”字形。（二）双手拇、食指相对，相距半寸。一手拇指叠于另一手食指。叠一次表示一倍，两次表示两倍。依此类推。|https://d.bmcx.com/shouyu/_file/e/d1285064790562cd.png
4096	整数	数学	（一）双手掌心相对，由上而下一顿。（二）一手五指向上，手指抖动几下。|https://d.bmcx.com/shouyu/_file/b/36897f4887c0a80b.png
4097	小数	数学	（一）一手拇指捏住小指头。（二）一手五指向上，手指抖动几下。|https://d.bmcx.com/shouyu/_file/6/74f5d2528a72d826.png
4098	分数	数学	分数 左手食指横伸，右手五指向上，先在左手食指下抖动几下，再移至左手食指上面抖动几下，模拟分数的书写形式。|https://d.bmcx.com/shouyu/_file/b/224469fee7a7b1a7.png
4099	百分数	数学	一手食指书空“%”号。|https://d.bmcx.com/shouyu/_file/3/69ddfd5c25e600ff.png
4100	百分号	数学	一手食指书空“%”号|https://d.bmcx.com/shouyu/_file/d/0eee358f5794e1d6.png
4101	正数	数学	一手拇、食指先搭成“+”形，然后伸出五指，指尖向上抖动几下。|https://d.bmcx.com/shouyu/_file/e/b4b0d0d06f751832.png
4102	负数	数学	一手食指先横伸成“-”形，然后伸出五指，指尖向上抖动几下。|https://d.bmcx.com/shouyu/_file/5/3240f154fcd16bfc.png
4103	偶数	数学	（一）一手食、中指伸直，表示“双数”。（二）一手五指向上，手指抖动几下。|https://d.bmcx.com/shouyu/_file/9/3bb34add5e6066b3.png
4104	奇数	数学	（一）一手食指伸直，表示“单数”。（二）一手五指向上，手指抖动几下。|https://d.bmcx.com/shouyu/_file/e/be1839c2246172b4.png
4105	指数	数学	（一）手指字母“ZH”的指式。（二）一手五指向上，手指抖动几下。|https://d.bmcx.com/shouyu/_file/0/439ffd04acd7cde4.png
4106	分子	数学	一手食指平伸，另一手五指向上，在平伸的食指上抖动几下，象征“分子”的表现形式。|https://d.bmcx.com/shouyu/_file/8/fb24784cd5ee9ae0.png
4107	分母	数学	一手食指平伸，另一手五指向上，在平伸的食指下面抖动几下，象征“分母”的表现形式。|https://d.bmcx.com/shouyu/_file/9/3a459c2348d9acc5.png
4108	方程	数学	（一）双手拇、食指搭成“[”形。（二）手指字母“CH”的指式。|https://d.bmcx.com/shouyu/_file/2/effa9ffca51684e5.png
4109	根	数学	根 右手五指向下张开，左手握住右手腕部。|https://d.bmcx.com/shouyu/_file/d/cfdede131479e222.png
4110	解	数学	解 右手五指向下张开，左手握住右手腕部。|https://d.bmcx.com/shouyu/_file/b/e9fed8859bdfd4bb.png
4111	通分	数学	（一）双手食指平伸相对，由两侧向中间交叉移动。（二）手指字母“F”的指式。|https://d.bmcx.com/shouyu/_file/7/a7438fb203a4dc76.png
4112	约分	数学	一手食指平伸，另一手食指在前一手食指上面及下面各作斜向一撇。|https://d.bmcx.com/shouyu/_file/0/3354bce9b49a7696.png
4113	直径	数学	一手食指搁在另一手拇、食指捏成的圆面上，并向下划一下，模拟圆中的直径状。|https://d.bmcx.com/shouyu/_file/f/d9c0a2cf0cb41b21.png
4114	半径	数学	（一）一手拇指在食指中部划一下，表示“一半”。（二）一手食指搁在另一手拇、食指捏成的圆面上，并向下划一下，模拟圆中的直径状。|https://d.bmcx.com/shouyu/_file/9/a2f8cbd2d774c3d9.png
4115	圆周率	数学	圆周率 左手食指平伸，右手食指在左食指下面划“儿”形，模拟“π”的符号。|https://d.bmcx.com/shouyu/_file/0/b68b0df205143d59.png
4116	π	数学	π 左手食指平伸，右手食指在左食指下面划“儿”形，模拟“π”的符号。|https://d.bmcx.com/shouyu/_file/a/c70d4b5046931a34.png
4117	圆锥	数学	一手五指微曲，罩住另一手拇、食指捏成的圆面，然后缓缓向上边移动边收缩五指，模拟圆锥的形状。|https://d.bmcx.com/shouyu/_file/5/815240ec523f1006.png
4118	面积	数学	面积 面积|https://d.bmcx.com/shouyu/_file/a/7933fe51d68d071c.png
4119	平面	数学	（一）双手并排，掌心向下，同时向左右展开。（二）一手抚摸另一手背，表示物体的“表面”。|https://d.bmcx.com/shouyu/_file/8/96c03e295d23863a.png
4120	平方	数学	（一）一手抚摸另一手背，表示物体的“表面”。（二）双手拇、食指达成“□”形。|https://d.bmcx.com/shouyu/_file/5/70580b16d6fb6ef7.png
4121	立方	数学	（一）一手食、中指伸直，立于另一手掌心。（二）双手拇、食指达成“□”形。|https://d.bmcx.com/shouyu/_file/4/33e9ee3bdefb143e.png
4122	开方	数学	一手食指书空（根号）形|https://d.bmcx.com/shouyu/_file/e/b3c6e5a50da2d61a.png
4123	根号	数学	一手食指书空（根号）形|https://d.bmcx.com/shouyu/_file/0/caad745e4d3ab2e3.png
4124	公式	数学	（一）双手拇、食指搭成“公”字形。（二）一手拇、食指略分开，向一侧移动，表示公式的式子。|https://d.bmcx.com/shouyu/_file/1/74d6d51bb69c765b.png
4125	直角	数学	双手食指搭成“直角”形。|https://d.bmcx.com/shouyu/_file/0/08c362f92fc0e0e8.png
4126	锐角	数学	双手食指搭成小于90度角。|https://d.bmcx.com/shouyu/_file/0/c1fb9ffbabdb841b.png
4127	钝角	数学	双手食指搭成大于90度角。|https://d.bmcx.com/shouyu/_file/2/64bdce383947ed7e.png
4128	三角	数学	双手拇、食指搭成“△”形。|https://d.bmcx.com/shouyu/_file/9/1166216db15b32da.png
4129	垂直	数学	垂直 左手食指横伸不动，右手食指垂直立于左手食指中端，形同垂直状。|https://d.bmcx.com/shouyu/_file/c/9b2ece5e9e75658b.png
4130	对称	数学	双手拇指与四指相贴，指尖相对。|https://d.bmcx.com/shouyu/_file/f/ce49f2a1798d643d.png
4131	移项	数学	双手五指并拢，手背向外，由两侧作交叉移动，并放开手指。|https://d.bmcx.com/shouyu/_file/f/3bd8725380a2fbb9.png
4132	同类项	数学	（一）一手食、中指并拢，在胸前平行移动。（二）双手五指撮合向上，表示两个相同的代数式。|https://d.bmcx.com/shouyu/_file/e/e2fcb9974653c7b6.png
4133	例子	数学	（一）手指字母“L”的指式。（二）一手握拳，逐一伸出四指，表示例题的解题步骤。|https://d.bmcx.com/shouyu/_file/8/7fdbb7bdaa99bc82.png
4134	四则题	数学	四则题 左手伸出四指，表示“四则”。右手拇、食指相对，从左向右移动，表示题目。|https://d.bmcx.com/shouyu/_file/f/360e2820ece2d8c0.png
4135	公制	数学	（一）双手拇、食指搭成“公”字形。（二）手指字母“ZH”的指式。|https://d.bmcx.com/shouyu/_file/8/a98ea2c15c49a74e.png
4136	吨	数学	一手打出手指字母“D”的指式，置于另一手掌心上，并向上一沉。|https://d.bmcx.com/shouyu/_file/9/03a6bd5938438ff9.png
4137	公斤	数学	一手打出手指字母“G”的指式，置于另一手掌心上，并向下一沉。|https://d.bmcx.com/shouyu/_file/e/3e6262ef5941762d.png
4138	克	数学	一手打出手指字母“K”的指式，置于另一手掌心上，并向下微沉一下。|https://d.bmcx.com/shouyu/_file/d/d6b987545f15fce8.png
4139	担	数学	一手握拳置于肩前，手与肩微微上下动一下，形同挑担状。借此表示重量的单位“担”。|https://d.bmcx.com/shouyu/_file/a/1acb36fec62cac04.png
4140	米	数学	米 英文手指字母“M”的指式。|https://d.bmcx.com/shouyu/_file/5/13638866566c7931.png
4141	分米	数学	一手连续打出英文手指字母“D”“M”的指式。|https://d.bmcx.com/shouyu/_file/a/f5ff07224579acda.png
4142	厘米	数学	一手连续打出英文手指字母“C”“M”的指式。|https://d.bmcx.com/shouyu/_file/6/f1765c443f5c5abd.png
4143	毫米	数学	一手连续打出英文手指字母“M”“M”的指式。|https://d.bmcx.com/shouyu/_file/d/e93afa878f25d808.png
4144	亩	数学	亩 打手指字母“M”的指式，并划一圆圈。|https://d.bmcx.com/shouyu/_file/2/8ddee714bc75c9a0.png
4145	顷	数学	顷 打手指字母“Q”的指式，并划一圆圈。|https://d.bmcx.com/shouyu/_file/b/c3e9665c16ee6f9b.png
4146	磅	数学	一手打手指字母“B”的指式，置于另一手掌心上，并向下一沉。|https://d.bmcx.com/shouyu/_file/f/edd3eebebfa7fc79.png
4147	编码	数学	（一）双手五指一线一捏，上下交替动几下。（二）左手拇、食指成“匚”形；右手手背向外，五指伸出，在“匚”形内从左向右边连续抖动手指，表示一串数码。|https://d.bmcx.com/shouyu/_file/0/568e52a84606feb8.png
4148	部分	数学	双手五指微曲，指尖朝上，如抱球状，然后左手不动，右手五指撮合向右侧移动，表示整体中的部分。|https://d.bmcx.com/shouyu/_file/d/c5b27902f2703af4.png
4149	差	数学	差 左手食指横伸，如“一”号；右手打手指字母“CH”的指式，表示两数相减的结果。|https://d.bmcx.com/shouyu/_file/1/28f04532c4e369b3.png
4150	超额	数学	（一）双手食指向前伸直，一手不动，一手向前移。（二）左手五指分开，指尖朝上，微微抖动；右手食指尖朝下，绕左手一圈。|https://d.bmcx.com/shouyu/_file/6/86cb6c59e1dd72e7.png
4151	长方形	数学	（一）双手食指相对，从中间向两侧拉开。（二）双手拇、食指相对，指尖相挨，搭成“方”形。（三）双手食、中指搭成“开”字形，然后右手伸中、无名、小指在旁一撇，如“彡”形，合成“形”字。|https://d.bmcx.com/shouyu/_file/3/4d2051bc0840af20.png
4152	乘方	数学	乘方 左手打手指字母“A”的指式；右手在左手右上角打手指字母“N”的指式，模仿乘方的“a”符号。|https://d.bmcx.com/shouyu/_file/3/010ba908f6e37f92.png
4153	幂	数学	幂 左手打手指字母“A”的指式；右手在左手右上角打手指字母“N”的指式，模仿乘方的“a”符号。|https://d.bmcx.com/shouyu/_file/4/54216e24cfa246c8.png
4154	大括号	数学	双手食指分别书空“{”、“}”形。|https://d.bmcx.com/shouyu/_file/1/c14b6380b7e48d43.png
4155	大于号	数学	大于号 右手食指书空“>”形。|https://d.bmcx.com/shouyu/_file/2/c1defa8e758ab3e6.png
4156	倒数	数学	（一）右手拇、小指伸直，拇指在上，再翻为小指在上。（二）一手五指向上，手指抖动几下。|https://d.bmcx.com/shouyu/_file/0/31ce052ea2aac48c.png
4157	相等	数学	相等 右手食、中指横伸，手背朝外，从左向右移动一下（移动的距离要比“等号”手势（一）的长些。|https://d.bmcx.com/shouyu/_file/c/8158200e16f2a859.png
4158	等腰	数学	（一）右手手背向外，食、中指横伸，并稍分开，从左向右微移。（二）双手食指相接成“∧”形，然后双手食指同时向斜下方移动。|https://d.bmcx.com/shouyu/_file/d/5471721b41206e6b.png
4159	等号	数学	（一）右手食、中指横伸，并稍分开，从左向右向右微移。（二）手指字母“H”的指式。|https://d.bmcx.com/shouyu/_file/3/ea56ff969b35fa9d.png
4160	对顶角	数学	（一）双手拇、小指伸出，手背向上，拇指指尖相对，从两侧向中间移动，并顶在一起。（二）左手拇、食指成“〈”形；右手食指沿“〈”形划一下。|https://d.bmcx.com/shouyu/_file/8/cf0091346add4370.png
4161	对应	数学	双手握拳相对，然后同时依次伸出食、中、无名、小指。|https://d.bmcx.com/shouyu/_file/5/195709f96cc7ab06.png
4162	额外	数学	（一）同“超额”手势（左手五指分开，指尖朝上，微微抖动；右手食指尖朝下，绕左手一圈。）（二）左手横伸，手背向外；右手伸食指，指尖向下，在左手背外向下指。|https://d.bmcx.com/shouyu/_file/4/180a3f0cfea3a116.png
4163	概率	数学	（一）一手五指分开，掌心向下，手腕左右侧转几下。（二）右手五指向上，交替点动几下，手背贴于左手横伸的食指。|https://d.bmcx.com/shouyu/_file/4/a557d9733fb523e4.png
4164	轨迹	数学	轨迹 左手拇、食指成半圆形，置于胸前；右手食指自基手食指尖作半圆形点动。|https://d.bmcx.com/shouyu/_file/c/1e8e60801a2f069b.png
4165	公里	数学	（一）同“公园”手势（双手拇、食指搭成“公”字。）（二）一手批手指字母“L”的指式，然后横向移动一下，表示长度。|https://d.bmcx.com/shouyu/_file/e/fdb78fa1e3524b10.png
4166	函数	数学	（一）左手拇、食指成“L”形；右手食指从左手虎口处向上划弧线，模仿函数的座标表示法。（二）同“倒数”手势（一手五指向上，手指抖动几下。）|https://d.bmcx.com/shouyu/_file/d/b6367de520ff6260.png
4167	行列式	数学	双手手背向外，食、中、无名、小指分开，指尖相对，光向两侧横移一下，然后双手食指在两侧由上向下划一下。|https://d.bmcx.com/shouyu/_file/c/de522742cebaa94e.png
4168	合并	数学	合并 左手食、中指伸直叉开；右手拇、食指将左手食、中指捏拢。|https://d.bmcx.com/shouyu/_file/8/70332038375738fe.png
4169	弧	数学	弧 右手食在面前划一弧线。|https://d.bmcx.com/shouyu/_file/5/e36bc8dd2c8aaca3.png
4170	化简	数学	（一）右手食、中指叉开，向上直立，反转一下。（二）一手拇、食指相捏，上下动几下。|https://d.bmcx.com/shouyu/_file/2/dff62dafd82e4fc0.png
4171	积	数学	积 左手食、中指相叠，表示“X”号。右手打手指字母“J”的指式，表示两数相乘的结果。|https://d.bmcx.com/shouyu/_file/6/667f322f3d92dddc.png
4172	基数	数学	（一）左手握拳；右手握住左手腕部。（二）同“倒数”手势（一手五指向上，手指抖动几下。）|https://d.bmcx.com/shouyu/_file/1/6c3b028e9b56e804.png
4173	集合	数学	（一）一手食指在面前画一椭圆形。（二）双手五指微曲，从两边向中间合拢。|https://d.bmcx.com/shouyu/_file/8/2b355fb5a1d9f616.png
4174	减少	数学	（一）双手掌心向外，拇指相对，其余四手指直立，然后向下移动与拇指相距5厘米。（二）一手拇、食指相对，拇指弹动食指尖。|https://d.bmcx.com/shouyu/_file/b/dd49bdeeee3e86b8.png
4175	解集	数学	（一）双手五指朝下微曲，指背相对，同时向两侧来回拨动。（二）同“集合”手势（一手食指在面前画一椭圆形。）|https://d.bmcx.com/shouyu/_file/0/59faf885f686f8c8.png
4176	距离	数学	双手侧立，掌心向内，一前一后，在后的手不动，在前的手向前移一下。|https://d.bmcx.com/shouyu/_file/f/02a5ae6f8b020816.png
4177	绝对值	数学	（一）两手食指直立，相距约30厘米，由上向下移动一下，模仿绝对值的符号。（二）同“倒数”手势（一手五指向上，手指抖动几下。）|https://d.bmcx.com/shouyu/_file/0/d3e80d088818b2f8.png
4178	刻度	数学	刻度 左手食指直立；右手食指在左手食指上自上而下横划几道。|https://d.bmcx.com/shouyu/_file/2/3a96f1b3b833713a.png
4179	口诀	数学	（一）一手食指沿口边划一圈。（二）一手拇、食指相对，间隔约5厘米，由一侧向另一侧移动。|https://d.bmcx.com/shouyu/_file/f/8af2919602fe0e6b.png
4180	菱形	数学	（一）双手拇、食指张开，指尖相对，然后同时向两侧移动，并逐渐两指相捏。（二）同“长方形”手势（双手拇、食指相对，指尖相挨，搭成“方”形。）|https://d.bmcx.com/shouyu/_file/c/f284313942af47b7.png
4181	量角器	数学	量角器 左手食指横伸；右手拇、食指成半圆形搭在左手食指上，模仿量角器的形状。|https://d.bmcx.com/shouyu/_file/e/7dc0ab28ee370b90.png
4182	半圆仪	数学	半圆仪 左手食指横伸；右手拇、食指成半圆形搭在左手食指上，模仿量角器的形状。|https://d.bmcx.com/shouyu/_file/a/3a9d5ada1bc7aca7.png
4183	命题	数学	（一）一手食、中指并拢，向下挥动。（二）同“题材”手势（左手侧立，掌心向内，五指分开；右手拇、食指相距约1厘米，在左手拇指旁向右移动一下。）|https://d.bmcx.com/shouyu/_file/0/223893d2d657ec74.png
4184	逆向	数学	双手伸食指，手背向外，一上一下，间隔10厘米，同时由右向左作等距离移动。|https://d.bmcx.com/shouyu/_file/d/a6936c4ccf2107c6.png
4185	平行	数学	双手伸食指，手背向外，一上一下，间隔10厘米，同时由右向左作等距离移动。|https://d.bmcx.com/shouyu/_file/f/5d85c269d8674192.png
4186	曲线	数学	（一）一手打手指字母“Q”的指式，然后作曲线形移动。（二）双手拇、食指指尖相捏，从中间向两旁拉开。|https://d.bmcx.com/shouyu/_file/8/35a866ad194b25c1.png
4187	切线	数学	切线 左手拇、食指捏成小圆圈，指尖部贴于右手直立的食指中部。|https://d.bmcx.com/shouyu/_file/d/e2b3e15e7e3d644f.png
4188	算式	数学	（一）双手五指向上，手指微微抖动。（二）一手拇、食指略分开，指尖朝前，向一侧移动。|https://d.bmcx.com/shouyu/_file/0/bf46664dc49994d1.png
4189	速度	数学	（一）一手打手指字母“S”的指式，并向一侧快速划动。（二）左手拇、食指伸出成半圆形，指尖朝下；右手食指在半圆内左右摆动几下，如速度仪表盘。|https://d.bmcx.com/shouyu/_file/e/be3ad0c239c491ae.png
4190	三角形	数学	（一）双手拇、食指搭成“△”形。（二）同“长方形”手势（双手拇、食指相对，指尖相挨，搭成“方”形。）|https://d.bmcx.com/shouyu/_file/3/d58e6e9748d1e060.png
4191	四边形	数学	（一）双手食指指尖朝前，在面前划“▃”形。（二）同“长方形”手势（双手拇、食指相对，指尖相挨，搭成“方”形。）|https://d.bmcx.com/shouyu/_file/9/443ac200485c6309.png
4192	商	数学	商 左手拇、中指搭在食指上，如“÷”号；右手打手指字母“SH”的指式，表示两面三刀数相除的结果。|https://d.bmcx.com/shouyu/_file/f/3ef1a934c339dcad.png
4193	线	数学	线 左手平伸，掌心向上；右手食指尖抵于左掌心，然后向任何一个方向伸出（表示物理“射线”的概念，用“照射”手势）。|https://d.bmcx.com/shouyu/_file/1/670de4d1bbeddf2a.png
4194	剩余	数学	（一）左手平伸，掌心向上；右手横立，手背向外，在左掌心上向内刮一下。（二）双手平伸，一上一下，上面的手掌拍一下下面的手背，并同时向下一按。|https://d.bmcx.com/shouyu/_file/b/216309f0af9e0975.png
4195	梯形	数学	（一）双手食指指尖朝前，在胸前划“梯”形。（二）同“长方形”手势（双手拇、食指相对，指尖相挨，搭成“方”形。）|https://d.bmcx.com/shouyu/_file/c/2eaa4224ca7aa675.png
4196	弦	数学	弦 左手拇、食指成半圆形；右手食指在半圆形内从上向下划一下，表示一直线与圆相交于两点。|https://d.bmcx.com/shouyu/_file/7/7396f142f3768506.png
4197	相反	数学	双手平伸，手背向上，指尖相对，左手不动，右手翻为掌心朝上。|https://d.bmcx.com/shouyu/_file/4/1282c07e6119fb68.png
4198	相交	数学	双手食指斜对，由下向上移动，然后两食指交叉在一起。|https://d.bmcx.com/shouyu/_file/6/16c27b6e2c6cb7c4.png
4199	相切	数学	相切 左手拇、食指捏成圆圈；右手食指弯曲，指背贴于圆圈的任意一点。|https://d.bmcx.com/shouyu/_file/7/f8df0a2edcfb7ea4.png
4200	相向	数学	双手拇、小指直立，然后由两旁向中间靠近。|https://d.bmcx.com/shouyu/_file/4/99362e01c93b6bef.png
4201	相遇	数学	双手拇、小指直立，然后由两旁向中间靠近。|https://d.bmcx.com/shouyu/_file/1/e12043113e5620da.png
4202	小括号	数学	双手食指分别书空“（）”。|https://d.bmcx.com/shouyu/_file/7/ea541c52c1ddfd55.png
4203	括号	数学	双手食指分别书空“（）”。|https://d.bmcx.com/shouyu/_file/c/0655cf1c12917935.png
4204	小于号	数学	小于号 右手食指书空“〈”形|https://d.bmcx.com/shouyu/_file/a/83d5ba1e01f6cf75.png
4205	验算	数学	（一）一手食、中指分开，指尖朝前，手背向上，在眼前左右动几下。（二）同“算式”手势（双手五指向上，手指微微抖动。）|https://d.bmcx.com/shouyu/_file/9/f160e00596e8ce55.png
4206	因式	数学	（一）手指字母“Y”的指式。（二）同“算式”手势（一手拇、食指略分开，指尖朝前，向一侧移动。）|https://d.bmcx.com/shouyu/_file/6/9475e0d6ebb2d041.png
4207	应用题	数学	（一）一手食、中指指背交替弹击下颏。（二）一手向前伸出小臂，五指先张开，然后向后微移，并收拢五指。（三）同“题材”手势（左手侧立，掌心向内，五指分开；右手拇、食指相距约1厘米，在左手拇指旁向右移动一下。）|https://d.bmcx.com/shouyu/_file/f/4267829034f425a5.png
4208	圆柱体	数学	（一）双手拇、食指成半圆形，一上一下，下面的手不动，上面的手向上一提，如圆柱形。（二）一手贴于胸部，向下微移。|https://d.bmcx.com/shouyu/_file/c/4df7afda94e51f34.png
4209	约等于	数学	约等于 右手食、中指横伸，作“≈”形移动。|https://d.bmcx.com/shouyu/_file/4/af94f459459c8526.png
4210	正方形	数学	（一）双手直立，掌心相对，从胸侧向前一顿。（二）双手拇、食指搭成“□”形。（三）同“长方形”手势（双手拇、食指相对，指尖相挨，搭成“方”形。）|https://d.bmcx.com/shouyu/_file/8/832467685eaf6a09.png
4211	直线	数学	（一）右手五指并拢，指尖朝前，向前直伸。（二）同“曲线”手势（双手拇、食指指尖相捏，从中间向两旁拉开。）|https://d.bmcx.com/shouyu/_file/f/150a6c4d5dfa557a.png
4212	周长	数学	（一）左手拇、食指成半圆形；右手食指沿左手拇、食指划一圆圈。（二）双手食指相对，指尖朝上，从中间向两侧拉开。|https://d.bmcx.com/shouyu/_file/1/c2127d3b2bbe867b.png
4213	中括号	数学	双手食指指尖向前，在面前分别划“〔〕”形。|https://d.bmcx.com/shouyu/_file/d/e5bd7c2224f697d3.png
3889	舌	卫生	舌 舌头伸出口外，以一手食指指舌头。|https://d.bmcx.com/shouyu/_file/9/a336a7978e1db9a0.png
3890	舌头	卫生	舌头 舌头伸出口外，以一手食指指舌头。|https://d.bmcx.com/shouyu/_file/0/73329f265dd2d91d.png
3891	牙齿	卫生	牙齿 嘴张开，以一手食指指牙齿。|https://d.bmcx.com/shouyu/_file/4/a7784c30989badca.png
3892	牙	卫生	牙 嘴张开，以一手食指指牙齿。|https://d.bmcx.com/shouyu/_file/a/b117ee670156fbd1.png
3893	喉	卫生	一手食指指喉部|https://d.bmcx.com/shouyu/_file/0/06bf0c73fd93fa83.png
3894	喉咙	卫生	一手食指指喉部|https://d.bmcx.com/shouyu/_file/2/83e356cfd85cb28b.png
3895	食道	卫生	（一）一手食、中指在嘴边划动，模仿用筷子吃饭状。（二）一手拇、食两指捏成小圆圈，自喉部往下移，象征食管。|https://d.bmcx.com/shouyu/_file/5/66fc50b0de7a79a3.png
3896	食管	卫生	（一）一手食、中指在嘴边划动，模仿用筷子吃饭状。（二）一手拇、食两指捏成小圆圈，自喉部往下移，象征食管。|https://d.bmcx.com/shouyu/_file/c/9afe8117bf37b49a.png
3897	胸	卫生	一手食指指胸部。|https://d.bmcx.com/shouyu/_file/9/a477ba5ab7e04c52.png
3898	腰	卫生	一手食指指腰部。|https://d.bmcx.com/shouyu/_file/7/93b0c9a7e3615b27.png
3899	肠	卫生	一手拇、食两指捏成小圆圈，，再腹部绕两三圈。|https://d.bmcx.com/shouyu/_file/5/9a66d9d690d377d0.png
3900	胃	卫生	一手伸掌，掌心捂于胸下部。|https://d.bmcx.com/shouyu/_file/8/4286959fadbfaa88.png
3901	心	卫生	双手拇、食指搭成“心”形，贴于左胸部。|https://d.bmcx.com/shouyu/_file/3/90dfc7e1f97f9aa4.png
3902	心脏	卫生	双手拇、食指搭成“心”形，贴于左胸部。|https://d.bmcx.com/shouyu/_file/6/fdd789ff9836bf30.png
3903	肺	卫生	双手指尖向下，掌心贴于胸两边，表示肺。|https://d.bmcx.com/shouyu/_file/3/a024cd8efc0ce489.png
3904	肝	卫生	肝 左手食、中两指与右手食指搭成“干”字形，置于右胸下肝脏部位。|https://d.bmcx.com/shouyu/_file/2/966bae1f96744310.png
3905	肾	卫生	（一）手指字母“SH”的指式。（二）一手食指指肾部。|https://d.bmcx.com/shouyu/_file/a/f064ae729eeb7a7b.png
3906	骨	卫生	骨 右手食指弯曲，在左拳腕关节处点一下。|https://d.bmcx.com/shouyu/_file/6/71289b9d4e62cca9.png
3907	骨骼	卫生	骨骼 右手食指弯曲，在左拳腕关节处点一下。|https://d.bmcx.com/shouyu/_file/5/cda6fa917d8e8e0b.png
3908	皮肤	卫生	一手伸拇、食指，揪一下另一手背上的表皮。|https://d.bmcx.com/shouyu/_file/7/456dc0f490572ea0.png
3909	乳房	卫生	一手五指微曲，罩在乳房部位。|https://d.bmcx.com/shouyu/_file/d/0c5562b378a60dd1.png
3910	神经	卫生	一手食指指尖自头部开始，沿耳、面颊、肩部划下去，表示身上的神经脉络。|https://d.bmcx.com/shouyu/_file/f/5ebb4a30f96a2dfc.png
3911	血	卫生	（一）一手打手指字母“H”的指式，贴在唇上，表示红色。（二）右手四指抵在左手背上，沿指尖方向向下移，象征血液向下流。|https://d.bmcx.com/shouyu/_file/6/565c5fad550e8ae1.png
3912	血液	卫生	（一）一手打手指字母“H”的指式，贴在唇上，表示红色。（二）右手四指抵在左手背上，沿指尖方向向下移，象征血液向下流。|https://d.bmcx.com/shouyu/_file/f/c867610cefc0b452.png
3913	血型	卫生	（一）一手打手指字母“H”的指式，贴在唇上，表示红色。（二）右手四指抵在左手背上，沿指尖方向向下移，象征血液向下流。（三）双手五指微曲，指尖相对，交替转动，表示形状。|https://d.bmcx.com/shouyu/_file/3/687e76e27a318e15.png
3914	血管	卫生	（一）一手打手指字母“H”的指式，贴在唇上，表示红色。（二）右手四指抵在左手背上，沿指尖方向向下移，象征血液向下流。（三）一手食指指尖顺着另一手臂从上向下作曲线移动，象征血管。|https://d.bmcx.com/shouyu/_file/c/e5f87c27b81c8d6b.png
3915	血压	卫生	（一）一手打手指字母“H”的指式，贴在唇上，表示红色。（二）右手四指抵在左手背上，沿指尖方向向下移，象征血液向下流。（三）左掌直立，右手食指贴于左掌心，上下微动，象征血压计上的水银柱上下移动。|https://d.bmcx.com/shouyu/_file/8/34b3c2721e9ef721.png
3916	粪	卫生	一手打手指字母“F”的指式并向下微甩。|https://d.bmcx.com/shouyu/_file/9/fdd9da1b5132939d.png
3917	粪便	卫生	一手打手指字母“F”的指式并向下微甩。|https://d.bmcx.com/shouyu/_file/d/0f6e9c6c01e5500f.png
3918	尿	卫生	一手打手指字母“N”的指式并向下微动。|https://d.bmcx.com/shouyu/_file/8/9b18a2c8b5f11152.png
3919	月经	卫生	（一）双手伸拇、食指，相距约一寸，指尖相对，然后作弧形向左右分开并向下移，如月牙状。（二）手指字母“J”的指式。|https://d.bmcx.com/shouyu/_file/1/e2495d4b24c6790d.png
3920	痰	卫生	一手拇、食指捏成小圆圈，从口边向下甩，如吐痰之状。|https://d.bmcx.com/shouyu/_file/a/c76455b56d1dee8d.png
3921	病	卫生	一手食、中、无名指搭于另一手脉门处，如中医诊脉动作。|https://d.bmcx.com/shouyu/_file/a/2c0e06eccc262679.png
3922	咳嗽	卫生	一手食指指喉部，口微张，头部点动几下，如咳嗽动作。|https://d.bmcx.com/shouyu/_file/d/6fc52dc5ece1e9aa.png
3923	咳	卫生	一手食指指喉部，口微张，头部点动几下，如咳嗽动作。|https://d.bmcx.com/shouyu/_file/d/c1643aa7596b65f0.png
3924	咯血	卫生	（一）右手掌心向上，自胸部上移至口边，再向外翻，如呕吐状。（二）一手打手指字母“H”的指式，贴在唇上，表示红色。（三）右手四指抵在左手背上，沿指尖方向向下移，象征血液向下流。|https://d.bmcx.com/shouyu/_file/8/ff3cb2355b18c4bd.png
3925	贫血	卫生	（一）手指字母“P”的指式。（二）一手打手指字母“H”的指式，贴在唇上，表示红色。（三）右手四指抵在左手背上，沿指尖方向向下移，象征血液向下流。|https://d.bmcx.com/shouyu/_file/a/cd0cd21a4fbae674.png
3926	发炎	卫生	（一）双手五指虚撮，指尖向上，靠在一起，向左右分开，五指同时放开。（二）一手五指微曲，指尖向上，微动两下。|https://d.bmcx.com/shouyu/_file/7/2f0f9211f90c15c7.png
3927	发热	卫生	一手先按于前额，面作痛苦表情，然后手移至头边，五指微曲，指尖向上，微动两下。|https://d.bmcx.com/shouyu/_file/0/6095f7c2ffe9e79b.png
3928	发烧	卫生	一手先按于前额，面作痛苦表情，然后手移至头边，五指微曲，指尖向上，微动两下。|https://d.bmcx.com/shouyu/_file/9/95b325dbd4571a96.png
3929	昏迷	卫生	（一）一手五指微曲，指尖朝着前额转一圈，表示头昏。（二）一手拇、小指直立在另一手掌心上，然后向一侧倒下。|https://d.bmcx.com/shouyu/_file/b/7893b0434f1aac84.png
3930	休克	卫生	（一）一手五指微曲，指尖朝着前额转一圈，表示头昏。（二）一手拇、小指直立在另一手掌心上，然后向一侧倒下。|https://d.bmcx.com/shouyu/_file/7/0afb681c80a33c34.png
3931	失眠	卫生	一手拇、食指相捏，置于眼部开合几下，如眼睛时开时闭状，表示不能入睡。|https://d.bmcx.com/shouyu/_file/f/d01b9afed7f56ee0.png
3932	呕吐	卫生	呕吐 右手掌心向上，自胸部上移至口边再向外翻，身躯微向前倾，作呕吐状。|https://d.bmcx.com/shouyu/_file/9/36daf4486771bb57.png
3933	呕	卫生	呕 右手掌心向上，自胸部上移至口边再向外翻，身躯微向前倾，作呕吐状。|https://d.bmcx.com/shouyu/_file/e/d1b2f0982589029d.png
3934	浮肿	卫生	双手五指微曲，指尖抵于颊部，缓缓向外移，同时两腮鼓起，象征脸部肿胀。|https://d.bmcx.com/shouyu/_file/c/63d53cd9b6b87788.png
3935	损伤	卫生	双手食、中指弯曲如钩，互相咬住，分别向不同方向扭转，表示关节或肌体扭伤|https://d.bmcx.com/shouyu/_file/0/9782173953a7659f.png
3936	扭伤	卫生	双手食、中指弯曲如钩，互相咬住，分别向不同方向扭转，表示关节或肌体扭伤|https://d.bmcx.com/shouyu/_file/8/9461c94aac14553b.png
3937	硬化	卫生	（一）右手拇、食指捏住左手食指尖，挺立不动，表示坚硬。（二）手指字母“H”指式，并平行移动一下。|https://d.bmcx.com/shouyu/_file/0/6d89c6c2d9ecff86.png
3938	僵化	卫生	（一）右手拇、食指捏住左手食指尖，挺立不动，表示坚硬。（二）手指字母“H”指式，并平行移动一下。|https://d.bmcx.com/shouyu/_file/2/9531e8579de6b5e6.png
3939	消化	卫生	双手掌心相合，置于胃部轻轻摩擦几下，象征胃消化食物。|https://d.bmcx.com/shouyu/_file/1/77f7fd78d6d41e2d.png
3940	中暑	卫生	（一）右手五指微曲，在额旁上下扇动，表示热。（二）一手拇、小指直立在另一手掌心上，然后向一侧倒下。|https://d.bmcx.com/shouyu/_file/b/3e9623d4a920f754.png
3941	感冒	卫生	一手五指撮合，指尖抵于额部，面现痛苦表情，表示头痛。另一手捂于胸部，表示胸闷难受。|https://d.bmcx.com/shouyu/_file/4/e95e857364dfa296.png
3942	气喘	卫生	一手打手指字母“Q”指式，贴于喉部气管部位，上下移动，并作呼吸困难状。|https://d.bmcx.com/shouyu/_file/7/1ca0cc70db42ad90.png
3943	哮喘	卫生	一手打手指字母“Q”指式，贴于喉部气管部位，上下移动，并作呼吸困难状。|https://d.bmcx.com/shouyu/_file/8/c9539739559b125b.png
3944	抽搐	卫生	双手五指微曲，如鸡抓状，在胸前微微抖动，如抽搐状。|https://d.bmcx.com/shouyu/_file/2/0ab070d61f44fd27.png
3945	瘫痪	卫生	（一）手指字母“T”的指式。（二）一手伸拇、小指，直立在另一手手心上，然后向一侧倒下。|https://d.bmcx.com/shouyu/_file/5/45cd5e9fdf221d2c.png
3946	白喉	卫生	（一）右手轻拍一下左手背，然后打手指字母“B”的指式。（二）一手食指指喉部。|https://d.bmcx.com/shouyu/_file/6/f21d2f71e4da5867.png
3947	痢疾	卫生	（一）一手五指微曲，捂住肚子，脸现痛苦表情，表示腹痛。（二）一手拇、食指捏成小圆圈，其余三指微曲（即“厕所”手势）。|https://d.bmcx.com/shouyu/_file/1/8497073c2e1e91d6.png
3948	疟疾	卫生	（一）双手握拳，在胸前微微抖动，表示寒冷。（二）右手五指微曲，掌心向下，在额旁上下扇动（即“热”手势）。忽冷忽热，表示疟疾。|https://d.bmcx.com/shouyu/_file/d/7e278354a00383b8.png
3949	痔疮	卫生	痔疮 左手握拳伸出拇指，右手五指撮合，指尖抵于左拳底部。|https://d.bmcx.com/shouyu/_file/d/426f413b67510173.png
3950	冻疮	卫生	（一）双手握拳，在胸前微微抖动。（二）右手五指弯曲，抵于左手背上。|https://d.bmcx.com/shouyu/_file/1/74ca0ab798106a98.png
3951	癣	卫生	（一）手指字母“X”的指式。（二）右手五指弯曲，在左手背上骚动，如瘙痒状。|https://d.bmcx.com/shouyu/_file/a/42153b4d27ed7a42.png
3952	麻疹	卫生	（一）一手五指弯曲，指尖在胸部点几下。（二）手指字母“ZH”的指式。|https://d.bmcx.com/shouyu/_file/e/524fbbed810663d5.png
3953	伤寒	卫生	（一）手指字母“SH”的指式。（二）双手握拳，在胸前微微抖动。|https://d.bmcx.com/shouyu/_file/6/1630ce194717c574.png
3954	沙眼	卫生	（一）一手食指微曲，在另一手掌心上点几下。（二）一手食指指眼睛。|https://d.bmcx.com/shouyu/_file/5/ec0229fecd34382f.png
3955	气管炎	卫生	（一）一手食指自喉部向下划。（二）一手五指微曲，指尖向上，上下微动几下。|https://d.bmcx.com/shouyu/_file/9/bd4e95c45685fbd3.png
3956	关节炎	卫生	（一）双手食、中指弯曲，互相咬住。（二）一手五指微曲，指尖向上，上下微动几下。|https://d.bmcx.com/shouyu/_file/a/9684d3e0ab9221f5.png
3957	中耳炎	卫生	（一）一手食指指耳部。（二）一手五指微曲，指尖向上，上下微动几下。|https://d.bmcx.com/shouyu/_file/d/3292aebd8fee0aab.png
3958	盲肠炎	卫生	（一）一手食、中指抵住双眼，眼微闭，即“盲”字义。（二）右手食指指右腰下盲肠部位。（三）一手五指微曲，指尖向上，上下微动几下。|https://d.bmcx.com/shouyu/_file/c/aace243e151898e1.png
3959	阑尾炎	卫生	（一）一手食、中指抵住双眼，眼微闭，即“盲”字义。（二）右手食指指右腰下盲肠部位。（三）一手五指微曲，指尖向上，上下微动几下。|https://d.bmcx.com/shouyu/_file/e/dcca88d967e5ec37.png
3960	瘤	卫生	瘤 左手拇、小指直立不动，右手五指撮合，指尖抵于左拳中间，象征人体上生肿瘤。|https://d.bmcx.com/shouyu/_file/3/b71ca82a6609e1f0.png
3961	肿瘤	卫生	肿瘤 左手拇、小指直立不动，右手五指撮合，指尖抵于左拳中间，象征人体上生肿瘤。|https://d.bmcx.com/shouyu/_file/c/43af3b6eeb04a7c4.png
3962	癌	卫生	一手伸拇、食、小指，指尖向上，如“山”字形。另一手拇、食指捏成小圆（其余三指微曲），抵于食指尖上。|https://d.bmcx.com/shouyu/_file/b/85e6aff087542b5b.png
3963	疙瘩	卫生	疙瘩 右手五指撮合，指健在左手手背上点几下。|https://d.bmcx.com/shouyu/_file/3/c45858fbf116f318.png
3964	药	卫生	一手连打手指字母“Y”“O”两个指式。|https://d.bmcx.com/shouyu/_file/2/2d4f550243d8f2a0.png
3965	中药	卫生	（一）左手拇、食指捏成小圆，与右手食指搭成“中”字形。（二）一手连打手指字母“Y”“O”两个指式。|https://d.bmcx.com/shouyu/_file/f/a66f2692a896c9a0.png
3966	西药	卫生	（一）右手五指撮合，指尖在胸部点几下，如西医听诊动作。（二）一手连打手指字母“Y”“O”两个指式。|https://d.bmcx.com/shouyu/_file/c/6d48e1a019971c2e.png
3967	药片	卫生	（一）一手连打手指字母“Y”“O”两个指式。（二）一手拇、食指捏成小圆圈。|https://d.bmcx.com/shouyu/_file/0/e27a94856bd1d39f.png
3968	膏药	卫生	（一）双手掌心相贴，缓慢向两边张开，如揭开膏药状。（二）右掌向左手背轻拍一下，如贴膏药。|https://d.bmcx.com/shouyu/_file/4/49092fca19b3d913.png
3969	眼药	卫生	一手拇、食、中指虚捏，如持眼药水瓶向眼中点眼药水状。|https://d.bmcx.com/shouyu/_file/d/0239afc4efc8aeb9.png
3970	人丹	卫生	（一）双手食指搭成“人”字形。（二）一手平伸，掌心向上，往口边一送，如吞服人丹动作。|https://d.bmcx.com/shouyu/_file/d/9608909c07079e32.png
3971	甘油	卫生	（一）手指字母“G”的指式。（二）一手伸拇、小指，拇指向下点动两下。|https://d.bmcx.com/shouyu/_file/5/e9b6f1612f878461.png
3972	红药水	卫生	（一）一手打手指字母“H”的指式，指尖贴在嘴唇上，即“红”手势。（二）一手拇、食、中指相捏，如捏药棉在另一手背作涂擦状。|https://d.bmcx.com/shouyu/_file/9/808bb412e7b113a8.png
3973	紫药水	卫生	（一）手指字母“Z”的指式。（二）一手拇、食、中指相捏，如捏药棉在另一手背作涂擦状。|https://d.bmcx.com/shouyu/_file/4/42969837ae3b4671.png
3974	十滴水	卫生	一手食、中指交叉作“×”形，指尖向下点动几下。|https://d.bmcx.com/shouyu/_file/f/e1570d12ab1856dd.png
3975	酒精	卫生	（一）一手打手指字母“J”的指式。（二）一手拇、是、中指并拢，在另一手臂上作擦酒精状。|https://d.bmcx.com/shouyu/_file/3/a9d35302e39f4c0d.png
3976	樟脑	卫生	（一）右手拇、食、中指撮合按在左手掌心上，如盖章状。（二）一手拇、食指捏成小圆，置于鼻下作嗅状。|https://d.bmcx.com/shouyu/_file/1/3b75b1c1a9675655.png
3977	药棉	卫生	（一）手指字母“Y”“O”的指式。（二）一手四指并拢在上，拇指在下，作“[”形，轻微捏合几下。|https://d.bmcx.com/shouyu/_file/9/0278d65afbd85649.png
3978	纱布	卫生	（一）双手五指分开交叉相叠，向两边拉开，象征纱布的网眼。（二）一手食、中指揪一下上衣。|https://d.bmcx.com/shouyu/_file/b/8f0d9dddb331f6a5.png
3979	橡皮膏	卫生	（一）双手拇、食指相捏，指尖相对如捏物状，然后朝相反方向撕开。（二）右手食、中指在左手背上作贴橡皮膏状。|https://d.bmcx.com/shouyu/_file/b/703b740c2591b2b3.png
3980	绷带	卫生	（一）右手五指撮合绕左手食指转一圈，如缠绷带状。（二）双手伸拇、食指，相距约一寸，指尖相对，向两旁拉开。|https://d.bmcx.com/shouyu/_file/8/5ce60963f2ae518c.png
3981	口罩	卫生	双手伸拇、食指，相距约两寸，指尖相对，贴于鼻上嘴下，向两旁拉开，如戴口罩状。|https://d.bmcx.com/shouyu/_file/a/1c7a0da8c946a661.png
3982	体温表	卫生	（一）一手食指指尖抵在嘴角处，如含体温表。（二）右手食指伸直，左手食指横贴在右手食指上，上下微移，表示水银计之升降。|https://d.bmcx.com/shouyu/_file/1/fc156ef5c174c780.png
3983	助听器	卫生	一手拇、食、中指撮合，先置于左胸部，然后上移到耳朵边。|https://d.bmcx.com/shouyu/_file/a/1384ef8b8b58b547.png
3984	医院	卫生	（一）一手拇、食指搭成“十”字形置于前额。（二）双手搭成“＾”形。|https://d.bmcx.com/shouyu/_file/7/625e00d01db22175.png
3985	门诊	卫生	（一）双手五指并拢，手心向外，并排起来。（二）一手按于另一手腕脉门处，如中医诊脉状。|https://d.bmcx.com/shouyu/_file/1/bfd27d633379d0e8.png
3986	诊断	卫生	（一）一手按于另一手腕脉门处，如中医诊脉状。（二）一手伸食指向下一挥，表示决定、判定。|https://d.bmcx.com/shouyu/_file/1/025abd15635ea787.png
3987	内科	卫生	（一）左手侧伸，掌心向内。右手食指在左掌心内从上向下移。（二）手指字母“K”的指式。|https://d.bmcx.com/shouyu/_file/a/15e2e4d709793316.png
3988	外科	卫生	（一）左手侧伸，掌心向内。右手食指在左手背外向下指。（二）手指字母“K”的指式。|https://d.bmcx.com/shouyu/_file/f/cc4e21f529acff1c.png
3989	放射科	卫生	（一）双手食指达成“X”形，在胸前转一圈。（二）手指字母“K”的指式。|https://d.bmcx.com/shouyu/_file/6/1f5ec27ad07c8f68.png
3990	X光科	卫生	（一）双手食指达成“X”形，在胸前转一圈。（二）手指字母“K”的指式。|https://d.bmcx.com/shouyu/_file/5/9f499958dab31858.png
3991	消毒	卫生	（一）双手上举，掌心向外，然后向前扑下，随即五指并拢相捏。（二）一手伸小指向下一甩，表示“坏”“毒”之意。|https://d.bmcx.com/shouyu/_file/4/af18708e65c1c72e.png
3992	麻醉	卫生	（一）手指字母“M”的指式。（二）右手五指微曲，在眼前转两圈，同时身体微微晃动，如将要昏迷状。|https://d.bmcx.com/shouyu/_file/0/06c0062d688d11d8.png
3993	针灸	卫生	针灸 右手拇、食、中指互捏，在左手虎口上一面捻动一面微微升降，如针灸动作。|https://d.bmcx.com/shouyu/_file/c/cf31ad2c5ad9c67f.png
3994	手术	卫生	（一）一手拍另一手背。（二）右手侧立在左掌心上向后移，作切割状。|https://d.bmcx.com/shouyu/_file/0/77b51676649e4f46.png
3995	试管	卫生	（一）一手伸出食、中指，在眼部晃动几下。（二）双手拇、食指搭成圆圈，一上一下。在下的不动，在上的向上移动。|https://d.bmcx.com/shouyu/_file/0/2f525f3ece9357f3.png
3996	化验	卫生	双拳虚握，互相重叠贴于眼部，同时双拳微微转动，模拟化验时以显微镜观察物体的动作。|https://d.bmcx.com/shouyu/_file/d/12b1b5df9dcde161.png
3997	显微镜	卫生	双拳虚握，互相重叠贴于眼部，同时双拳微微转动，模拟化验时以显微镜观察物体的动作。|https://d.bmcx.com/shouyu/_file/8/442e109f0fc5e97c.png
3998	输血	卫生	（一）一手食指向另一手肘弯处作插针状。（二）一手打手指字母“H”的指式，贴在唇上，表示红色。（三）右手四指抵在左手背上，沿指尖方向向下移，象征血液向下流。|https://d.bmcx.com/shouyu/_file/2/a04a0204f65028a8.png
3999	急救	卫生	（一）双手五指弯曲，指尖抵于胸前，上下速动几下，表示紧急。（二）一手伸拇、小指横握在另一手手心上，然后向上托起，象征将人救起。|https://d.bmcx.com/shouyu/_file/f/76fae122429845f0.png
4000	环境	卫生	（一）双手搭成“＾”形。（二）左手不动，右手食指绕左手转一圈。|https://d.bmcx.com/shouyu/_file/0/e6cadbabe401b838.png
4001	传染	卫生	传染 右手食、中、无名指按在左手脉门处，如中医诊脉状，然后右手向周围划一大圈，同时五指放开。|https://d.bmcx.com/shouyu/_file/f/68b8acc2a60c302c.png
4002	污染	卫生	污染 右手伸小指，制尖在左手掌心上划过，然后右手向周围划一大圈，同时五指放开，表示污染。|https://d.bmcx.com/shouyu/_file/4/d9d6e3ebb878fedf.png
4003	预防	卫生	（一）右手食指点一下左手拇指。（二）双手伸掌，在胸前向外推出。|https://d.bmcx.com/shouyu/_file/5/2f25fd47ea0e4cd5.png
4004	营养	卫生	（一）一手伸掌，掌心贴胸转一圈。（二）右手五指撮合，指尖向左手食指点两下，象征向身体提供营养物质。|https://d.bmcx.com/shouyu/_file/e/584016cd20fbc21b.png
4005	健康	卫生	双手贴于胸前，向下微移，同时握拳伸拇指并向下一顿。|https://d.bmcx.com/shouyu/_file/7/daccfd47340849fd.png
4006	保健	卫生	（一）双手伸掌，向前微按两下，表示“保护”“帮助”之意。（二）双手贴于胸前，向下微移，同时握拳伸拇指并向下一顿。|https://d.bmcx.com/shouyu/_file/0/5a297a6d16f5d7be.png
4007	病历	卫生	（一）右手食、中、无名指按在左手脉门处，如中医诊脉状。（二）一手拇、食、中指撮合，如执笔写字状。（三）双手掌心相贴，左手不动，右手作弧形转动。|https://d.bmcx.com/shouyu/_file/a/7f324ef6bfd3e0ba.png
4008	循环	卫生	一手伸食指，在胸腹上划几圈。|https://d.bmcx.com/shouyu/_file/d/8c0de77da8e5f1e0.png
4009	常规	卫生	（一）右手食、中指在太阳穴上敲几下。（二）一手伸掌侧立，在眼前方一顿一顿移动几下。|https://d.bmcx.com/shouyu/_file/a/5cc40a18ee0092d9.png
4010	生育	卫生	（一）左手虚握，虎口向上。右手小指置于左拳内，再向下抽出。（二）一手掌心贴于腹部，向外缓缓移动，如腹部隆起状。|https://d.bmcx.com/shouyu/_file/b/c831db51fb4a6a20.png
4011	节育	卫生	（一）手指字母“J”的指式。（二）一手掌心贴于腹部，向外缓缓移动，如腹部隆起状。|https://d.bmcx.com/shouyu/_file/1/32cc6e9dc9401da9.png
4012	绝育	卫生	（一）一手侧伸，在另一掌心上顿一下，表示禁绝。（二）一手掌心贴于腹部，向外缓缓移动，如腹部隆起状。|https://d.bmcx.com/shouyu/_file/0/9ca1d651069089fb.png
4013	避孕	卫生	（一）双手从胸前向外推出，表示防止、避免。（二）一手掌心贴于腹部，向外缓缓移动，如腹部隆起状。|https://d.bmcx.com/shouyu/_file/d/f0fcef2cdb31ab33.png
4014	孕妇	卫生	（一）一手掌心贴于腹部，向外缓缓移动，如腹部隆起状。（二）一手拇、食指捏耳垂|https://d.bmcx.com/shouyu/_file/5/8331d1bbb2b81fee.png
4015	产妇	卫生	（一）左手虚握，虎口向上。右手伸小指置于左拳内，再向下抽出。（二）一手拇、食指捏耳垂。|https://d.bmcx.com/shouyu/_file/4/fa203ee5bc241124.png
4016	分娩	卫生	（一）一手掌心贴于腹部，向外缓缓移动，如腹部隆起状。（二）左手虚握，虎口向上。右手伸小指置于左拳内，再向下抽出。|https://d.bmcx.com/shouyu/_file/1/2e1cb650724b7409.png
4017	诞生	卫生	诞生 左手虚握，虎口向上，右手小指置于左拳内，然后向下抽出。|https://d.bmcx.com/shouyu/_file/2/417fed560cb9c542.png
4018	出生	卫生	出生 左手虚握，虎口向上，右手小指置于左拳内，然后向下抽出。|https://d.bmcx.com/shouyu/_file/5/82a934fe8081cf06.png
4019	成长	卫生	一手平伸，掌心向下，往上缓缓移动，表示长大。|https://d.bmcx.com/shouyu/_file/6/7468a892a8e62445.png
4020	长大	卫生	一手平伸，掌心向下，往上缓缓移动，表示长大。|https://d.bmcx.com/shouyu/_file/d/c330a3d1a68baf12.png
4021	疤	卫生	（一）手指字母“B”的指式。（二）一手五指在另一手背上撮合。|https://d.bmcx.com/shouyu/_file/b/1906d824a7dce720.png
4022	保养	卫生	（一）双手掌心向外，向前微按。（二）左手食指直立不动；右手拇指与四指相捏，移近左手食指。|https://d.bmcx.com/shouyu/_file/e/ed4a48ba12ecbf5a.png
4023	B超	卫生	（一）手指字母“B”的指式。（二）一手五指虚握，掌心对着身体，在腹部来回移动，模仿B超作检查的动作。|https://d.bmcx.com/shouyu/_file/7/f3c440ee5719fcf3.png
4024	辫子	卫生	双手由耳边向下作编辫子的动作。|https://d.bmcx.com/shouyu/_file/7/8acbaeda6e0f4f5d.png
4025	测听	卫生	（一）双手五指朝下，作拧旋钮动作，模仿操作测听仪动作。（二）双手手指微曲，分别扣在两耳上，表示戴着耳机，同时面露仔细听的神态。|https://d.bmcx.com/shouyu/_file/6/b1e1747793e6d69f.png
4026	CT	卫生	CT 左手打手指字母“C”的指式；右手伸食指在左手旁边书空“T”字母。|https://d.bmcx.com/shouyu/_file/9/26ffc69e0dc06f31.png
4027	担架	卫生	（一）双手握拳分别置于身体两侧，上下微动，模仿抬担架状。（二）左手伸食、中指，指背向上；右手伸拇、小指，手背压在左手食、中指上，并颠动两下。|https://d.bmcx.com/shouyu/_file/5/6f87d7f333ffa0a2.png
4028	胆	卫生	胆 右手先打手指字母“D”的指式，然后拇、食指捏成小圆圈，虎口向外，置于右肋下部位。|https://d.bmcx.com/shouyu/_file/0/001c95dd4a26870b.png
4029	胆囊	卫生	胆囊 右手先打手指字母“D”的指式，然后拇、食指捏成小圆圈，虎口向外，置于右肋下部位。|https://d.bmcx.com/shouyu/_file/7/88a7530960dd528f.png
4030	痱子	卫生	（一）一手五指微张，擦下前额后向外侧挥动一下。（二）一手五指微曲，在额前点动几下。|https://d.bmcx.com/shouyu/_file/a/7cac318acc8f295a.png
4031	疯	卫生	疯 两手食指指太阳穴处，然后五指张开抖动几下，面呈抽搐样。|https://d.bmcx.com/shouyu/_file/5/ec0a5a368fc79dfe.png
4032	风湿病	卫生	（一）一手五指微曲，指尖朝上，左右来回微微扇动。（二）一手拇指与四指相对，并捏动几下。（三）右手食、中、无名指按在左手脉门处。|https://d.bmcx.com/shouyu/_file/9/ca27ae39c0069888.png
4033	风湿	卫生	（一）一手五指微曲，指尖朝上，左右来回微微扇动。（二）一手拇指与四指相对，并捏动几下。（三）右手食、中、无名指按在左手脉门处。|https://d.bmcx.com/shouyu/_file/7/d98156467bde0623.png
4034	复活	卫生	（一）双手平伸，掌心向下，然后翻动转为掌心向上。（二）一手食指边转动向上移。|https://d.bmcx.com/shouyu/_file/9/f1067268e2953448.png
4035	腹泻	卫生	（一）一手捂于腹部，面露不舒服样。（二）左手拇、小指伸出置于右手背上；右手五指朝下，连续作撮合、张开的动作。|https://d.bmcx.com/shouyu/_file/c/fdc2fa48bcbbd5cb.png
4036	拉肚子	卫生	（一）一手捂于腹部，面露不舒服样。（二）左手拇、小指伸出置于右手背上；右手五指朝下，连续作撮合、张开的动作。|https://d.bmcx.com/shouyu/_file/1/026be4d9e442443e.png
4037	感染	卫生	一手五指撮合在另一侧手臂上点一下，然后缓缓放开五指，表示受感染报局部发炎。|https://d.bmcx.com/shouyu/_file/4/1484e22a62a7e0c5.png
4038	挂号处	卫生	（一）一手中、无名、小指向下，在另一手掌心上点一下。（二）一手拇指和虎口贴于嘴边，其他四指并拢直立。|https://d.bmcx.com/shouyu/_file/f/91aae48788165662.png
4039	挂号	卫生	（一）一手中、无名、小指向下，在另一手掌心上点一下。（二）一手拇指和虎口贴于嘴边，其他四指并拢直立。|https://d.bmcx.com/shouyu/_file/2/6db9e0149404c29b.png
4040	过敏	卫生	（一）右手食指在左腕处扎一下，模仿打皮试针。（二）右手五指撮合，指尖朝下置于针眼处，然后稍张开，表示过敏红肿反应。|https://d.bmcx.com/shouyu/_file/5/8eae2499396abab4.png
4041	护理	卫生	（一）双手掌心抽外拍动几下。（二）手指字母“L”的指式。|https://d.bmcx.com/shouyu/_file/e/23198cb58352de83.png
4042	划价	卫生	（一）左手横伸，掌心向上；右手食、中指伸出，在左手掌上划一下。（二）一手拇、食指捏成小圆圈，微动几下。|https://d.bmcx.com/shouyu/_file/5/e600dabd793465a9.png
4043	会诊	卫生	（一）双手手指微曲，掌心相对，由两侧向中间合拢。（二）一手五指撮合，在心肺部点几下，模仿听诊动作。|https://d.bmcx.com/shouyu/_file/2/b3cc504a11dfa1f9.png
4044	畸形	卫生	（一）手指字母“J”的指式。（二）双手食、中指搭成“开”字形，右手伸中、无名、小指，再在一旁划“彡”形，合成为“形”字。|https://d.bmcx.com/shouyu/_file/f/0bf876186cddc601.png
4045	结核病	卫生	（一）双手拇、食指互相套环。（二）双手抱拳。（三）一手食、中、无名指按在另一手脉门处。|https://d.bmcx.com/shouyu/_file/5/8b79ad2e8c677480.png
4046	近视	卫生	近视 右手拇、食指相对，拇指抵于眼睑下方，食指逐渐向拇指靠近，同时作眯眼动作。|https://d.bmcx.com/shouyu/_file/8/5428b582dceecafa.png
4047	脚	卫生	脚 左手平伸，手背向上，五指并拢；右手掌在左手背上从前向后摸一下。|https://d.bmcx.com/shouyu/_file/4/dbeb552707045394.png
4048	康复	卫生	（一）双手贴于胸前，向下微移，再伸出拇指。（二）双手平伸，掌心向下，然后翻转国掌心向上。|https://d.bmcx.com/shouyu/_file/8/c4adfedd5392cbc5.png
4049	理疗	卫生	（一）手指字母“L”的指式。（二）右手拇、食指伸出成“┌”形；右手食指在左手拇指上点一下，再在“┌”形内书空“了”字，模仿“疗”字的“方”形。|https://d.bmcx.com/shouyu/_file/a/846c601f9335bcbf.png
4050	沐浴	卫生	（一）一手平伸，置于头上，掌心向下，微动几下。（二）双手掌心朝内，在胸前交替动几下。|https://d.bmcx.com/shouyu/_file/0/c5a08e5b70ad1c1c.png
4051	洗浴	卫生	（一）一手平伸，置于头上，掌心向下，微动几下。（二）双手掌心朝内，在胸前交替动几下。|https://d.bmcx.com/shouyu/_file/6/a89e8eb816e702be.png
4052	脸	卫生	一手打手指字母“L”的指式，沿面孔划一圈。|https://d.bmcx.com/shouyu/_file/b/b9a9ab5530c46d2d.png
4053	流产	卫生	流产 左手自然弯曲，掌心向下；右手五指蜷曲，先置于左手掌心下，然后向身外移动。|https://d.bmcx.com/shouyu/_file/1/1dfec517f736c635.png
4054	疗养	卫生	（一）同“理疗”手势（右手拇、食指伸出成“┌”形；右手食指在左手拇指上点一下，再在“┌”形内书空“了”字，模仿“疗”字的“方”形。）（二）同“放假”手势（双手交叉贴于胸前。）|https://d.bmcx.com/shouyu/_file/3/dc4db786e90be09d.png
4055	脉搏	卫生	脉搏 右手食、中、无名指微曲按在左手脉门处；右手同时上下微动几下。|https://d.bmcx.com/shouyu/_file/8/bdb6b5eaff3e03e0.png
4056	脑血栓	卫生	（一）一手食指指额部。（二）右手打手指字母“H”的指式，贴在唇上，然后食、中、无名、小指抵在左手背上，并向指尖方向下移。（三）左手五指相捏成圆形，虎口向上；右手五指撮合插进左手虎口内。|https://d.bmcx.com/shouyu/_file/c/d2d9ea34e0e642db.png
4057	视力	卫生	视力 左手遮住左眼，手背向外；右手伸食指，在面前作向上、向左、向在指的动作，模仿视力检查。|https://d.bmcx.com/shouyu/_file/3/3c5ecc9c80783ff7.png
4058	太平间	卫生	（一）一手食指书空“太”字。（二）双手平伸，掌心向下，向两侧平行移动。（三）双手指尖相搭成“∧”形。|https://d.bmcx.com/shouyu/_file/2/fca73317c24cc8a9.png
4059	汤药	卫生	（一）一手拇、食指相捏，如执汤匙送向口边作喝汤状。（二）一手打手指字母“Y”、“O”的指式。|https://d.bmcx.com/shouyu/_file/3/48c8371022bca6af.png
4060	听力	卫生	（一）一手贴于耳部。（二）一手握拳屈时，向内弯动几下。|https://d.bmcx.com/shouyu/_file/3/9aaab9d9cea6eaee.png
4061	丸药	卫生	（一）一手五指弯曲相捏成圆体形，手背向下，像药丸形状。（二）同“汤药”手势（一手打手指字母“Y”、“O”的指式。）|https://d.bmcx.com/shouyu/_file/e/acf265e54843b532.png
4062	药丸	卫生	（一）一手五指弯曲相捏成圆体形，手背向下，像药丸形状。（二）同“汤药”手势（一手打手指字母“Y”、“O”的指式。）|https://d.bmcx.com/shouyu/_file/e/2ea3eefa1ccb5ea7.png
4063	心电图	卫生	（一）双手拇、食指搭成“心”形，贴于胸部。（二）一手食指作“ㄣ”形挥动。（三）左手拇、食指成“匚”形；右手食指“匚”形内从左向右画曲线。|https://d.bmcx.com/shouyu/_file/7/7a0729c3ff7ebd49.png
4064	心律	卫生	（一）同“心电图”手势（双手拇、食指搭成“心”形，贴于胸部。）（二）右手食、中、无名、小指微曲，在心脏部位轻点几次，表示心跳的节律。|https://d.bmcx.com/shouyu/_file/7/7982b5bba56a06ee.png
4065	药方	卫生	一）手指字母“Y”、“O”的指式。（二）双手拇、食指搭成“方”形。|https://d.bmcx.com/shouyu/_file/7/f25380e46cccf9c1.png
4066	疫苗	卫生	（一）双手直立，在胸前向外推出，然后右手食、中、无名按在左手脉门处，表示预防疾病的意思。（二）手指字母“M”的指示。|https://d.bmcx.com/shouyu/_file/3/761ef35ed5494cbc.png
4067	晕	卫生	一手食指向上在额前转两圈，闭眼作头晕状。|https://d.bmcx.com/shouyu/_file/1/a3fd7cc89c1f896f.png
4068	诊疗室	卫生	（一）同“会诊”手势（一手五指撮合，在心肺部点几下，模仿听诊动作。）（二）同“理疗”手势（右手拇、食指伸出成“┌”形；右手食指在左手拇指上点一下，再在“┌”形内书空“了”字，模仿“疗”字的“方”形。）（三）双手指尖搭成“∧”形。|https://d.bmcx.com/shouyu/_file/9/f099d878fe1ed3f4.png
4069	症状	卫生	（一）右手食、中、无名指搭成于另一手脉门处，如诊脉动作。（二）双手拇、食指伸直，在脸颊两边交替上下动几下。|https://d.bmcx.com/shouyu/_file/1/d5a7446c4d0b0cdb.png
4070	治疗	卫生	（一）一手字母“ZH”的指式。（二）同“理疗”手势（右手拇、食指伸出成“┌”形；右手食指在左手拇指上点一下，再在“┌”形内书空“了”字，模仿“疗”字的“方”形。）|https://d.bmcx.com/shouyu/_file/b/d661fd61eb5e9157.png
4071	注射	卫生	注射 右手拇、食、中指在左臂上作注射动作。|https://d.bmcx.com/shouyu/_file/2/7563d9bf5144db83.png
4072	重听	卫生	一手食、中、无名、小指并拢，指尖沿着耳朵的中部向前微移。（此为国际手语。）|https://d.bmcx.com/shouyu/_file/f/1c1ce42679d1d233.png
3692	条	数量词	双手拇、食指相对成“[]”表，宽度约2厘米，然后从中间向两边拉开。|https://d.bmcx.com/shouyu/_file/0/e50f2361e0e2ee29.png
3693	一届	数量词	（一）一手食指横伸（代表数字“1”）；一手打手指字母“J”的指式（二届，右手姿势不变，碰一下手打的数字“2”，依此类推）。|https://d.bmcx.com/shouyu/_file/c/29e988e94c8d0b1d.png
3694	乙	数量词	乙 右手食指书空“乙”字。|https://d.bmcx.com/shouyu/_file/2/c127c9710c115cb2.png
3695	页	数量词	页 左手平伸，掌心向上；右手拇、食指相捏，从左掌心上向右作翻页动作。|https://d.bmcx.com/shouyu/_file/7/540f0cbfa07800a5.png
3696	一点儿	数量词	一手拇指捏小指指尖。|https://d.bmcx.com/shouyu/_file/d/8f994027a7e474a6.png
3697	几	数量词	几 同多少，一手五指分开，指尖向上，手指微微抖动几下，表示“数量”“多少”之意。|https://d.bmcx.com/shouyu/_file/8/3858f0817d0db83e.png
3426	风格	文化	（一）一手五指微曲，来回扇动。（二）双手五指分开，交叉搭成格子，并向两旁微移。|https://d.bmcx.com/shouyu/_file/3/ad88d7a97df54958.png
3427	艺术	文化	（一）一手食指书空“艺”字。（二）双手交互拍打手背。|https://d.bmcx.com/shouyu/_file/0/2e1a528504be3fe7.png
3428	美术	文化	双手平伸，掌心向上，一手在另一掌心上抹几下，如绘画动作。|https://d.bmcx.com/shouyu/_file/2/70a52fd311749f3f.png
3429	绘画	文化	双手平伸，掌心向上，一手在另一掌心上抹几下，如绘画动作。|https://d.bmcx.com/shouyu/_file/b/14ef781eeb85a48f.png
3430	国画	文化	（一）手指字母“G”的指式并转一圈。（二）右手如执笔在左掌上作绘画状。|https://d.bmcx.com/shouyu/_file/e/435f3f544a38df88.png
3431	水彩	文化	（一）一手平伸，掌心向下，作波纹状平移。（二）一手如执画笔，在另一手掌心上涂抹一下。|https://d.bmcx.com/shouyu/_file/d/1050751bcb3f6405.png
3432	素描	文化	一手如执铅笔，在另一手掌心上划动几下，如在画板上写生状。|https://d.bmcx.com/shouyu/_file/9/6a54d5de5f2fd43f.png
3433	色彩	文化	一手四指紧贴嘴唇，指尖轻动几下。|https://d.bmcx.com/shouyu/_file/c/a380b1173e2c9177.png
3434	图案	文化	（一）双手平伸，掌心向上，一手在另一掌心上抹几下，如绘画动作。（二）右手食、中指指尖分开，中指抵在左掌心上，食指转一圈。|https://d.bmcx.com/shouyu/_file/e/ec7bc862b6997121.png
3435	漫画	文化	（一）右手遮住嘴巴，左手食指从右手背向外指，露嘲笑表情，表示指责、揶揄。（二）一手如执笔状，在另一掌心上作绘画状。|https://d.bmcx.com/shouyu/_file/f/2eb56ea74904564b.png
3436	透视	文化	双手拇、食指达成“△”形。一手不动，另一手向前移，两指逐渐捏合，表示远近、立体之意。|https://d.bmcx.com/shouyu/_file/3/9c71b4b3604e51c8.png
3437	解剖	文化	（一）手指字母“J”的指式。（二）双手微曲，指背相对，从中间分向两旁扒动。|https://d.bmcx.com/shouyu/_file/a/bd2d4f37e65044de.png
3438	造型	文化	（一）双手握拳，上拳击下拳。（二）双手五指弯曲成半圆形，掌心相对，往相反方向转动几下|https://d.bmcx.com/shouyu/_file/8/69fe0484b963a862.png
3439	雕刻	文化	一手食、中指在另一手（握拳）虎口上作雕刻动作。|https://d.bmcx.com/shouyu/_file/c/b5c987ce04107ce3.png
3440	雕塑	文化	（一）右手食、中指在左手拇指周围边移动边作雕刻动作。（二）左手伸出拇指，象征半身像。右手五指在左手拇指上捏动几下，象征塑造。|https://d.bmcx.com/shouyu/_file/2/3f8d5cb3dfae2395.png
3441	写生	文化	（一）一手五指分开，掌心向外，由外向内移，同时五指撮合，表示“取景”。（二）一手如执铅笔，在另一手掌心上划动几下，如在画板上写生状。|https://d.bmcx.com/shouyu/_file/c/d571a9292d0e3aef.png
3442	木刻	文化	（一）双手拇、食指搭成圆形，同时向上移动。（二）一手食、中指在另一手掌心上作雕刻状|https://d.bmcx.com/shouyu/_file/9/77dd63b7821a8ea6.png
3443	印章	文化	一手拇、食、中指撮合，指尖按在另一手掌心上，模仿盖章动作。|https://d.bmcx.com/shouyu/_file/b/afca7fe06070d130.png
3444	书法	文化	（一）一手如执笔写字状。（二）手指字母“F”的指式。|https://d.bmcx.com/shouyu/_file/5/32c57ee591456bf0.png
3445	字帖	文化	字帖 左手掌心向上平伸，右手在旁如执毛笔写字状。|https://d.bmcx.com/shouyu/_file/7/e8149ef9564317af.png
3446	刺绣	文化	刺绣 左手平伸，掌心向上。右手拇、食指相捏，如捏针在左掌心上作刺绣动作。|https://d.bmcx.com/shouyu/_file/9/51e7fc2bc59126cf.png
3447	盆景	文化	（一）双手拇、食指搭成大圆，由下向上稍移，下小上大，如盆子状。（二）一手五指撮合，指尖向上，一边上移一边张开五指。|https://d.bmcx.com/shouyu/_file/2/de46bd1231d52fbb.png
3448	陶器	文化	（一）左手五指弯曲成半圆形。右手食指指尖敲打左手背，如检验陶瓷质量。（二）双手先食指互碰一下，然后分开并张开五指。|https://d.bmcx.com/shouyu/_file/5/84f20238e9e7b0b8.png
3449	漆器	文化	（一）一手指尖在另一手掌心上来回刷动，如油漆物件状。（二）双手先食指互碰一下，然后分开并张开五指。|https://d.bmcx.com/shouyu/_file/9/0401fb2bd6424df4.png
3450	舞蹈	文化	双手手背抵住腰部，扭动几下身体，如舞蹈动作。|https://d.bmcx.com/shouyu/_file/f/8c1015f79ff8aa48.png
3451	杂技	文化	双手各伸拇、小指，一上一下，拇指指尖相顶，转动几下|https://d.bmcx.com/shouyu/_file/5/085d485856fbcede.png
3452	魔术	文化	双手五指分开，前后交叠，交替转换两下。|https://d.bmcx.com/shouyu/_file/5/7691d265ff2558c6.png
3453	木偶	文化	双手五指分开、微曲，指尖向上，食指灵活转动。|https://d.bmcx.com/shouyu/_file/f/6d91fe680e286e39.png
3454	芭蕾舞	文化	双手五指并拢，指尖向上，左右点动几下，象征芭蕾舞以足尖点地舞蹈动作。|https://d.bmcx.com/shouyu/_file/1/402b5464f7f18a25.png
3455	排演	文化	（一）双手平伸，掌心向下，微按两下。（二）双手各伸出拇、小指，交替转动。|https://d.bmcx.com/shouyu/_file/3/efbce86e2451d10f.png
3456	化妆	文化	双手五指撮合，在两颊部作擦粉动作。|https://d.bmcx.com/shouyu/_file/6/4e387994197f7b16.png
3457	打扮	文化	双手五指撮合，在两颊部作擦粉动作。|https://d.bmcx.com/shouyu/_file/a/c5ce19d98e20f23a.png
3458	新闻	文化	一手伸出向外抓一下，然后五指撮合，指尖抵住耳孔。|https://d.bmcx.com/shouyu/_file/2/f8fd92b0c947a4d1.png
3459	消息	文化	一手伸出向外抓一下，然后五指撮合，指尖抵住耳孔。|https://d.bmcx.com/shouyu/_file/3/90248dde6a98392c.png
3460	出版	文化	（一）双手指尖相合，腕部上下按动几次。（二）双手掌心向上，由中间向两旁移动。|https://d.bmcx.com/shouyu/_file/1/a4b843be7be67530.png
3461	宣传	文化	双手五指弯曲成半圆形，虎口贴于嘴边，再向左右外伸，反复几次。|https://d.bmcx.com/shouyu/_file/a/66e9c22bec45ad1d.png
3462	刊物	文化	一）左手食、中指横伸不动，右手食指在左手食、中指上划一竖，再在其旁书空“刂”形，合成“刊”字。（二）双手先食指互碰一下，然后分开并张开五指。|https://d.bmcx.com/shouyu/_file/9/ddad7e0f08f3ddc4.png
3463	杂志	文化	（一）手指字母“Z”的指式。（二）双手掌心合在一起，再向外打开，如翻书籍之状。|https://d.bmcx.com/shouyu/_file/c/c837124e703096cb.png
3464	报纸	文化	双手掌心向内，放于胸前，再向左右分开，如打开报纸状。|https://d.bmcx.com/shouyu/_file/3/ba217ca815d39f02.png
3465	报社	文化	（一）双手掌心向内，放于胸前，再向左右分开，如打开报纸状。（二）双手搭成“＾”形。|https://d.bmcx.com/shouyu/_file/2/ca72dc5763098ec6.png
3466	社论	文化	（一）左手五指撮合，指尖向上，右手食指围绕左手转一圈。（二）一手打手指字母“L”的指式在口边转一圈。|https://d.bmcx.com/shouyu/_file/8/5ea9d9f3a6491a4b.png
3467	印刷	文化	双手指尖相合，腕部上下按动几次。|https://d.bmcx.com/shouyu/_file/3/a75d7ce1559bf618.png
3468	校对	文化	双手平伸，掌心向上，放于胸前。眼睛不断轮流看左右手，模仿校对文稿动作。|https://d.bmcx.com/shouyu/_file/6/e8927a3b062d4ad4.png
3469	打字	文化	打字 左手如握字盘移动柄，左右移动；右手如捏打字键，上下打动，模仿打字动作。|https://d.bmcx.com/shouyu/_file/e/15674e1c029139ba.png
3470	油印	文化	油印 右手虚握，在左手掌心上推动，模仿油印动作。|https://d.bmcx.com/shouyu/_file/7/b72684e657862604.png
3471	复印	文化	（一）左手平伸，掌心向下。右手掌心向上插入左掌下，双手相合。（二）左手平伸，掌心向下。右手五指微曲，抵住左掌心，向下移动，五指同时撮合。|https://d.bmcx.com/shouyu/_file/c/3ae8b608767e9134.png
3472	广播	文化	一手五指弯曲成半圆形，虎口贴于嘴边，嘴张开，如面对扩音器讲话。|https://d.bmcx.com/shouyu/_file/b/5f3319394d40ea4f.png
3473	录音	文化	（一）双手食指指尖向下各划小圆圈，如录音磁带转动的样子。（二）一手食指指耳朵。|https://d.bmcx.com/shouyu/_file/7/0c63bc8ff918bc33.png
3474	录像	文化	（一）双手食指指尖向下各划小圆圈，如录音磁带转动的样子。（二）左手掌心向上不动，右手五指张开，似取物状，再向后缩，五指撮合置于左掌心。|https://d.bmcx.com/shouyu/_file/d/23c003ee4213ee4c.png
3475	磁带	文化	（一）双手食指指尖向下各划小圆圈，如录音磁带转动的样子。（二）双手拇、食指相距约一寸，从中间向两边拉开，如带子状。|https://d.bmcx.com/shouyu/_file/b/c99a305bff426cee.png
3476	电影	文化	一手五指张开，掌心向内，在前面摆动几下。|https://d.bmcx.com/shouyu/_file/a/ec4a3439fa605c36.png
3477	照相	文化	双手食指弯曲，如持摄影机，放于眼前。一手食指向下按一下，如按摄影机快门动作。|https://d.bmcx.com/shouyu/_file/e/78a25283ed772df8.png
3478	摄影	文化	双手食指弯曲，如持摄影机，放于眼前。一手食指向下按一下，如按摄影机快门动作。|https://d.bmcx.com/shouyu/_file/3/e27723ceac77cb47.png
3479	照片	文化	（一）双手食指弯曲，如持摄影机，放于眼前。一手食指向下按一下，如按摄影机快门动作。（二）双手拇、食指搭成长方形，向两旁微移。|https://d.bmcx.com/shouyu/_file/d/e4663955f903c611.png
3480	取景	文化	双手拇、食指搭成长方形，如取景框，放在眼前，如取景状。|https://d.bmcx.com/shouyu/_file/1/2d914066cfbc1a97.png
3481	胶卷	文化	（一）双手食指弯曲，如持摄影机，放于眼前。一手食指向下按一下，如按摄影机快门动作。（二）双手拇、食指相距约一寸，从中间向两边拉开，如带子状。|https://d.bmcx.com/shouyu/_file/0/9abfe33a4dd7d1cb.png
3482	冲洗	文化	双手拇、食指相捏，相距尺余，如持照相底片，上下交替动，模拟冲洗底片动作。|https://d.bmcx.com/shouyu/_file/8/755b26dd72c899c5.png
3483	扩印	文化	（一）双手五指微曲，掌心相对，从中间向两边移开，表示扩大。（二）双手指尖相合，腕部上下按动几次。|https://d.bmcx.com/shouyu/_file/1/daf423151212ab64.png
3484	旅游	文化	（一）一手伸出拇、小指转动两圈。（二）一手掌心向内，在眼前转一圈。|https://d.bmcx.com/shouyu/_file/c/26f8ae607c035ec4.png
3485	游览	文化	（一）一手伸出拇、小指转动两圈。（二）一手掌心向内，在眼前转一圈。|https://d.bmcx.com/shouyu/_file/a/8476d981de1adb8f.png
3486	名胜	文化	（一）一手伸中、无名、小指，指尖抵于耳边。（二）一手掌心向内，在眼前转一圈。|https://d.bmcx.com/shouyu/_file/c/51fb8b7fb516a6b4.png
3487	古迹	文化	（一）双手拇、食指搭成“古”字形。（二）双手拇指与四指搭成“[”形，交替上叠，即“建筑”手势。|https://d.bmcx.com/shouyu/_file/e/407ca395bc57d5f0.png
3488	提琴	文化	提琴 左手作持提琴状，右手作拉提琴动作。|https://d.bmcx.com/shouyu/_file/8/6164f30bef8e67a7.png
3489	手风琴	文化	双手五指微曲，掌心相对，右指按动，左手向外拉动，如拉手风琴状。|https://d.bmcx.com/shouyu/_file/2/2f9440079ce23c79.png
3490	口琴	文化	双手如持口琴在嘴边左右移动，模仿吹口琴动作。|https://d.bmcx.com/shouyu/_file/b/47071795be5d4179.png
3491	胡琴	文化	胡琴 左手五指微曲，四指灵活弹动，如波动琴弦状。右手如持弓，左右拉动，模仿拉胡琴动作。|https://d.bmcx.com/shouyu/_file/4/583c945de4a32e0d.png
3492	笛子	文化	双手五指微曲，横于嘴侧，如持笛子状。手指灵活弹动，模仿吹笛子动作。|https://d.bmcx.com/shouyu/_file/a/74faad324ddbaed2.png
3493	锣	文化	一手虚握如提锣，另一手握拳如持棒槌，模仿打锣动作。|https://d.bmcx.com/shouyu/_file/7/f1df2de3fc1c4278.png
3494	鼓	文化	双手虚握持出鼓槌，交替上下敲打，模仿打鼓动作。|https://d.bmcx.com/shouyu/_file/a/2456ff9ae21501d0.png
3495	喇叭	文化	双手五指弯曲，一前一后，如持喇叭状，置于嘴前，八指灵活按动，模仿吹喇叭动作。|https://d.bmcx.com/shouyu/_file/1/22195bcb1d9d1263.png
3496	扩音器	文化	一手五指虚握，如持话筒，置于嘴前作说话状。|https://d.bmcx.com/shouyu/_file/a/dece9162b221411b.png
3497	玩具	文化	（一）双手伸出拇、小指交替转动。（二）双手以食指互碰一下，然后分开并张开五指。|https://d.bmcx.com/shouyu/_file/f/191aa86a7c8fae7e.png
3498	气球	文化	（一）手指字母“Q”的指式。（二）双手五指微曲，合成大圆形，向上慢慢举起，象征气球上升的样子。|https://d.bmcx.com/shouyu/_file/b/b8ff117044fcd390.png
3499	象棋	文化	（一）一手食、中指微曲，指尖向下，自鼻部向下伸。（二）双手拇、食指捏成小圆形，交替向前移动，如走棋状。|https://d.bmcx.com/shouyu/_file/7/f5a8b690e7a23bdd.png
3500	围棋	文化	（一）双手伸开，向中间合拢。（二）双手拇、食指捏成小圆形，交替向前移动，如走棋状。|https://d.bmcx.com/shouyu/_file/2/6b72c1aab2e11d6e.png
3501	扑克牌	文化	双后模仿扑克牌发牌动作。|https://d.bmcx.com/shouyu/_file/0/93dcda9bab872480.png
3502	扑克	文化	双后模仿扑克牌发牌动作。|https://d.bmcx.com/shouyu/_file/4/ba0f18fe38d19a9d.png
3503	俱乐部	文化	（一）双手掌心向上，在胸前交替上下动。（二）双手搭成“＾”形。|https://d.bmcx.com/shouyu/_file/b/6a038659b5a78f46.png
3504	文化馆	文化	（一）一手如执笔写字状。（二）手指字母“H”的指式。（三）双手搭成“＾”形。|https://d.bmcx.com/shouyu/_file/a/7e017217261536a3.png
3505	博物馆	文化	（一）手指字母“B”的指式。（二）双手以食指互碰一下，然后分开并张开五指。（三）双手搭成“＾”形。|https://d.bmcx.com/shouyu/_file/4/527cb545b70a063f.png
3506	展览馆	文化	（一）双手指尖向上，手掌伸平，由中间向两侧一顿一顿移动。（二）双手搭成“＾”形。|https://d.bmcx.com/shouyu/_file/0/ef55ec7108385150.png
3507	阅览室	文化	（一）一手食、中指叉开，指尖向外。（二）双手放于面前，如读书状。（三）双手搭成“＾”形。|https://d.bmcx.com/shouyu/_file/b/62b24c82db052ed2.png
3508	礼堂	文化	（一）一手食指先伸直，再弯曲指节。（二）双手搭成“＾”形。|https://d.bmcx.com/shouyu/_file/7/b9d7909c78de07c0.png
3182	菜园	农牧副渔	（一）双手五指指尖向上撮合，边向上伸边张开五指。（二）一手食指尖向下划一圆圈。|https://d.bmcx.com/shouyu/_file/1/a470fe4303e2543e.png
3183	温室	农牧副渔	（一）双手五指微曲，掌心向上，在胸前缓缓地交替上下动几下。（二）双手搭成“＾”形。|https://d.bmcx.com/shouyu/_file/5/0b5b2a37c294ed20.png
3184	地窖	农牧副渔	（一）一手食指向下指。（二）左手微曲，掌心向下。右手向左掌心下插入。|https://d.bmcx.com/shouyu/_file/7/3b16d29ef3cbe7cf.png
3185	粪坑	农牧副渔	（一）手指字母“F”的指式，并向下一甩。（二）双手侧伸，掌心相对，向后拉动。|https://d.bmcx.com/shouyu/_file/4/f28133a9671058ba.png
3186	开垦	农牧副渔	（一）双手侧伸，先掌心相对，然后向左右分开。（二）右手虚握，向前甩动一下，如挥鞭子。左手向前斜伸，并向前移，如赶牛犁田之状。|https://d.bmcx.com/shouyu/_file/3/06f57b69923af759.png
3187	种植	农牧副渔	种植 左手拇、食指捏成小圆形，右手拇、食、中指相捏，往左手小圆形中插入。|https://d.bmcx.com/shouyu/_file/f/e83d62e68fb92335.png
3188	种子	农牧副渔	（一）左手拇、食指捏成小圆形，右手拇、食、中指相捏，往左手小圆形中插入。（二）一手拇指捏食指指尖。|https://d.bmcx.com/shouyu/_file/8/6338e0b84edc199b.png
3189	育种	农牧副渔	（一）左手食指向上伸。右手五指撮合，指尖送向左手食指，同时放开五指。（二）左手拇、食指捏成小圆形，右手拇、食、中指相捏，往左手小圆形中插入。|https://d.bmcx.com/shouyu/_file/5/4e2ddaa866a04662.png
3190	播种	农牧副渔	播种 左手微曲，掌心向上。右手在左掌心撮一下，然后向外作播种子状。|https://d.bmcx.com/shouyu/_file/8/ac7fad8661962066.png
3191	插秧	农牧副渔	插秧 左手五指成“[”形，如持秧苗。右手拇、食、中指在左掌心撮一下，然后向下插，如插秧动作。|https://d.bmcx.com/shouyu/_file/5/77ff5180115aa12f.png
3192	移植	农牧副渔	移植 左手掌心向上不动，右手伸五指，在左掌心上作挖掘状，然后向旁移动，再改用拇、食、中三指相捏向下一插，如移植作物状。|https://d.bmcx.com/shouyu/_file/1/856998afd7734e5d.png
3193	移栽	农牧副渔	移栽 左手掌心向上不动，右手伸五指，在左掌心上作挖掘状，然后向旁移动，再改用拇、食、中三指相捏向下一插，如移植作物状。|https://d.bmcx.com/shouyu/_file/7/653dc17d2709e105.png
3194	补种	农牧副渔	补种 左手伸拇、食、小指指尖向上，右手拇、食、中指相捏，在左手食、小指之间插两下，表示补种。|https://d.bmcx.com/shouyu/_file/5/c31cec4ddd4e0bc5.png
3195	施肥	农牧副渔	（一）双手微曲，掌心向上。一手不动，另一手向外作撒物状。（二）双手五指微曲，手背向上，往上微动。|https://d.bmcx.com/shouyu/_file/f/fb183291e6e33dad.png
3196	除虫	农牧副渔	（一）双手上举，掌心向外，向前扑下，五指撮合。（二）一手伸食指弯曲几下，如虫蠕动状。|https://d.bmcx.com/shouyu/_file/9/1bf8e4b57ce6d81a.png
3197	整枝	农牧副渔	整枝 左手食、中指伸直，表示树枝。右手食、中指夹住左手中指作“剪”的动作，表示“整治”。|https://d.bmcx.com/shouyu/_file/1/1198c616a1b67415.png
3198	杂交	农牧副渔	（一）双手五指弯曲相对，交错转动几下。（二）双手五指撮合相对，从两旁向中间靠拢，指尖相触。|https://d.bmcx.com/shouyu/_file/f/dd2ebed420927e16.png
3199	轮作	农牧副渔	（一）双手向上直伸，掌心相对，交互转动，表示“轮换”。（二）双手五指弯曲，掌心向下，向后拉动几下，如耙田的动作。|https://d.bmcx.com/shouyu/_file/3/dc31ca263de32c70.png
3200	间作	农牧副渔	间作 左手向上直伸，五指分开。右手拇、食指相捏，在左手指缝间插几下。|https://d.bmcx.com/shouyu/_file/d/a8587f5065157b77.png
3201	成熟	农牧副渔	一手五指并拢，指尖向上，边向上移，边张开五指，然后变成握拳伸出大拇指。|https://d.bmcx.com/shouyu/_file/b/39ab50ef56747220.png
3202	收割	农牧副渔	收割 左拳虚握，虎口向下。有手平伸，掌心向上，朝左手虎口下挥动，如收割动作。|https://d.bmcx.com/shouyu/_file/6/544f15378054f504.png
3203	脱粒	农牧副渔	（一）左手五指合拢成尖形、横放，右手五指分开微曲，抵住左手背，然后转动几下，如脱粒之状。（二）右手拇、食指相距一粒米大小，从左手食指指尖处向外点动几下。|https://d.bmcx.com/shouyu/_file/c/6f22aa9231e815a8.png
3204	收获	农牧副渔	（一）左拳虚握，虎口向下。有手平伸，掌心向上，朝左手虎口下挥动，如收割动作。（二）双手五指弯曲，掌心相对，由外向内收进。|https://d.bmcx.com/shouyu/_file/1/14e5c49caea7818a.png
3205	丰收	农牧副渔	（一）一手食、中、无名指与另一手食指搭成“丰”字形。（二）双手五指弯曲，掌心相对，由外向内收进。|https://d.bmcx.com/shouyu/_file/3/367fc1adf0c0e003.png
3206	歉收	农牧副渔	（一）一手食指贴在另一手掌心上，向下移动。（二）双手五指弯曲，掌心相对，由外向内收进。|https://d.bmcx.com/shouyu/_file/0/547b78624003248f.png
3207	包产	农牧副渔	（一）双手五指微曲，手背向上，由上而下向左右划成大圆形，然后改为掌心向上。（二）左手五指弯曲成半圆形，右手五指撮合，从左手半圆形中向上伸出，同时放开五指。|https://d.bmcx.com/shouyu/_file/2/0ebb658b825d308f.png
3208	粮食	农牧副渔	（一）一手拇、食指相捏，在嘴边动几下。（二）双手食指先互捻一下，然后分开并张开五指。|https://d.bmcx.com/shouyu/_file/5/e9f59c644f7ba660.png
3209	食物	农牧副渔	（一）一手拇、食指相捏，在嘴边动几下。（二）双手食指先互捻一下，然后分开并张开五指。|https://d.bmcx.com/shouyu/_file/9/53ac3656cba9bf3c.png
3210	作物	农牧副渔	（一）左手拇、食指捏成小圆形，右手拇、食、中指相捏，往左手小圆形中插入。（二）双手食指先互捻一下，然后分开并张开五指。|https://d.bmcx.com/shouyu/_file/6/d145e1fe9a17fadd.png
3211	稻子	农牧副渔	稻子 左手食指微曲，右手拇、食指相距约一粒米大小，从左手食指指尖处点几下，象征稻穗上一粒粒稻子。|https://d.bmcx.com/shouyu/_file/a/0a00cf5f26124d4e.png
3212	水稻	农牧副渔	水稻 左手食指微曲，右手拇、食指相距约一粒米大小，从左手食指指尖处点几下，象征稻穗上一粒粒稻子。|https://d.bmcx.com/shouyu/_file/1/ec81375feea57c13.png
3213	四季豆	农牧副渔	（一）左手握拳，右手食指在左拳四个骨节上各点一下，表示四季。（二）一手拇、食指捏成一小圆形。|https://d.bmcx.com/shouyu/_file/3/27c56567cab916ef.png
3214	豆芽	农牧副渔	豆芽 左手拇、食指捏成小圆形，右手食指从小圆形上向下划一弧线，如豆芽外形。|https://d.bmcx.com/shouyu/_file/8/14a6da1e2a72ac8a.png
3215	黄瓜	农牧副渔	（一）一手打手指字母“H”的指式，放于颊部。（二）双手五指弯曲成半圆形，一左一右分向两边拉开，如黄瓜外形。|https://d.bmcx.com/shouyu/_file/7/f247999adc51323a.png
3216	南瓜	农牧副渔	（一）右手五指并拢，指尖向下指，即“南”的手势。（二）双手五指弯曲成半圆形，掌心相对，搭成一个大圆形。|https://d.bmcx.com/shouyu/_file/b/b219b41f79a5bf94.png
3217	冬瓜	农牧副渔	（一）右手食指在左拳小指骨节上点一下，即“冬”。（二）双手五指成半圆形，指尖相对，向左右拉开成长椭圆形，如冬瓜外形。|https://d.bmcx.com/shouyu/_file/2/f039d9d9b9b08311.png
3218	丝瓜	农牧副渔	（一）手指字母“S”的指式。（二）双手五指弯成圆形，斜着上、下拉开，构成丝瓜外形。|https://d.bmcx.com/shouyu/_file/8/a7f09d81ca871a32.png
3219	芝麻	农牧副渔	（一）手指字母“ZH”的指式。（二）一手食指在另一手掌心上点几下。|https://d.bmcx.com/shouyu/_file/6/6c34bf80a249bb44.png
3220	花生	农牧副渔	双手拇、食指相捏，指尖相抵，向两边掰开，如剥花生动作。|https://d.bmcx.com/shouyu/_file/e/57c6f5b71f4a71e2.png
3221	水果	农牧副渔	（一）一手平伸，掌心向下，向旁作波纹状移动，即“水”手势。（二）双手拇、食指搭成圆形。|https://d.bmcx.com/shouyu/_file/e/6493ebadc1652a2c.png
3222	桃	农牧副渔	（一）手指字母“T”的指式。（二）双手拇、食指指尖相搭成桃的形状。|https://d.bmcx.com/shouyu/_file/e/cf653dd70f71b9f2.png
3223	杏	农牧副渔	（一）手指字母“X”的指式。（二）一手拇、食指捏成半圆形，如杏子大小。|https://d.bmcx.com/shouyu/_file/9/a389a9e15f58b2e3.png
3224	梨	农牧副渔	（一）手指字母“L”的指式。（二）双手拇、食指搭成梨的形状。|https://d.bmcx.com/shouyu/_file/a/27ba88b9acc35aa6.png
3225	枣	农牧副渔	（一）手指字母“Z”的指式。（二）一手拇、食指捏成小圆，如枣子大小。|https://d.bmcx.com/shouyu/_file/8/2262d56163641bb5.png
3226	苹果	农牧副渔	（一）双手并排，掌心向下，向两边平行拉开。（二）双手拇、食指搭成圆形，如苹果大小。|https://d.bmcx.com/shouyu/_file/e/b6edda9028e9d02e.png
3227	桔子	农牧副渔	桔子 左手五指朝上虚握，右手五指沿左拳向下扯，如剥桔皮状。|https://d.bmcx.com/shouyu/_file/6/f0e1aeead930adbc.png
3228	柑橘	农牧副渔	柑橘 左手五指朝上虚握，右手五指沿左拳向下扯，如剥桔皮状。|https://d.bmcx.com/shouyu/_file/3/e6e7831c157126c7.png
3229	橘子	农牧副渔	橘子 左手五指朝上虚握，右手五指沿左拳向下扯，如剥桔皮状。|https://d.bmcx.com/shouyu/_file/e/ee884e002ed83b27.png
3230	李子	农牧副渔	（一）手指字母“SH”的指式。（二）一手拇、食指捏成小圆形，如李子大小。|https://d.bmcx.com/shouyu/_file/4/5b74bdb12dcae191.png
3231	柿子	农牧副渔	（一）手指字母“SH”的指式。（二）双手拇、食指搭成圆形，如柿子大小。|https://d.bmcx.com/shouyu/_file/5/371285d2e0761ba8.png
3232	核桃	农牧副渔	（一）左手拇、食指捏成小圆形，右手虚握，如执锤向小圆形敲击状。（二）双手拇、食指指尖相对，向左右作掰物状。|https://d.bmcx.com/shouyu/_file/f/98340e2fd603fc2d.png
3233	樱桃	农牧副渔	（一）手指字母“Y”的指式。（二）右手拇、食指捏成小圆形，左手食、中指分别在小圆形上碰一下，如樱桃形状。|https://d.bmcx.com/shouyu/_file/5/9a105751630efecd.png
3234	葡萄	农牧副渔	葡萄 左手拇、食、中指相捏如提物状。右手拇、食指捏成小圆形，在左手下虚点几下，象征一串葡萄。|https://d.bmcx.com/shouyu/_file/0/3002e2c544874d2c.png
3235	石榴	农牧副渔	（一）手指字母“SH”的指式。（二）左手五指成半圆形，掌心向上。右手拇、食指相捏，在左掌心上点几下，象征石榴多子。|https://d.bmcx.com/shouyu/_file/2/31df524ede563bde.png
3236	百合	农牧副渔	（一）一手伸食指向旁一挥，即“百”手势。（二）左手五指撮合，指尖向上。右手掌围绕左手贴几下，象征百合的多瓣。|https://d.bmcx.com/shouyu/_file/a/86db74c10b00b921.png
3237	荸荠	农牧副渔	荸荠 左手拇、食指捏成小圆形，右手五指指尖对准小圆形向上移，并五指撮合，如荸荠形状。|https://d.bmcx.com/shouyu/_file/f/c9e8dccfe5879432.png
3238	甘蔗	农牧副渔	双手虚握，一上一下，如持甘蔗，放在嘴边向上移动，如啃甘蔗皮动作|https://d.bmcx.com/shouyu/_file/d/3816b0e272d15479.png
3239	西瓜	农牧副渔	一手如托西瓜状，放于耳边近处。另一手虚拍几下，如在辨别西瓜的好坏。|https://d.bmcx.com/shouyu/_file/5/52f1051e2c753d99.png
3240	哈密瓜	农牧副渔	（一）手指字母“H”“M”的指式。（二）双手五指成“[”形，指尖相对，向左右拉开成椭圆形，如哈密瓜外形。|https://d.bmcx.com/shouyu/_file/1/2a379ff68796978f.png
3241	菱	农牧副渔	双手拇、食指虚构出菱的外形。|https://d.bmcx.com/shouyu/_file/1/ac24e15796178475.png
3242	藕	农牧副渔	双手虚握，从中间向两边拉开，虚构成藕的外形。|https://d.bmcx.com/shouyu/_file/b/acd335a44f04da43.png
3243	农具	农牧副渔	（一）双手五指弯曲，掌心向下，向后拉动几下，如耙田的动作。（二）双手食指先互碰一下，然后分开并张开五指。|https://d.bmcx.com/shouyu/_file/7/f389775f4790c23b.png
3244	拖拉机	农牧副渔	一手握拳，拳背向上，在另一手掌心上作波纹状向前移动。|https://d.bmcx.com/shouyu/_file/3/45bc1d89a08913f9.png
3245	犁	农牧副渔	一手五指并拢侧伸在前，另一手握拳在后，同时向前移动，如扶犁状。|https://d.bmcx.com/shouyu/_file/b/9608a80ad4ea8f96.png
3246	耙	农牧副渔	一手五指弯曲，手背向上，往后移动，如用耙子耙地之状。|https://d.bmcx.com/shouyu/_file/9/bd3eed112848b6d3.png
3247	锄	农牧副渔	锄 农牧副渔一手五指并拢向内弯，与掌心成直角，然后锄动，如用锄头锄田之状。|https://d.bmcx.com/shouyu/_file/c/2502282607dceb64.png
3248	锄头	农牧副渔	锄头 农牧副渔一手五指并拢向内弯，与掌心成直角，然后锄动，如用锄头锄田之状。|https://d.bmcx.com/shouyu/_file/5/2223923ec4492931.png
3249	麦子	农牧副渔	麦子 左手食指微曲，右手拇、食指相捏，从左手食指跟部向上捋动两下，象征麦芒状。|https://d.bmcx.com/shouyu/_file/7/33066e0d50a97801.png
3250	小麦	农牧副渔	小麦 左手食指微曲，右手拇、食指相捏，从左手食指跟部向上捋动两下，象征麦芒状。|https://d.bmcx.com/shouyu/_file/3/a8540d222b130b04.png
3251	粳米	农牧副渔	（一）手指字母“J”的指式。（二）一手拇、食指相对，相距约一粒米大小。|https://d.bmcx.com/shouyu/_file/9/67214969aa19cb23.png
3252	籼米	农牧副渔	（一）手指字母“N”的指式。（二）一手拇、食指相对，相距约一粒米大小。|https://d.bmcx.com/shouyu/_file/5/1e58c819ddcab545.png
3253	青稞	农牧副渔	（一）手指字母“Q”的指式。（二）左手食指微曲，右手拇、食指相捏，从左手食指跟部向上捋动两下，象征麦芒状。|https://d.bmcx.com/shouyu/_file/4/875ac005656f2e4f.png
3254	高粱	农牧副渔	（一）一手平伸，掌心向下，高举过头。（二）双手微曲，掌心相合，如高粱穗形状。|https://d.bmcx.com/shouyu/_file/7/ac5030e04aafb8e6.png
3255	糯米	农牧副渔	（一）手指字母“N”的指式。（二）一手拇、食指相对，相距约一粒米大小。|https://d.bmcx.com/shouyu/_file/1/a13f4569429378c2.png
3256	玉米	农牧副渔	一手五指撮合，如玉米棒子，放在嘴前转动，如啃吃玉米状。|https://d.bmcx.com/shouyu/_file/4/5588906fcef516d0.png
3257	白薯	农牧副渔	（一）一手五指微曲，指尖在另一手背上抚一下，随即既打手指字母“B”的指式。（二）双手五指成“[”形，指尖相对，向两边拉开，同时五指撮合，虚构出白薯的形状。|https://d.bmcx.com/shouyu/_file/0/8bd97806e231a367.png
3258	地瓜	农牧副渔	（一）一手五指微曲，指尖在另一手背上抚一下，随即既打手指字母“B”的指式。（二）双手五指成“[”形，指尖相对，向两边拉开，同时五指撮合，虚构出白薯的形状。|https://d.bmcx.com/shouyu/_file/6/2416d56d979f966a.png
3259	红薯	农牧副渔	（一）打手指字母“h”的指式。（二）双手五指成“[”形，指尖相对，向两边拉开，同时五指撮合，虚构出白薯的形状。()|https://d.bmcx.com/shouyu/_file/9/7f3f276d8e1c8442.png
3260	棉花	农牧副渔	（一）一手五指成“[”形，捏动几下。（二）一手五指撮合，指尖向上，向上移动并放开五指。|https://d.bmcx.com/shouyu/_file/7/741e9db8e6c1bfc7.png
3261	麻	农牧副渔	（一）手指字母“M”的指式。（二）左手食指横伸，右手拇、食指相捏，从左手食指跟部向外扯，如剥麻状。|https://d.bmcx.com/shouyu/_file/d/48ab5424d54c3d6e.png
3262	蘑菇	农牧副渔	蘑菇 左手平伸，掌心微曲向下。右手五指撮合，指尖抵住左掌心，如蘑菇形状。|https://d.bmcx.com/shouyu/_file/c/895e375a8df69ee1.png
3263	木耳	农牧副渔	（一）双手拇、食指搭成圆形，同时向上移动。（二）一手食指指耳部。|https://d.bmcx.com/shouyu/_file/b/a1e59e6356a0d231.png
3264	银耳	农牧副渔	（一）右手打手指字母“Y”的指式，以腕部敲一下左拳。（二）一手食指指耳部。|https://d.bmcx.com/shouyu/_file/8/018f73b434460be8.png
3265	蔬菜	农牧副渔	双手五指撮合，指尖向上。向上伸出，同时放开五指。|https://d.bmcx.com/shouyu/_file/f/30e3f05515fa7a4c.png
3266	青菜	农牧副渔	（一）手指字母“Q”的指式，并从胸侧向下斜划。（二）双手五指撮合，指尖向上。向上伸出，同时放开五指。|https://d.bmcx.com/shouyu/_file/b/c43af2d2d2f38d89.png
3267	白菜	农牧副渔	（一）一手五指微曲，指尖在另一手背上抚一下，随即既打手指字母“B”的指式。（二）双手五指撮合，指尖向上。向上伸出，同时放开五指。|https://d.bmcx.com/shouyu/_file/8/d01ac365d0ddee81.png
3268	菠菜	农牧副渔	（一）手指字母“B”的指式。（二）双手五指撮合，指尖向上。向上伸出，同时放开五指。|https://d.bmcx.com/shouyu/_file/3/b7de9f6edb492cfd.png
3269	韭菜	农牧副渔	（一）一手拇、食指与另一手食、中指搭成“介”字形。（二）双手五指撮合，指尖向上。向上伸出，同时放开五指。|https://d.bmcx.com/shouyu/_file/1/724cc9eeec143673.png
3270	芥菜	农牧副渔	（一）一手拇、食指与另一手食、中指搭成“介”字形。（二）双手五指撮合，指尖向上。向上伸出，同时放开五指。|https://d.bmcx.com/shouyu/_file/8/dc5d36fcb756ec74.png
3271	葱头	农牧副渔	（一）手指字母“C”的指式。（二）左手拇、食指握半圆形，右手五指尖先搭在左手外侧，然后向上移动，五指撮合，模拟葱头状。|https://d.bmcx.com/shouyu/_file/c/c6c14752792868fb.png
3272	萝卜	农牧副渔	双手五指成半圆形，叠在一起。一手往上移，一手往下移，虚构成萝卜外形。|https://d.bmcx.com/shouyu/_file/7/a52f3c9592b95618.png
3273	莴苣	农牧副渔	莴苣 左手微曲，五指并拢，指尖向下。右手五指分开，指尖向上，腕部贴在左掌上，象征莴苣外形。|https://d.bmcx.com/shouyu/_file/3/41fead55a5b05bba.png
3274	茭白	农牧副渔	（一）双手拇、食指捏成圆形，叠在一起，下手不动，上手向上移，象征茭白外形。（二）一手五指微曲，指尖在另一手背上抚一下，随即既打手指字母“B”的指式。|https://d.bmcx.com/shouyu/_file/c/01c98c05f2fdc989.png
3275	辣椒	农牧副渔	（一）一手五指撮合，指尖放于嘴边，向外拉出，五指同时放开，并嘴微张，如尝辣味表情。（二）一手拇、食指沿另一手食指向外移动，并两指相捏成尖状，模拟辣椒状。|https://d.bmcx.com/shouyu/_file/6/29c9a3a84ee2e4b7.png
3276	茄子	农牧副渔	双手五指弯曲，指尖上下相触，下一手不动，上一手向上收拢，如茄子外形。|https://d.bmcx.com/shouyu/_file/7/6caa975346200b3f.png
3277	西红柿	农牧副渔	（一）一手打手指字母“H”的指式，并摸嘴唇，即“红”手势。（二）双手拇、食指搭成圆形。|https://d.bmcx.com/shouyu/_file/0/93ff713dcfd5b483.png
3278	番茄	农牧副渔	（一）一手打手指字母“H”的指式，并摸嘴唇，即“红”手势。（二）双手拇、食指搭成圆形。|https://d.bmcx.com/shouyu/_file/e/79aafda0741f330d.png
3279	姜	农牧副渔	一手五指弯曲虚握，模拟姜的不规则外形。|https://d.bmcx.com/shouyu/_file/4/a1a3ccdaa207af4c.png
3280	葱	农牧副渔	一手先打手指字母“C”的指式，再用双手拇、食指搭成小圆形叠在一起，下手不动，上手向上移，如葱外形。|https://d.bmcx.com/shouyu/_file/d/6f602d21d3ec859f.png
3281	大蒜	农牧副渔	一手五指捏住另一手食指，如大蒜外形。|https://d.bmcx.com/shouyu/_file/1/4ac43e4031a9cecf.png
3282	蒜	农牧副渔	一手五指捏住另一手食指，如大蒜外形。|https://d.bmcx.com/shouyu/_file/5/24182646e756170a.png
3283	笋	农牧副渔	笋 左手微曲平伸，掌心向下。右手五指撮合，指尖向上贴于左手边，缓缓向上伸出，如笋的出土状。|https://d.bmcx.com/shouyu/_file/e/d81e0b72a4047bf1.png
3284	马铃薯	农牧副渔	（一）一手拇、食、中指互捻。（二）双手拇、食指打成圆块形，如土豆外形。|https://d.bmcx.com/shouyu/_file/c/c75d887f09dfa8fa.png
3285	土豆	农牧副渔	（一）一手拇、食、中指互捻。（二）双手拇、食指打成圆块形，如土豆外形。|https://d.bmcx.com/shouyu/_file/2/b171a33cfcd618cd.png
3286	扁豆	农牧副渔	（一）双手拇、食指相距约半寸，指尖相对，向两边微拉，虚构出扁豆的外形。（二）一手拇、食指捏成一小圆形。|https://d.bmcx.com/shouyu/_file/e/fc714672da1d6c33.png
3287	铡刀	农牧副渔	铡刀 左手五指伸直，手背向上。右手如刀，沿左手拇指缘下切，如铡刀铡草状。|https://d.bmcx.com/shouyu/_file/5/36d5d61d28adb989.png
3288	镰刀	农牧副渔	镰刀 左手食指向上直伸，右手拇、食指相距约一寸，从左手食指指尖部向外拉开成三角形，如镰刀外形。|https://d.bmcx.com/shouyu/_file/2/ed3227361d943695.png
3289	丁字镐	农牧副渔	（一）双手食指搭成“T”形。（二）双手握拳上下动，如用镐刨地状。|https://d.bmcx.com/shouyu/_file/b/985783ec3c5ff37c.png
3290	镐	农牧副渔	（一）双手食指搭成“T”形。（二）双手握拳上下动，如用镐刨地状。|https://d.bmcx.com/shouyu/_file/a/d4a8fb650b12b02f.png
3291	碾子	农牧副渔	一手握拳，在另一手掌心上滚动。|https://d.bmcx.com/shouyu/_file/7/b9b26ffa788d4896.png
3292	碾	农牧副渔	一手握拳，在另一手掌心上滚动。|https://d.bmcx.com/shouyu/_file/0/9836b17b8f67b3ca.png
3293	叉	农牧副渔	一手伸食、中、无名指，向下叉动，如用叉叉物状|https://d.bmcx.com/shouyu/_file/3/85686119f75a795e.png
3294	筐	农牧副渔	双手掌心向上，先五指交叉在一起，再分别从两边向上移，最后双手拇、食指弯曲相对成大圆形。|https://d.bmcx.com/shouyu/_file/3/e2511887eca2a488.png
3295	篓	农牧副渔	双手掌心向上，五指交叉在一起，然后双手拇、食指弯曲相对成圆形，由下而上虚构成篓的外形。|https://d.bmcx.com/shouyu/_file/4/8909a8c6cd8da683.png
3296	笸箩	农牧副渔	（一）双手掌心向上，五指交叉在一起，然后双手拇、食指弯曲相对成圆形，由下而上虚构成篓的外形。（二）一手虚握，手背向上，前后拉动，模拟使用箩的动作。|https://d.bmcx.com/shouyu/_file/9/2b1832b7fc6ccd49.png
3297	扁担	农牧副渔	（一）双手拇指与四指先构成“[]”形，指尖相对，再向两边拉开。（二）一手握拳，放在肩前上下动几下，如挑担动作。|https://d.bmcx.com/shouyu/_file/0/f2a9365a544d409c.png
3298	筛子	农牧副渔	（一）双手五指伸开，交叉相叠，象征筛网。（二）双手拇、食指弯曲相对成大圆形，抖动几下，如用筛子筛物动作。|https://d.bmcx.com/shouyu/_file/8/46cc2c0f4d0fd6b1.png
3299	喷雾器	农牧副渔	喷雾器 左手虚握，在腰部上下掀动，如打气动作。右手伸食指，向前方左右挥动，如喷洒药水。|https://d.bmcx.com/shouyu/_file/7/8fae07ebdf9d51e4.png
3300	水车	农牧副渔	（一）一手平伸，掌心向下，作波纹状平移。（二）双手食指指尖相对，交替转圈子，如水车运转之状。|https://d.bmcx.com/shouyu/_file/9/b9db2f07b0ff57bc.png
3301	风车	农牧副渔	（一）一手平伸，五指微曲，左右扇动几下。（二）左手食指向上直伸，指节弯勾。右手食指横伸在左手食指前转圈子，如风车转动状。|https://d.bmcx.com/shouyu/_file/e/1d673f491b31034d.png
3302	辘轳	农牧副渔	辘轳 左手微曲，手背朝上，在胸前平放。右手虚握并转圈子，同时，向身前后微动，如摇辘轳状。|https://d.bmcx.com/shouyu/_file/2/5000cf97077466ca.png
3303	鞭子	农牧副渔	一手握拳，如执鞭挥动状。|https://d.bmcx.com/shouyu/_file/2/883528c7eb2ba0ac.png
3304	缰绳	农牧副渔	（一）一手食指贴于头侧，前后微动，象征马的耳朵。（二）双手食、中指相搭，指尖相对，往相反的方向绞动，即“绳子”手势。|https://d.bmcx.com/shouyu/_file/9/bc769ab2b4c8d1db.png
3305	鞍子	农牧副渔	（一）一手食指贴于头侧，前后微动，象征马的耳朵。（二）一手食、中指弯曲，搭在另一手食指上，象征鞍子。|https://d.bmcx.com/shouyu/_file/4/3d5f8ddeb473b80e.png
3306	嚼子	农牧副渔	双手食指横伸，指尖放在嘴角，向两边稍拉开。|https://d.bmcx.com/shouyu/_file/8/3685567b53d80d23.png
3307	笼头	农牧副渔	双手食指从前额中间开始平移到太阳穴部，再向下到颊部，再到鼻部，成一长方形，如笼头状。|https://d.bmcx.com/shouyu/_file/d/6116b801170a59f7.png
3308	堤坝	农牧副渔	（一）双手平伸，掌心向下，先向左右平移，再向下移，如大坝形状。（二）一手侧立，象征堤坝；一手掌心向下平伸，作波纹状平移，象征“水”。|https://d.bmcx.com/shouyu/_file/0/8826a19068aee04d.png
3309	坝	农牧副渔	（一）双手平伸，掌心向下，先向左右平移，再向下移，如大坝形状。（二）一手侧立，象征堤坝；一手掌心向下平伸，作波纹状平移，象征“水”。|https://d.bmcx.com/shouyu/_file/3/95cc2a1d1b22a773.png
3310	打井	农牧副渔	（一）一手五指并拢向下转一圈，如钻探状。（二）双手食、中指搭成“井”字形|https://d.bmcx.com/shouyu/_file/b/89653228cf42b1b2.png
3311	水渠	农牧副渔	（一）一手平伸，掌心向下，作波纹状平移。（二）双手直立，指尖向下，掌心相对，向前移动。|https://d.bmcx.com/shouyu/_file/1/4978271075371fb7.png
3312	水库	农牧副渔	双掌侧立，指尖相对，然后抽出右手，掌心向下，在左掌心内侧作波纹状移动。|https://d.bmcx.com/shouyu/_file/2/e75774625f7be99e.png
3313	水闸	农牧副渔	（一）一手平伸，掌心向下，作波纹状平移。（二）左手五指成“[”形，虎口向上，右手向左手“[”形中插入，如放下闸门状。|https://d.bmcx.com/shouyu/_file/9/805a058deb300bdf.png
3314	防汛	农牧副渔	（一）双手掌心向外，向前微推，即“防”。（二）一手平伸，掌心向下，作波纹状平移。|https://d.bmcx.com/shouyu/_file/0/4d4a5fdc3be231af.png
3315	排涝	农牧副渔	排涝 左手平伸，掌心向下，向一旁作波纹状平移，右手背向外击打左手背，表示排除水涝。|https://d.bmcx.com/shouyu/_file/a/3dc1a58d71c26f36.png
3316	排水	农牧副渔	排水 左手平伸，掌心向下，向一旁作波纹状平移，右手背向外击打左手背，表示排除水涝。|https://d.bmcx.com/shouyu/_file/e/b8d5f0c75b538063.png
3317	浇水	农牧副渔	（一）双手五指搭成大圆形，向外一倾，如倒水状。（二）一手平伸，掌心向下，作波纹状平移。|https://d.bmcx.com/shouyu/_file/5/2f08432dbbebb380.png
3318	灌溉	农牧副渔	（一）双手五指搭成大圆形，向外一倾，如倒水状。（二）一手平伸，掌心向下，作波纹状平移。|https://d.bmcx.com/shouyu/_file/5/1d989aff4fe2225f.png
3319	抗旱	农牧副渔	（一）双手掌心向外，向前微推，即“防”。（二）左手食、中指与右手食指搭成“干”字形，右手食指再向下移，表示干旱。|https://d.bmcx.com/shouyu/_file/7/de01cd92dbef1235.png
3320	抗洪	农牧副渔	（一）双手掌心向外，向前微推，即“防”。（二）一手五指张开，自上而下作波纹状移动，反复几次，象征山洪暴发。|https://d.bmcx.com/shouyu/_file/7/2d1190ba10de2abb.png
3321	肥料	农牧副渔	（一）双手五指微曲，手背向上，往上微动。（二）双手食指先互捻一下，然后分开并张开五指。|https://d.bmcx.com/shouyu/_file/c/1ef938f9fdcb7eb6.png
3322	基肥	农牧副渔	（一）一手五指握住另一手腕部，即“基础”手势。（二）双手五指微曲，手背向上，往上微动。|https://d.bmcx.com/shouyu/_file/d/edd047ef2a7c2f0a.png
3323	积肥	农牧副渔	（一）一手五指握住另一手腕部，即“基础”手势。（二）双手五指微曲，手背向上，往上微动。|https://d.bmcx.com/shouyu/_file/0/97c68507f4376d59.png
3324	化肥	农牧副渔	（一）手指字母“H”的指式。（二）双手五指微曲，手背向上，往上微动。|https://d.bmcx.com/shouyu/_file/3/df34fa04b527f358.png
3325	肥田粉	农牧副渔	（一）手指字母“H”的指式。（二）双手五指微曲，手背向上，往上微动。|https://d.bmcx.com/shouyu/_file/7/1f097d7ae9dbb4e4.png
3326	垃圾	农牧副渔	（一）左手掌心向上平伸，右手指尖向下作扫地动作，扫向左掌心。（二）一手掌心向上，向前一倾，如倾倒垃圾状。|https://d.bmcx.com/shouyu/_file/9/af065710a88bf7d2.png
3327	豆渣	农牧副渔	（一）一手拇、食指捏成小圆形。（二）一手拇、食、中指互捻，然后握成拳。|https://d.bmcx.com/shouyu/_file/4/a95487119132cc62.png
3328	灾	农牧副渔	（一）手指字母“Z”的指式。（二）一手伸小指，向下甩一下。|https://d.bmcx.com/shouyu/_file/1/7462093ee421c94a.png
3329	灾害	农牧副渔	（一）手指字母“Z”的指式。（二）一手伸小指，向下甩一下。|https://d.bmcx.com/shouyu/_file/2/1b49cb7305d66c94.png
3330	蝗虫	农牧副渔	（一）双手食、中指弯曲如钩，贴在嘴角两边，微动几下，如蝗虫的嘴。（二）一手伸食指弯曲几下，如虫蠕动状。|https://d.bmcx.com/shouyu/_file/0/1f5c9d2cfb77fa05.png
3331	红蜘蛛	农牧副渔	（一）一手打手指字母“H”的指式，指尖贴在嘴唇上。（二）双手五指弯曲，手背向上，十指蠕动向前，如蜘蛛爬行状。|https://d.bmcx.com/shouyu/_file/0/98f3029d68e96f6d.png
3332	蜘蛛	农牧副渔	双手五指弯曲，手背向上，十指蠕动向前，如蜘蛛爬行状。|https://d.bmcx.com/shouyu/_file/7/9c13a13b5eea71f8.png
3333	棉蚜	农牧副渔	（一）一手五指成“[”形，捏动几下。（二）一手伸食指弯曲几下，如虫蠕动状。|https://d.bmcx.com/shouyu/_file/e/c8d50d825684c65d.png
3334	卷叶虫	农牧副渔	（一）一手平伸，掌心向上，手指渐渐弯曲握拳。（二）双手拇、失职相对，向左右拉开做叶形。（三）一手食指伸出并蠕动。|https://d.bmcx.com/shouyu/_file/3/a58cb294006dbab6.png
3335	蝼蛄	农牧副渔	（一）双手食、中指弯曲如钩，贴在嘴角两边，微动几下，如蝗虫的嘴。（二）左手微曲，手背向上。右手失职弯动，指尖插入左手指尖下，如蝼蛄钻地状。|https://d.bmcx.com/shouyu/_file/2/e8fc757a61b1aacc.png
3336	杀虫粉	农牧副渔	（一）左手食指弯曲几下，表示“虫”。右掌如刀，向左手食指斩下，意即“杀虫”。（二）一手拇、食、中指互捻，如捻粉状。|https://d.bmcx.com/shouyu/_file/7/1b478b4f9212f1d2.png
3337	副业	农牧副渔	（一）右手食指轻打左手食指。（二）左手四指向上直伸，右手食指横放在左手四指跟部，搭成“业”字形。|https://d.bmcx.com/shouyu/_file/3/f2d53a80f91c62f9.png
3338	打猎	农牧副渔	（一）双手作托枪射击的手势。（二）双手五指弯曲如兽抓，一前一后，向前作攫物状|https://d.bmcx.com/shouyu/_file/c/312a584b54c3ceb1.png
3339	编制	农牧副渔	双手五指分开，指尖交叉相叠，向两旁拉开。|https://d.bmcx.com/shouyu/_file/1/e0a2d75c29bb883e.png
3340	畜牧	农牧副渔	（一）一手握拳，做挥鞭子状。（二）双手掌心向上，向外移动，如赶牲畜状。|https://d.bmcx.com/shouyu/_file/8/0412f359a43abe64.png
3341	饲养	农牧副渔	（一）左手平伸，掌心向上，右手在左掌心上撮一下，向外挥动，如撒物状。（二）左手食指向上直伸，右手五指撮合，指尖送向左手食指，同时放开五指。|https://d.bmcx.com/shouyu/_file/d/228e8ed7aba1ebf5.png
3342	家禽	农牧副渔	（一）双手搭成“＾”形。（二）一手连打“鸡”“鸭”两种手势。|https://d.bmcx.com/shouyu/_file/1/f43cd4f3a9f52c2e.png
3343	鸡	农牧副渔	一手拇、食指捏成尖形，手背贴于嘴上，指尖开合几下，表示鸡的嘴。|https://d.bmcx.com/shouyu/_file/a/6d48491c52367955.png
3344	鸭	农牧副渔	一手拇、食、中指捏成尖形，掌背贴于嘴上，指尖开合几下，表示鸭的嘴。|https://d.bmcx.com/shouyu/_file/3/281baf7a0a7db9d2.png
3345	鹅	农牧副渔	鹅 左手拇、食、中指捏成尖性，指尖开合两下。右手握拳放于左手手背上，象征鹅头上的凸起处。|https://d.bmcx.com/shouyu/_file/5/f6a78cdb5a6e1674.png
3346	兔	农牧副渔	一手食、小指向上直伸，如兔的两只长耳朵，并微动几下。|https://d.bmcx.com/shouyu/_file/8/ad77b8ae5ed72a75.png
3347	蚕	农牧副渔	（一）一手拇、食指相捏，自口边向前拉出，如蚕吐丝状。（二）一手伸食指弯曲几下，如虫蠕动状。|https://d.bmcx.com/shouyu/_file/8/37b16b9737e62ecc.png
3348	蜜蜂	农牧副渔	（一）一手食指指颊部，同时舌尖抵住颊部，使颊部凸出。（二）双手拇指交叉相搭，其余手指扇动，如双翅飞行状。|https://d.bmcx.com/shouyu/_file/7/f4d1e4a09a9a8f7e.png
3349	猪	农牧副渔	一手掌心向下，拇指指尖抵于太阳穴，四指扇动几下，如猪的大耳朵。|https://d.bmcx.com/shouyu/_file/4/68f35a2d0ee0ba26.png
3350	牛	农牧副渔	一手伸出拇、小指，拇指抵于太阳穴附近，小指尖向上，如牛角状。|https://d.bmcx.com/shouyu/_file/d/7c88dbc0937023f1.png
3351	羊	农牧副渔	一手食指弯曲如钩，虎口贴近太阳穴，如绵羊头上弯曲的长角。|https://d.bmcx.com/shouyu/_file/f/6fa34ec0a16c394a.png
3352	马	农牧副渔	一手食指直伸，虎口贴近太阳穴，前后微动几下，如马的耳朵。|https://d.bmcx.com/shouyu/_file/1/e46453b4cc7e2442.png
3353	驴	农牧副渔	一手伸食、中指，虎口贴近太阳穴，前后微动几下，如驴的耳朵。|https://d.bmcx.com/shouyu/_file/0/defd7d3e7335f61d.png
3354	骡	农牧副渔	一手打出“L”的指式，拇指指尖抵于太阳穴旁，食指微动两下。|https://d.bmcx.com/shouyu/_file/a/4901d8c9ede7d8f2.png
3355	饲料	农牧副渔	（一）左手平伸，掌心向上，右手在左掌心上撮一下，向外挥动，如撒物状。（二）双手食指先互捻一下，然后分开并张开五指。|https://d.bmcx.com/shouyu/_file/7/645f193b589071ba.png
3356	糠	农牧副渔	（一）左手食指微曲，右手拇、食指相距约一粒米大小，从左手食指指尖处点几下，象征稻穗上一粒粒稻子。（二）一手拇、食指揪另一手手背皮肤。|https://d.bmcx.com/shouyu/_file/0/139a5045ba811b0f.png
3357	麦麸	农牧副渔	（一）左手食指微曲，右手拇、食指相捏，从左手食指跟部向上捋动两下，象征麦芒状。（二）一手五指在另一手背上捻动。|https://d.bmcx.com/shouyu/_file/b/75d31572c513f691.png
3358	水浮莲	农牧副渔	水浮莲 左手平伸，掌心向下，右手五指分开微曲，指尖向上贴在左手背上，一同作波纹状平移。|https://d.bmcx.com/shouyu/_file/e/d04e466f98383640.png
3359	渔	农牧副渔	渔 左手掌心向下作波纹状移动，右手侧立，在左手下方作曲线移动，如水下鱼游动状。|https://d.bmcx.com/shouyu/_file/e/c0938d45bd4e58b5.png
3360	水产	农牧副渔	（一）一手平伸，掌心向下，向旁作波纹状平移。（二）左手五指弯曲成半圆形，右手五指撮合，从左手虎口内向上伸出，同时放开五指。|https://d.bmcx.com/shouyu/_file/6/aa05a2bee6706b52.png
3361	鱼	农牧副渔	一手侧伸，手背向外，向一边作波纹状平移，如鱼游动状。|https://d.bmcx.com/shouyu/_file/1/3f946315b77fe25c.png
3362	鲫	农牧副渔	（一）手指字母“J”的指式。（二）一手侧伸，手背向外，向一边作波纹状平移，如鱼游动状。|https://d.bmcx.com/shouyu/_file/a/5b7e55690293c90c.png
3363	鲤	农牧副渔	（一）手指字母“L”的指式。（二）一手侧伸，手背向外，向一边作波纹状平移，如鱼游动状。|https://d.bmcx.com/shouyu/_file/1/c68fdb9d1bb37ab8.png
3364	鳝	农牧副渔	（一）手指字母“SH”的指式。（二）右手食指横伸，向前弯曲几下，如鳝鱼游动状。|https://d.bmcx.com/shouyu/_file/9/c6d354d5666cf077.png
3365	甲鱼	农牧副渔	甲鱼 右手盖住左拳，左拳只露拇指在外，伸缩几下，如龟头伸缩状。|https://d.bmcx.com/shouyu/_file/1/e6f8243048744aae.png
3366	乌龟	农牧副渔	乌龟 右手盖住左拳，左拳只露拇指在外，伸缩几下，如龟头伸缩状。|https://d.bmcx.com/shouyu/_file/6/6cb6f9915c558ca8.png
3367	鳖	农牧副渔	鳖 右手盖住左拳，左拳只露拇指在外，伸缩几下，如龟头伸缩状|https://d.bmcx.com/shouyu/_file/f/303393acd8455540.png
3368	乌贼	农牧副渔	（一）手指字母“W”的指式。（二）一手五指张开，手背贴于前额，五指灵活舞动，如乌贼的触手。|https://d.bmcx.com/shouyu/_file/e/1e33c3a1cff7beeb.png
3369	虾	农牧副渔	一手食指弯曲两下，并向外弹跳，如虾跳动状。|https://d.bmcx.com/shouyu/_file/4/448e4c4b09517a5e.png
3370	蚶	农牧副渔	（一）手指字母“H”的指式。（二）双手掌心相合，然后向左右打开，如蚶壳开闭之状。|https://d.bmcx.com/shouyu/_file/f/e3e68a11337ae13f.png
3371	蛤	农牧副渔	（一）手指字母“G”的指式。（二）一手侧伸，手背向外，向一边作波纹状平移，如鱼游动状。|https://d.bmcx.com/shouyu/_file/7/5303012339d4c73c.png
3372	蚌	农牧副渔	（一）手指字母“B”的指式。（二）一手侧伸，手背向外，向一边作波纹状平移，如鱼游动状。|https://d.bmcx.com/shouyu/_file/8/6914b134fef6ae22.png
3373	螺	农牧副渔	（一）手指字母“L”的指式。（二）一手拇、食、中指并拢，放在嘴前吮吸，作吃螺状。|https://d.bmcx.com/shouyu/_file/2/3ed0e54250e6cc2d.png
3374	蟹	农牧副渔	双手五指弯曲，腕部交叉相叠，手指灵活抖动，并横向移动，如蟹爬行状。|https://d.bmcx.com/shouyu/_file/b/0f7a75e019a2fa6f.png
3375	海蛰	农牧副渔	（一）双手平伸，掌心向下，向两旁作波浪形移动，动作幅度要大。（二）左手微曲，掌心向下，右手五指分开，贴于左手虎口内微曲微动。|https://d.bmcx.com/shouyu/_file/1/d261ec0758155aac.png
3376	海参	农牧副渔	（一）双手平伸，掌心向下，向两旁作波浪形移动，动作幅度要大。（二）双手拇、食指相距一寸，指尖相对，从中间向左右拉开。|https://d.bmcx.com/shouyu/_file/0/50121b5542e1dc7b.png
3377	鱼叉	农牧副渔	（一）一手侧伸，手背向外，向一边作波纹状平移，如鱼游动状。（二）一手食、中、无名指直伸，向下一刺，如叉鱼状|https://d.bmcx.com/shouyu/_file/0/4f957607abdb06f9.png
3378	鱼钩	农牧副渔	（一）一手侧伸，手背向外，向一边作波纹状平移，如鱼游动状。（二）一手食指弯曲成钩形。|https://d.bmcx.com/shouyu/_file/5/5c62cba522d4cda2.png
3379	海带	农牧副渔	（一）双手平伸，掌心向下，向两旁作波浪形移动，动作幅度要大。（二）左手微曲，掌心向下，右手五指分开，贴于左手虎口内微曲微动。|https://d.bmcx.com/shouyu/_file/c/4f5c6043db5112ea.png
3380	鱼篓	农牧副渔	（一）一手侧伸，手背向外，向一边作波纹状平移，如鱼游动状。（二）双手掌心向上，五指交叉在一起，然后双手拇、食指搭成圆形，由下而上虚构成篓的外形。|https://d.bmcx.com/shouyu/_file/0/de35b86d91183364.png
3381	鱼网	农牧副渔	（一）一手侧伸，手背向外，向一边作波纹状平移，如鱼游动状。（二）双手五指交叉，掌心向内，从两侧向上拉起，象征鱼网。|https://d.bmcx.com/shouyu/_file/e/60e5dc048715f42f.png
3382	草垛	农牧副渔	（一）双手食指向上直伸，交替上下动几下。（二）双手弯曲，掌心向下，由上而下作弧形下移，如堆积的草垛。|https://d.bmcx.com/shouyu/_file/9/1b5c25a092e85104.png
3383	贝壳	农牧副渔	（一）双手掌心相合，然后向左右打开，如蚶开闭之状。（二）左手五指微曲，掌心向下，右手食指点一下左手背。|https://d.bmcx.com/shouyu/_file/a/b2f7ecac53c0c2cd.png
3384	菜花	农牧副渔	（一）双手五指撮合，指尖朝上，向上伸出，同时放开五指。（二）左手姿势不变；右手五指虚撮，指尖朝下在左手指尖上点动几下，如菜花形状。|https://d.bmcx.com/shouyu/_file/a/3d94adccc7b67a0c.png
3385	草莓	农牧副渔	（一）双手伸出食指，指尖朝上，交替上下动几下。（二）一手拇、食指捏成小圆圈，置于嘴边，脸露酸的表情。|https://d.bmcx.com/shouyu/_file/1/e92bb8703032d446.png
3386	巢	农牧副渔	巢 左手五指微曲，掌心向上；右手拇、食、小指伸出，边抖边边落入左掌心里，表示燕子飞进窝里|https://d.bmcx.com/shouyu/_file/c/7ff9c39d92e2f19d.png
3387	窝	农牧副渔	窝 左手五指微曲，掌心向上；右手拇、食、小指伸出，边抖边边落入左掌心里，表示燕子飞进窝里|https://d.bmcx.com/shouyu/_file/4/aa2e145f308f20d1.png
3388	抽水机	农牧副渔	（一）一手张开五指，掌心向下，然后自下而上快速收回，同时并拢五指。（二）一手平伸，掌心向下，向一侧作波纹状移动。（三）双手五指弯曲，四指大关节交错相触，转动几下。|https://d.bmcx.com/shouyu/_file/4/a2f8d6c4be2c305e.png
3389	水泵	农牧副渔	（一）一手张开五指，掌心向下，然后自下而上快速收回，同时并拢五指。（二）一手平伸，掌心向下，向一侧作波纹状移动。（三）双手五指弯曲，四指大关节交错相触，转动几下。|https://d.bmcx.com/shouyu/_file/d/c63ccda087d21b81.png
3390	垛	农牧副渔	（一）一手食指从另一手指定缝中慢慢伸出。（二）右手食指直立；左手拇、食指在右食指尖处打一个小叶子形状。|https://d.bmcx.com/shouyu/_file/b/74a51b6b017aa619.png
3391	发芽	农牧副渔	（一）一手食指从另一手指定缝中慢慢伸出。（二）右手食指直立；左手拇、食指在右食指尖处打一个小叶子形状。|https://d.bmcx.com/shouyu/_file/1/f8dd20d4b42f4b1a.png
3392	沟	农牧副渔	沟 两手倾斜，掌心相对，作上宽下窄状移动，仿沟的形状|https://d.bmcx.com/shouyu/_file/3/d0c1d4c5bc919602.png
3393	海棠	农牧副渔	（一）双手平伸，掌心向下向两旁作波浪形移动。（二）左手拇、食指捏成小圆圈；右手伸食指搭在左手的小圆圈上。|https://d.bmcx.com/shouyu/_file/f/671f70bf70c85e98.png
3394	荒野	农牧副渔	（一）双手小指指尖朝上，交替上下微动。（二）右手五指并拢，掌心向下，在胸前由左向右作弧形划动，表示地域广阔。|https://d.bmcx.com/shouyu/_file/f/da9a517f86e708b5.png
3395	灰尘	农牧副渔	（一）手指字母“H”的指式。（二）一手拇、食、中指互捻。|https://d.bmcx.com/shouyu/_file/1/e4aebc7d99c90916.png
3396	尘	农牧副渔	一手拇、食、中指互捻|https://d.bmcx.com/shouyu/_file/6/7b536f8c421281a9.png
3397	嫁接	农牧副渔	（一）左手伸出食指，指尖朝上；右手食指指尖向左手食指中部斜插一下。（二）双手食指微曲，指尖相对，从两旁向中间互触。|https://d.bmcx.com/shouyu/_file/8/4b1a58dbfedac404.png
3398	荔枝	农牧副渔	（一）手指字母“〈”的指式。（二）左手拇、食指捏成小圆圈，仿荔枝的外形，右手做剥皮动作。|https://d.bmcx.com/shouyu/_file/8/e1c4e2bb1a777ad6.png
3399	垄	农牧副渔	（一）双手食、中、无名指搭成“田”字形。（二）双手掌心相对侧立，指尖朝前移动几次。|https://d.bmcx.com/shouyu/_file/3/9a48096662d9dd37.png
3400	埂	农牧副渔	（一）双手食、中、无名指搭成“田”字形。（二）双手掌心相对侧立，指尖朝前移动几次。|https://d.bmcx.com/shouyu/_file/6/80a6286bf9710986.png
3401	苗圃	农牧副渔	（一）左手平伸，掌心向下，五指稍分开；右手食、中、无名、小指从左手指缝中微微伸出。（二）双手平伸，掌心向下，指尖朝前，中间稍有间隔，然后向前平移两次，表示苗畦。|https://d.bmcx.com/shouyu/_file/a/fa4d8097d4721a71.png
3402	泥鳅	农牧副渔	（一）一手拇指与食、中指互捻。（二）一手食指伸出，指尖朝前，作往前钻动的动作。|https://d.bmcx.com/shouyu/_file/0/a98772d89d368d10.png
3403	山楂	农牧副渔	（一）一手拇、食、小指伸出，掌心向内，模仿“山”字形。（二）一手拇、食指捏成小圆圈放在嘴边。|https://d.bmcx.com/shouyu/_file/6/ed3a09f915c93d57.png
3404	红果	农牧副渔	（一）一手拇、食、小指伸出，掌心向内，模仿“山”字形。（二）一手拇、食指捏成小圆圈放在嘴边。|https://d.bmcx.com/shouyu/_file/3/87dd47e448f04fa5.png
3405	授粉	农牧副渔	（一）一手在上作拍打状，另一手同时在下托住如接物状。（二）一手拇、食、中指互捻|https://d.bmcx.com/shouyu/_file/1/86c8db90bc39663c.png
3406	水闸	农牧副渔	（一）右手伸平，掌心向下，向一侧作波纹状平移。（二）左手五指成“凵”形，右手五指关拢，指尖朝下，插入“凵”形中。|https://d.bmcx.com/shouyu/_file/6/383650e07dd667c9.png
3407	田野	农牧副渔	（一）双手食、中、无名指搭成“田”字形。（二）同“荒野”手势（右手五指并拢，掌心向下，在胸前由左向右作弧形划动，表示地域广阔。）|https://d.bmcx.com/shouyu/_file/a/f361be9a424d941d.png
3408	囤	农牧副渔	双手拇指贴于掌心，其余四指张开围成一圈，然后左手五指成半圆形，虎口向上；右手在左手上划一弧形，模仿粮囤形状。|https://d.bmcx.com/shouyu/_file/f/2cb3c8759bd38008.png
3409	养殖	农牧副渔	（一）左手伸出食指；右手五指相捏，指尖向左手食指移动。（二）手指字母“ZH”的指式。|https://d.bmcx.com/shouyu/_file/5/e8a5dee97941f5b4.png
3410	庄稼	农牧副渔	（一）双手五指弯曲，掌心向下，向后拉动几下，如耙地动作。（二）双手握拳，上拳打下拳。（三）双手食指先互碰一下，然后分开并张开五指。|https://d.bmcx.com/shouyu/_file/8/71882547d3107c4b.png
3411	农作物	农牧副渔	（一）双手五指弯曲，掌心向下，向后拉动几下，如耙地动作。（二）双手握拳，上拳打下拳。（三）双手食指先互碰一下，然后分开并张开五指。|https://d.bmcx.com/shouyu/_file/1/476009e0e5a3f16f.png
2766	债票	财政贸易	（一）一手拇、食指捏成小圆圈，放于肩部。（二）双手拇、食指相对，向两侧移动，如债票形状。|https://d.bmcx.com/shouyu/_file/0/6475ce0820907b10.png
2767	债券	财政贸易	（一）一手拇、食指捏成小圆圈，放于肩部。（二）双手拇、食指相对，向两侧移动，如债票形状。|https://d.bmcx.com/shouyu/_file/4/d2d89f299c14b9f0.png
2768	储蓄	财政贸易	储蓄 左手掌心向下，五指微曲成半圆形。右手拇、食指捏成小圆圈，向左手掌心中纳入，象征把钱储藏起来。|https://d.bmcx.com/shouyu/_file/8/d3912bc12058f2b8.png
2769	借款	财政贸易	（一）一手先打手指字母“J”的指式，再改为伸手，掌心向上，向内微移。（二）一手拇、食指捏成小圆圈，微动几下，表示“钱币”。|https://d.bmcx.com/shouyu/_file/d/088038482a1d1973.png
2770	借钱	财政贸易	（一）一手先打手指字母“J”的指式，再改为伸手，掌心向上，向内微移。（二）一手拇、食指捏成小圆圈，微动几下，表示“钱币”。|https://d.bmcx.com/shouyu/_file/d/bdecc3d03a21605b.png
2771	贷款	财政贸易	（一）一手先打手指字母“J”的指式，再改为伸手，掌心向上，向内微移。（二）一手拇、食指捏成小圆圈，微动几下，表示“钱币”。|https://d.bmcx.com/shouyu/_file/0/31cfd738b423b585.png
2772	利息	财政贸易	（一）手指字母“L”的指式。（二）一手拇、食指捏成小圆圈，微动几下。|https://d.bmcx.com/shouyu/_file/6/4bb10959bbe0a7a2.png
2773	外汇	财政贸易	（一）左手侧伸，掌心向内。右手食指在左手背外向下指，即“外”手势。（二）一手拇、食指捏成小圆圈，微动几下，表示“钱币”。|https://d.bmcx.com/shouyu/_file/f/4156e9b82207fc9a.png
2774	汇率	财政贸易	（一）双手拇、食指捏成圆形，一前一后交替移动，表示银钱进出。（二）一手五指向上伸开，手背贴于另一手横伸的食指上，手指微动，表示货币的比率。|https://d.bmcx.com/shouyu/_file/8/95ad56e93981e2a4.png
2775	兑现	财政贸易	（一）双手食指伸直，手背向上，从两侧向中间靠拢互碰。（二）一手掌心向上，向前伸出。|https://d.bmcx.com/shouyu/_file/b/7cb14c1eabc169bf.png
2776	国库	财政贸易	（一）手指字母“G”的指式，并绕圈转动一周。（二）左手掌心向下，五指微曲成半圆形。右手拇、食指捏成小圆圈，向左手掌心中纳入，象征把钱储藏起来。|https://d.bmcx.com/shouyu/_file/8/fcd5dccc3dc318fd.png
2777	税收	财政贸易	（一）右手食、中指在左掌心上拍打一下，表示贴印花税。（二）双手微曲，掌心相对，由外向里收拢，表示“收进”之意。|https://d.bmcx.com/shouyu/_file/2/c08931afb826e56c.png
2778	商业	财政贸易	（一）双手掌心向上，在胸前交互转圈子，表示“买卖”之意。（二）一手食指向上直伸，另一手食指横于四指跟部，搭成“业”字形。|https://d.bmcx.com/shouyu/_file/7/2e48ad9ea2582a41.png
2779	商店	财政贸易	（一）双手掌心向上，在胸前交互转圈子，表示“买卖”之意。（二）双手指尖搭成“＾”形。|https://d.bmcx.com/shouyu/_file/5/5ef16b8dae5156a0.png
2780	商标	财政贸易	（一）双手掌心向上，在胸前交互转圈子，表示“买卖”之意。（二）双手伸拇、食指，相距约一寸，指尖相对，由中间向两旁拉开，象征标牌。|https://d.bmcx.com/shouyu/_file/c/38e9964b753ed804.png
2781	商品	财政贸易	（一）双手掌心向上，在胸前交互转圈子，表示“买卖”之意。（二）双手拇、食指捏成小圆圈，一手不动，一手左右移动一下，成“品”字。|https://d.bmcx.com/shouyu/_file/4/29e5e721c01ba90d.png
2782	市场	财政贸易	（一）双手掌心向上，在胸前交互转圈子，表示“买卖”之意。（二）一手食指向下划一个大圆圈，表示市场的范围。|https://d.bmcx.com/shouyu/_file/1/871d4905682ec123.png
2783	集市	财政贸易	（一）双手武职微曲，从两边向中间合拢，表示集中。（二）双手掌心向上，在胸前交互转圈子，表示“买卖”之意。|https://d.bmcx.com/shouyu/_file/6/88b96876865063b4.png
2784	摊贩	财政贸易	（一）双手掌心向上，同时向两侧摊开，表示地摊。（二）双手掌心向上，在胸前交互转圈子，表示“买卖”之意。|https://d.bmcx.com/shouyu/_file/5/cd2b58858cf0c5ac.png
2785	经营	财政贸易	（一）双手拇、食指捏成小圆圈，交互转动，表示经商。（二）双手向上直伸，掌心相对，向旁一顿一顿地移动。|https://d.bmcx.com/shouyu/_file/6/e3f32c2870704819.png
2786	经商	财政贸易	双手拇、食指捏成小圆圈，交互转动，表示经商()|https://d.bmcx.com/shouyu/_file/0/81e6e3f37ce39960.png
2787	买卖	财政贸易	双手掌心向上，在胸前交互转圈子，表示“买卖”之意。  ()|https://d.bmcx.com/shouyu/_file/e/1173354832f5cd2a.png
2788	管理	财政贸易	（一）双手前伸，掌心相对，上下动两下，同时向旁移，，表示管理。（二）一手拍一下肩部，表示负责。|https://d.bmcx.com/shouyu/_file/d/9ee2d59980dee6ae.png
2789	营业	财政贸易	（一）双手并排，掌心向外，然后向两侧翻转，两手掌心向内，象征店门开着。（二）双手掌心向上，在胸前交互转圈子，表示“买卖”之意。|https://d.bmcx.com/shouyu/_file/b/306c96260251602a.png
2790	资本	财政贸易	（一）一手拇、食指捏成小圆圈，微动几下，表示“钱币”。（二）左手握住右手腕部，表示“基础”“基本”。|https://d.bmcx.com/shouyu/_file/4/f61d90d1be6d2acd.png
2791	利润	财政贸易	（一）一手拇、食指捏成小圆圈，微动几下，表示“钱币”。（二）双手微曲，掌心相对，由外向里收拢，表示“收进”“收入”之意。|https://d.bmcx.com/shouyu/_file/2/eccfa0ae3356564b.png
2792	规划	财政贸易	（一）双手向上直伸，掌心相对，一顿一顿向旁移动，象征有条理的安排。（二）左手平伸，掌心向下。右手指尖沿左手小指边缘划一条线，表示计划。|https://d.bmcx.com/shouyu/_file/5/e9017a3c5967a62a.png
2793	计划	财政贸易	（一）一手食指在太阳穴转一小圈。（二）左手平伸，掌心向下。右手指尖沿左手小指边缘划一条线，表示计划。|https://d.bmcx.com/shouyu/_file/1/b736a2d010da93e1.png
2794	指标	财政贸易	（一）手指字母“ZH‘的指式。（二）一掌侧立，指尖指向另一手向上直伸的食指。|https://d.bmcx.com/shouyu/_file/6/3a05080492267038.png
2795	投资	财政贸易	（一）一手伸入口袋作取物状，然后向外一伸并放开手指，象征投入资本。（二）一手拇、食指捏成小圆圈，微动几下，表示“钱币”。|https://d.bmcx.com/shouyu/_file/2/5d382e6ccb136305.png
2796	业务	财政贸易	（一）一手四指向上直伸，另一手食指横于四指跟部，搭成“业”字形。（二）一手拍一下肩头。|https://d.bmcx.com/shouyu/_file/3/be018479f8cd8a8a.png
2797	合同	财政贸易	（一）双手掌心向上，从两旁向中间靠拢，表示“凭证”“和约”。（二）双手拇、食、中指相捏向中间靠拢，并排向下一按，如双方盖章状。|https://d.bmcx.com/shouyu/_file/2/461d9157385989d1.png
2798	承包	财政贸易	（一）双手并排伸开，掌心向上，然后向内移动，同时收拢五指。（二）右手抱住左拳，向下转动一下。|https://d.bmcx.com/shouyu/_file/1/fcc0ef9c4d81bd96.png
2799	价值	财政贸易	（一）一手拇、食指捏成小圆圈，微动几下，表示“钱币”。（二）一手五指向上伸开，微微抖动几下。|https://d.bmcx.com/shouyu/_file/c/6b07305d2f60682b.png
2800	价格	财政贸易	（一）一手五指向上伸开，微微抖动几下。（二）一手拇、食指捏成小圆圈，微动几下，表示“钱币”。|https://d.bmcx.com/shouyu/_file/4/69c39440d89e580b.png
2801	多少钱	财政贸易	（一）一手五指向上伸开，微微抖动几下。（二）一手拇、食指捏成小圆圈，微动几下，表示“钱币”。|https://d.bmcx.com/shouyu/_file/2/a34db0a90574a9a0.png
2802	议价	财政贸易	（一）双手食指指尖相对，在面前交互转动，表示双方商议价格。（二）一手拇、食指捏成小圆圈，微动几下，表示“钱币”。|https://d.bmcx.com/shouyu/_file/f/3234346c4c156775.png
2803	信息	财政贸易	（一）左手拇指与四指握成“[”形，右手四指指尖插入左手“[”形中，象征信件。（二）一手五指微曲，掌心向外，然后五指撮合，指尖贴近耳部，如听到外界消息。|https://d.bmcx.com/shouyu/_file/1/62b63f82ffec7fe6.png
2804	保险	财政贸易	（一）双手掌心向外，微按两下，表示“保护”“帮助”。（二）手指字母“X”的指式。|https://d.bmcx.com/shouyu/_file/c/51c041e700d18342.png
2805	货物	财政贸易	双手先以食指互碰一下，然后分开并张开五指。|https://d.bmcx.com/shouyu/_file/6/c2cb8391445b9d31.png
2806	东西	财政贸易	双手先以食指互碰一下，然后分开并张开五指。|https://d.bmcx.com/shouyu/_file/f/b90c0fa170a6bbf8.png
2807	物资	财政贸易	（一）双手先以食指互碰一下，然后分开并张开五指。（二）手指字母“Z”的指式。|https://d.bmcx.com/shouyu/_file/f/adfe754806005a47.png
2808	资源	财政贸易	（一）手指字母“Z”的指式。（二）左手掌心向下，五指微曲，右手伸入左手掌心下，表示藏在地下的资源。|https://d.bmcx.com/shouyu/_file/3/f6d4e2f3a513163d.png
2809	百货	财政贸易	（一）一手食指伸直，由左向右横向移动一下。（二）双手先以食指互碰一下，然后分开并张开五指。|https://d.bmcx.com/shouyu/_file/d/b8c15e77d960e889.png
2810	输出	财政贸易	（一）双手平伸，掌心向上，交叉移动，象征运输。（二）一手伸拇、小指向外移动，表示“出”。|https://d.bmcx.com/shouyu/_file/0/4e43a8f36c68897e.png
2811	输入	财政贸易	（一）双手平伸，掌心向上，交叉移动，象征运输。（二）一手伸拇、小指，向内移动，表示“进”“入”。|https://d.bmcx.com/shouyu/_file/3/7e9220f558af081b.png
2812	收入	财政贸易	（一）双手五指微曲，掌心相对，由外向里收拢，表示“收进”之意。（二）一手拇、食指捏成小圆圈，微动几下，表示“钱币”。|https://d.bmcx.com/shouyu/_file/5/c278aca23c7f0f85.png
2813	支出	财政贸易	一手拇、食指捏成小圆圈，置于另一手掌心上，向外甩动两次，象征付出。|https://d.bmcx.com/shouyu/_file/8/9c7f2dc902424400.png
2814	零售	财政贸易	（一）双手伸出食指，交替向前动几次，表示一个一个的零星数字。（二）双手掌心向上，在胸前交互转圈子，表示“买卖”之意。|https://d.bmcx.com/shouyu/_file/d/0dbfb087c7389072.png
2815	买	财政贸易	双手平伸，手心向上，一手在另一手掌心上拍打一下，然后向里移，表示买进东西。|https://d.bmcx.com/shouyu/_file/e/ddcc8ece89c24c7d.png
2816	卖	财政贸易	双手平伸，手心向上，一手在另一手掌心上拍打一下，然后向外移，表示卖出东西|https://d.bmcx.com/shouyu/_file/a/3a72db21408ec169.png
2817	便宜	财政贸易	一手拇、食指指尖相捏，在另一手掌心上轻拍两下，表示钱很少，即便宜之意。|https://d.bmcx.com/shouyu/_file/8/d663e9a04b0295bb.png
2818	昂贵	财政贸易	（一）一手拇、食指捏成小圆圈，微动几下，表示“钱币”。（二）一手食指向上直伸，拇指弯曲贴在食指跟部，向上微伸，表示价钱很高。|https://d.bmcx.com/shouyu/_file/1/31ec7727a08fd8e2.png
2819	征购	财政贸易	（一）一手掌心向上，在前面转一圈，表示征收。（二）双手平伸，手心向上，一手在另一手掌心上拍打一下，然后向里移，表示买进东西。|https://d.bmcx.com/shouyu/_file/2/5ab9484aa49c6875.png
2820	交售	财政贸易	（一）双手掌心向上，并在一起，向前伸出，如交出物件。（二）双手平伸，手心向上，一手在另一手掌心上拍打一下，然后向外移，表示卖出东西。|https://d.bmcx.com/shouyu/_file/5/f897e8f293ba3e0d.png
2821	交换	财政贸易	双手拇指与四指成“[”形，一左一右，互换位置|https://d.bmcx.com/shouyu/_file/f/8c1a0c67b181733b.png
2822	供应	财政贸易	双手掌心向上，从腰部向外伸出，先互相靠拢，再向两旁分开，表示把东西供给别人。|https://d.bmcx.com/shouyu/_file/2/1430a454b75e9d46.png
2823	调剂	财政贸易	双手五指撮合，指尖向下，腕部交叉，然后左右分开，象征“调剂”。|https://d.bmcx.com/shouyu/_file/3/38a76da0a3d5e85a.png
2824	转让	财政贸易	（一）双手食指向上直伸，一左一右，互换位置。（二）一手平伸，掌心向上，向前微送。|https://d.bmcx.com/shouyu/_file/a/c0e18b927d426d91.png
2825	消费	财政贸易	（一）双手平伸，一上一下，掌心相对，在上的手向下移，直至两掌心相合。（二）一手拇、食指捏成小圆圈，微动几下，再向外甩动几下，象征花钱。|https://d.bmcx.com/shouyu/_file/f/381d53bbb4e84d46.png
2826	积累	财政贸易	双手平伸，一上一下掌心相贴。下手不动，上手向上提，象征积累。|https://d.bmcx.com/shouyu/_file/3/6588d0d9f7ba3c7d.png
2827	分配	财政贸易	一手侧立在另一手掌心上，向左右拨动。|https://d.bmcx.com/shouyu/_file/9/8a1fba6d73d3a0cb.png
2828	报酬	财政贸易	（一）一手握拳在另一手臂上敲打两下。（二）一手拇、食指捏成小圆圈，微动几下，再向前伸出，如给钱状。|https://d.bmcx.com/shouyu/_file/2/048acef662234bc6.png
2829	佣金	财政贸易	（一）一手握拳在另一手臂上敲打两下。（二）一手拇、食指捏成小圆圈，微动几下，再向前伸出，如给钱状。|https://d.bmcx.com/shouyu/_file/6/2bbb6468c6ccf641.png
2830	待遇	财政贸易	（一）一手五指撮合，向前伸出，同时摊开掌心。（二）一手拇指与四指成“[”形，向前伸出。|https://d.bmcx.com/shouyu/_file/4/bd10981f539d8b02.png
2831	收条	财政贸易	（一）一手平伸，掌心向上，边向里收缩边握拳。（二）双手拇、食指相距约一寸，指尖相对，向两边拉开，如“纸条”之状。|https://d.bmcx.com/shouyu/_file/2/d643c0e6882bb471.png
2832	借条	财政贸易	（一）一手先打手指字母“J”的指式，再改为伸手，掌心向上，向内微移。（二）双手拇、食指相距约一寸，指尖相对，向两边拉开，如“纸条”之状。|https://d.bmcx.com/shouyu/_file/1/bdd999f17657978a.png
2833	收据	财政贸易	双手掌心向上，指尖相对。一手不动，一手向下翻转，如撕发票状。|https://d.bmcx.com/shouyu/_file/f/3320dd53d00d0a44.png
2834	报销	财政贸易	（一）双手并排，掌心向上，一手不动，一手向前伸，象征交出收据。（二）一手拇、食指捏成小圆圈，微动几下，再向内移动，象征收回钱。|https://d.bmcx.com/shouyu/_file/3/3f558addce61a80c.png
2835	工资	财政贸易	（一）一手食指与另一手食、中指搭成“工”字。（二）一手拇、食指捏成小圆圈，微动几下，表示“钱币”。|https://d.bmcx.com/shouyu/_file/2/3e7bad3b36c22e44.png
2836	奖金	财政贸易	（一）一手五指撮合，手背贴于颊部，向外移并放开五指，表示“光荣”之意。（二）一手拇、食指捏成小圆圈，微动几下，表示“钱币”。|https://d.bmcx.com/shouyu/_file/f/0838a184b4f2040c.png
2837	人民币	财政贸易	（一）双手食指搭成“人”字形并转一圈。（二）一手拇、食指捏成小圆圈，微动几下，表示“钱币”。|https://d.bmcx.com/shouyu/_file/6/228ef1ff99daebc7.png
2838	元	财政贸易	一手拇、食指捏成一个较大的圆形。|https://d.bmcx.com/shouyu/_file/c/a57d6c75e3749d81.png
2839	角	财政贸易	一手拇、食指捏成一个小圆形|https://d.bmcx.com/shouyu/_file/6/bd93b3ee0e4cf2ec.png
2840	分	财政贸易	一手打手指字母“F”的指式，在另一手拇、食指捏成的小圆圈上点一下。|https://d.bmcx.com/shouyu/_file/c/0487ea0a36892870.png
2841	挪用	财政贸易	一手五指在另一手掌心中撮一下，然后向衣袋中一塞，表示挪用公款放入袋中。|https://d.bmcx.com/shouyu/_file/9/7378d7acf98b599e.png
2842	侵吞	财政贸易	一手五指微曲，向前一抓，然后送到口边作吞物之状。|https://d.bmcx.com/shouyu/_file/9/234b6c65a080e5c1.png
2843	亏损	财政贸易	（一）一手拇、食指捏成小圆形，放在口边向外一甩，表示吃亏。（二）双手五指向下一顿，如摔物状，表示损失。|https://d.bmcx.com/shouyu/_file/4/0dcab3cda7fd12b3.png
2844	损失	财政贸易	（一）手指字母“S”的指式。（二）双手五指向下一顿，如摔物状，表示损失。|https://d.bmcx.com/shouyu/_file/3/4f1399cea229ec7c.png
2845	赔偿	财政贸易	一手五指撮合，在腰部贴一下，如从袋中掏出钱来放在另一手掌心上，象征赔偿。|https://d.bmcx.com/shouyu/_file/5/ceca873d214b9629.png
2846	停滞	财政贸易	（一）左手平伸，掌心向下，右手指尖抵住左掌心，此是体育比赛“停”的手势。（二）左掌侧立，右手指尖抵住左掌心，表示组阻滞、停滞。|https://d.bmcx.com/shouyu/_file/b/5ca91b2c760aab27.png
2847	破产	财政贸易	（一）双手虚握，拇、食指相对，作掰物状。（二）双手指尖搭成“＾”形，然后双手五指弯曲，如房屋倒塌之状。|https://d.bmcx.com/shouyu/_file/9/024b7d2dc508630a.png
2848	淘汰	财政贸易	一手五指抓住另一手小指，向下一甩，表示将坏的东西扔掉，引申为淘汰。|https://d.bmcx.com/shouyu/_file/a/6fce74f75caebb14.png
2849	倒闭	财政贸易	（一）双手指尖搭成“＾”形，然后双手五指弯曲，如房屋倒塌之状。（二）双手直伸，掌心向外，从两侧移向中间，如关门状。|https://d.bmcx.com/shouyu/_file/7/aace9cdb0f852ba2.png
2850	保值	财政贸易	（一）左手伸出拇指；右手微曲，绕左手半圈。（二）一手拇、食指捏成小圆圈，微动几下。|https://d.bmcx.com/shouyu/_file/e/4748eca5d02da07c.png
2851	贬值	财政贸易	（一）一手五指呈“匚”形，指尖朝前，拇指在下，然后五指合拢一下。（二）同“保值”手势（一手拇、食指捏成小圆圈，微动几下。）|https://d.bmcx.com/shouyu/_file/d/ec644dec0381673e.png
2852	补贴	财政贸易	（一）左手侧伸；右手拇、食指握成圆形，向左手掌心移动，相贴。（二）一手拇、食指捏成小圆圈，放在另一手掌心上。|https://d.bmcx.com/shouyu/_file/2/48cd38db2e925fa9.png
2853	补偿	财政贸易	（一）同“补贴”手势（左手侧伸；右手拇、食指握成圆形，向左手掌心移动，相贴。）（二）一手平伸，掌心向上，向前微伸（表示补足缺欠的意思）。（三）一手托住另一手肘部并向上举，表示健肢代替残肢功能（表示补偿缺陷的意思）。 (可根据情况选择动作（一）或（二））。|https://d.bmcx.com/shouyu/_file/6/3b64d149e158bf42.png
2854	财产	财政贸易	（一）同“保值”手势（一手拇、食指捏成小圆圈，微动几下。）（二）左手五指向内弯曲成半圆形；右手五指撮合，从半圆形中向上伸出同时放开五指。|https://d.bmcx.com/shouyu/_file/e/6686e0df619c142b.png
2855	裁减	财政贸易	（一）左手平伸，掌心向上；右手横立，从左手小指处向内刮一下。（二）双手掌心向外，拇指相对，其余手指直立，然后五指作并拢状。|https://d.bmcx.com/shouyu/_file/0/1539b7d130f324d0.png
2856	差额	财政贸易	（一）双手平伸，掌心向下，一手不动，另一手向下沉一下。（二）一手五指分开，指尖朝上，手指微微抖动几下。|https://d.bmcx.com/shouyu/_file/9/4f1c20af35f14e87.png
2857	成本	财政贸易	（一）左手握拳，手背向上；右手握住左手腕部。（二）左手拇、食指捏成小圆圈，右手手背向外，五指朝上伸开，微微抖动几下。|https://d.bmcx.com/shouyu/_file/f/0a25ab99cfa7a7fc.png
2858	成批	财政贸易	（一）双手五指微曲，一上一下，掌心相对，向外移动。（二）同“保值”手势（一手拇、食指捏成小圆圈，微动几下。）|https://d.bmcx.com/shouyu/_file/e/d4d3945840ad2e0f.png
2859	批量	财政贸易	（一）双手五指微曲，一上一下，掌心相对，向外移动。（二）同“保值”手势（一手拇、食指捏成小圆圈，微动几下。）|https://d.bmcx.com/shouyu/_file/b/e42ce02bd0b18110.png
2860	成交	财政贸易	（一）一手伸出拇指，在胸前向上举。（二）双手拇指与四指成“匚”形，一左一右，互换位置。|https://d.bmcx.com/shouyu/_file/2/ceb2d03e720b41c7.png
2861	赤字	财政贸易	（一）一手打手指字母“H”的指式置于嘴唇边。（二）一手打手指字母“Z”的指式，然后拇、食指相对，间隔约2厘米。|https://d.bmcx.com/shouyu/_file/e/1748f130f1065b1a.png
2862	储存	财政贸易	（一）左手掌心向下，五指微曲成半圆形；右手拇、食指捏成小圆圈，向左手掌心中纳入。（二）双手平伸，掌心向下，在左侧腰间向下微按。|https://d.bmcx.com/shouyu/_file/5/20f761b7f0bd6def.png
2863	储备	财政贸易	（一）同“储存”手势（左手掌心向下，五指微曲成半圆形；右手拇、食指捏成小圆圈，向左手掌心中纳入。）（二）一手边拍打另一手背，边向旁移动。|https://d.bmcx.com/shouyu/_file/1/5f7ac2ef3a055f51.png
2864	创汇	财政贸易	（一）一手握拳贴于太阳穴旁，然后向外移动，并张开五指。（二）同“保值”手势（一手拇、食指捏成小圆圈，微动几下。）|https://d.bmcx.com/shouyu/_file/d/b1785288b7a868b1.png
2865	存折	财政贸易	（一）同“储存”手势（左手掌心向下，五指微曲成半圆形；右手拇、食指捏成小圆圈，向左手掌心中纳入。）（二）双手横伸，掌心相贴，一上一下，然后上面的手作打开状。|https://d.bmcx.com/shouyu/_file/0/ccb49990d3d39db8.png
2866	代理	财政贸易	（一）双手食指指尖朝上，一左一丰互相交换位置。（二）一手拍一下另一侧的肩部。|https://d.bmcx.com/shouyu/_file/8/1daacf6ff2c9e4c9.png
2867	单据	财政贸易	（一）双手拇、食指伸开，相距约5厘米。指尖相对，向两旁拉开。（二）双手掌心向上，指尖相对，一手不动。另一手向下翻转。|https://d.bmcx.com/shouyu/_file/2/dad5f2c640577675.png
2868	单价	财政贸易	（一）一手食指伸直，置于胸前不动。（二）同“成本”手势（左手拇、食指捏成小圆圈，右手手背向外，五指朝上伸开，微微抖动几下。）|https://d.bmcx.com/shouyu/_file/4/5e1aff63be1d8ba8.png
2869	担保	财政贸易	（一）右手在左肩部拍一下。（二）双手五指并拢，掌心向外，同时向前按一下。|https://d.bmcx.com/shouyu/_file/f/8e28def19e6516a4.png
2870	抵押	财政贸易	（一）双手一上一下，掌心相对，间距约10厘米，然后向下一入，表示将物品“抵押”。（二）左手平伸，掌心向下；右手握拳，置于左手背上。|https://d.bmcx.com/shouyu/_file/6/7f2740ca36943626.png
2871	跌价	财政贸易	（一）左手直立，掌心向外；右手食指尖朝上贴于左手掌心，由上向下移动。（二）同“保值”手势（一手拇、食指捏成小圆圈，微动几下。）|https://d.bmcx.com/shouyu/_file/2/02c9920d79215ac9.png
2872	降价	财政贸易	（一）左手直立，掌心向外；右手食指尖朝上贴于左手掌心，由上向下移动。（二）同“保值”手势（一手拇、食指捏成小圆圈，微动几下。）|https://d.bmcx.com/shouyu/_file/7/8cb111cf52a8c841.png
2873	折价	财政贸易	（一）左手直立，掌心向外；右手食指尖朝上贴于左手掌心，由上向下移动。（二）同“保值”手势（一手拇、食指捏成小圆圈，微动几下。）|https://d.bmcx.com/shouyu/_file/c/c018e316d887d607.png
2874	发财	财政贸易	（一）双手虚握，指尖相对，边向上移动，边放开五指。（二）同“保值”手势（一手拇、食指捏成小圆圈，微动几下。）|https://d.bmcx.com/shouyu/_file/1/32ecd1022b1b150f.png
2875	法郎	财政贸易	（一）右手拇、食指捏成小圆圈，其余三指伸直并放开，以虎口贴于胸部，然后翻腕变成手背向下，并下移。（二）同“保值”手势（一手拇、食指捏成小圆圈，微动几下。）|https://d.bmcx.com/shouyu/_file/5/f8a1b85a09241d91.png
2876	贩运	财政贸易	（一）双手平伸，掌心向上，一手由外向里在另一手掌心上拍打一下，再由里向外移动。（二）双手五指微曲，掌心向上，在胸前左右交叉移动几下。|https://d.bmcx.com/shouyu/_file/a/3f2ac134caa0dcdf.png
2877	浮动	财政贸易	（一）一手掌心向上，上下微微浮动几下。（二）双手握拳，以肘部交替转动几下。|https://d.bmcx.com/shouyu/_file/c/39fc621a67d1ac15.png
2878	负债	财政贸易	（一）右手五指相对成“]”形，置于左肩。（二）一手拇、食指捏成小圆圈，放于另一肩上，然后向下压。|https://d.bmcx.com/shouyu/_file/f/2f0b33321de99f3c.png
2879	欠债	财政贸易	（一）右手五指相对成“]”形，置于左肩。（二）一手拇、食指捏成小圆圈，放于另一肩上，然后向下压。|https://d.bmcx.com/shouyu/_file/a/4cdccb1ec466dcbb.png
2880	港币	财政贸易	（一）左手侧立不动；右手平伸，掌心向上，向左手靠拢。（二）同“保值”手势（一手拇、食指捏成小圆圈，微动几下。）|https://d.bmcx.com/shouyu/_file/8/bc1bad135c3e2b17.png
2881	高档	财政贸易	（一）一手平伸，掌心向下，向上举过头。（二）左手拇、食指捏成小圆圈；右手食指直立，拇指置于食根部，并向上微伸，表示价钱昂贵。|https://d.bmcx.com/shouyu/_file/8/340eeb4715616e69.png
2882	股东	财政贸易	（一）一手伸入衣袋作取物状，再向胸前一放，表示投资。（二）一手伸拇指贴于胸前。|https://d.bmcx.com/shouyu/_file/b/d131c8cb7acb0058.png
2883	股份	财政贸易	（一）同“股东”手势（一手伸入衣袋作取物状，再向胸前一放，表示投资。）（二）左手掌心向上，五指分开微曲；右手五指微曲，指尖朝下，在左手五指上逐一作撮合动作。|https://d.bmcx.com/shouyu/_file/0/f2c1c57e0af1b25f.png
2884	股息	财政贸易	（一）同“股东”手势（一手伸入衣袋作取物状，再向胸前一放，表示投资。）（二）同“保值”手势（一手拇、食指捏成小圆圈，微动几下。）|https://d.bmcx.com/shouyu/_file/6/74f2326a996b43ba.png
2885	柜台	财政贸易	（一）双手平伸，一上一下，置于胸前。上边手不动，下边的手向下移动两下，表示柜台的格层。（二）双手平伸，掌心向下，从中间向两侧平移，再折向下移，成“冂”形，如柜台状。|https://d.bmcx.com/shouyu/_file/f/25809464b0416840.png
2886	合营	财政贸易	（一）双手五指微曲，从两侧向中间移动，相距约10厘米停住。（二）双手拇、食指捏成小圆圈，交互移动。|https://d.bmcx.com/shouyu/_file/1/f4530ec88b4bba89.png
2887	合资	财政贸易	（一）同“合营”手势（双手五指微曲，从两侧向中间移动，相距约10厘米停住。）（二）两手拇、食指相捏成圆圈，然后两圆圈向中间移动并靠在一起。|https://d.bmcx.com/shouyu/_file/e/18380a706fe11ee3.png
2888	还债	财政贸易	（一）一手五指虚握，掌心向上，向外伸出并张开手。（二）同“负债”手势（一手拇、食指捏成小圆圈，放于另一肩上，然后向下压。）|https://d.bmcx.com/shouyu/_file/7/2aed409eb2def519.png
2889	回扣	财政贸易	（一）一手伸拇、小指，由外向胸前移动，表示“返回”。（二）左手平伸，掌心向上；右手横立，从左手小指处向内刮一下。|https://d.bmcx.com/shouyu/_file/5/246e9e9f5c460aec.png
2890	积压	财政贸易	（一）双手一上一下，掌心相贴，下手不动，上手向上提，表示积累。（二）左手伸出拇指，右手伸直，掌心向下置于左手拇指上，然后向下一压。|https://d.bmcx.com/shouyu/_file/3/1d3d07c7cbd31fc4.png
2891	集资	财政贸易	（一）双手五指微曲，掌心相对，从两侧向中间合拢。（二）同“保值”手势（一手拇、食指捏成小圆圈，微动几下。）|https://d.bmcx.com/shouyu/_file/9/de888952d17b0dc0.png
2892	记帐	财政贸易	（一）一手中、无名、小指向下，在另一手掌心上点一下。（二）一手拇、食、中指尖朝下，作打算盘动作。|https://d.bmcx.com/shouyu/_file/9/6fa68ad266dd5b19.png
2893	计酬	财政贸易	（一）一手五指伸直，从拇指起依次逐渐弯曲，表示计算。（二）一手拇、食指捏成小圆圈，再向前伸出如给钱状。|https://d.bmcx.com/shouyu/_file/6/380abbf8f9f8ec66.png
2894	假冒	财政贸易	（一）一手伸平，在嘴前微微扇动几下，脸露不相信神态。（二）双手拇、食指搭成“[]”形，由中间向两旁拉开，表示标牌。|https://d.bmcx.com/shouyu/_file/9/a8317aac12a16edc.png
2895	交易	财政贸易	（一）双手拇、小指伸直，由两侧向中间交叉移动。（二）双手掌心向上，在胸前交互转圈。|https://d.bmcx.com/shouyu/_file/6/e4190739cafacd99.png
2896	节余	财政贸易	（一）左手拇、食指捏成小圆形；右手掌心覆盖在小圆圈上，并转两圈。（二）一手掌心拍打几下另一手背。|https://d.bmcx.com/shouyu/_file/4/64ffe44ae93b15d3.png
2897	结算	财政贸易	（一）双手五指微曲，掌心相对，由两侧向中间靠拢，手指指尖相抵在一起。（二）同“记帐”手势（一手拇、食、中指尖朝下，作打算盘动作。）|https://d.bmcx.com/shouyu/_file/d/d66767d0c00c7611.png
2898	结帐	财政贸易	（一）双手五指微曲，掌心相对，由两侧向中间靠拢，手指指尖相抵在一起。（二）同“记帐”手势（一手拇、食、中指尖朝下，作打算盘动作。）|https://d.bmcx.com/shouyu/_file/8/fc640b345d6681e6.png
2899	借债	财政贸易	（一）一手先打手指字母“J”的指式，再将手平伸由外向里移动一下。（二）同“还债”手势（一手拇、食指捏成小圆形，放于另一肩上，然后向下压。）|https://d.bmcx.com/shouyu/_file/7/200bb8ee7e09272b.png
2900	金额	财政贸易	（一）同“保值”手势（左手伸出拇指；右手微曲，绕左手半圈。）（二）一手五指分开，指尖朝上，抛头抖动几下。|https://d.bmcx.com/shouyu/_file/3/4651775883e162de.png
2901	经费	财政贸易	（一）双手拇、食指捏成小圆圈，交互转动。（二）同“保值”手势（左手伸出拇指；右手微曲，绕左手半圈。）|https://d.bmcx.com/shouyu/_file/c/e7dff2bd98f3ec3e.png
2902	经销	财政贸易	（一）同“经费”手势（双手拇、食指捏成小圆圈，交互转动。）（二）双手平伸，掌心向上，一手在另一手掌心上拍打一下，然后向外移。|https://d.bmcx.com/shouyu/_file/9/14ff0393489996a5.png
2903	利率	财政贸易	（一）手指字母“L”的指式。（二）一手书空“%”符号。|https://d.bmcx.com/shouyu/_file/9/c9b005c62a58aaec.png
2904	流通	财政贸易	（一）双手五指撮合，一左一右，指尖相对，然后互转圈。（二）双手食指平伸，指尖相对，由两侧向中间交移动。|https://d.bmcx.com/shouyu/_file/5/ccfab17ba76e6d43.png
2905	垄断	财政贸易	（一）双手五指伸开侧立，由两侧向胸前方合拢成指尖相对状。（二）一手五指先张开，然后边绕圈边用力握拳。|https://d.bmcx.com/shouyu/_file/4/eb8bca369ec0cd69.png
2906	卢布	财政贸易	（一）右手食指横伸，手背向上，贴于颏下，向右平行移动。（二）同“保值”手势（左手伸出拇指；右手微曲，绕左手半圈。）|https://d.bmcx.com/shouyu/_file/5/a66bb1c92058419d.png
2907	马克	财政贸易	（一）右手伸食指，指尖朝上，以手背贴切在前额正中。（二）同“保值”手势（左手伸出拇指；右手微曲，绕左手半圈。）|https://d.bmcx.com/shouyu/_file/a/504dae774b4ad5ed.png
2908	毛利	财政贸易	（一）左手伸出中、无名、小指；右手食指在左手三指书空“乚”形，仿“毛”字形。（二）手指字母“L”的指式|https://d.bmcx.com/shouyu/_file/6/7228225cdeebbac5.png
2909	名牌	财政贸易	（一）一手伸中、无名、小指，指尖抵于耳边。（二）双手拇、食指相对成“[]”状，向两旁微拉。|https://d.bmcx.com/shouyu/_file/3/47709f3c24b2b239.png
2910	逆差	财政贸易	（一）双手虎口向里，手指分别成“[]”状，左手厚在外，右手薄在里。（二）双手互换位置，表示进口在于出口。|https://d.bmcx.com/shouyu/_file/5/38d8d757682580e0.png
2911	钱	财政贸易	一手拇、食指捏成小圆形，向外微动几下。|https://d.bmcx.com/shouyu/_file/0/68a367deb28bf5d3.png
2912	货币	财政贸易	一手拇、食指捏成小圆形，向外微动几下。|https://d.bmcx.com/shouyu/_file/b/e73d5369353709de.png
2913	贷币	财政贸易	一手拇、食指捏成小圆形，向外微动几下。|https://d.bmcx.com/shouyu/_file/0/bd53c734caf1d78f.png
2914	抢购	财政贸易	（一）一手五指放开，然后由前向后收拢五指，如抓物状。（二）双手平伸，掌心向上，一手在另一手掌心上拍打一下，然后向里移。|https://d.bmcx.com/shouyu/_file/4/c5324d28e7b22bb6.png
2915	倾销	财政贸易	（一）双手掌收相对，指尖朝上，向一侧倾斜一下。（二）双手平伸，掌心向上，一手在另一手掌心上拍打一下，然后向外移，表示卖出东西。|https://d.bmcx.com/shouyu/_file/2/41eadd67d7456675.png
2916	日元	财政贸易	（一）双手伸食指，在胸部两侧向上移动，两指搭成“＾”形。（二）同“保值”手势（左手伸出拇指；右手微曲，绕左手半圈。）|https://d.bmcx.com/shouyu/_file/3/51d56b43675f8217.png
2917	赊欠	财政贸易	（一）左手小指伸出，其余四指相捏；右手拇、食指捏住左手小指向下拖，表示拖欠钱款。（二）一手指、食、中指互捻，然后掌心向上，向前伸手，表示“没有给”。|https://d.bmcx.com/shouyu/_file/3/f513f806b36bd60a.png
2918	赊	财政贸易	（一）左手小指伸出，其余四指相捏；右手拇、食指捏住左手小指向下拖，表示拖欠钱款。（二）一手指、食、中指互捻，然后掌心向上，向前伸手，表示“没有给”。|https://d.bmcx.com/shouyu/_file/5/d9c18fd1b0ba08d1.png
2919	审计	财政贸易	（一）左手拇、小指直立不动；右手食、中指叉开，绕左手指转圈。（二）一手五指伸直，从拇指起依次逐一弯曲，表示计算。|https://d.bmcx.com/shouyu/_file/0/b862a0c5e85dec79.png
2920	升值	财政贸易	（一）左手直立，掌心向外；右手食指尖朝上，贴于左手掌心，由下向上移动。（二）一手五指向上伸开，微微抖动几下。|https://d.bmcx.com/shouyu/_file/2/38e39c30df0990d3.png
2921	增值	财政贸易	（一）左手直立，掌心向外；右手食指尖朝上，贴于左手掌心，由下向上移动。（二）一手五指向上伸开，微微抖动几下。|https://d.bmcx.com/shouyu/_file/7/ef13c2289f1b2eed.png
2922	实惠	财政贸易	（一）一手食、中指相叠，弹打另一手食指。（二）一手平伸，掌心向上，然后向内拉进，并收拢五指，表示得到物品。|https://d.bmcx.com/shouyu/_file/7/572b8671f8150dec.png
2923	收益	财政贸易	（一）双手五指弯曲，掌心向内，由外向里收进。（二）一手食指横伸。|https://d.bmcx.com/shouyu/_file/8/9ceec1212c3f30d1.png
2924	赎	财政贸易	赎 左手向前平伸，掌心向上；右手拇、食指捏成小圆圈置于胸前，然后右手前伸，左手缩回|https://d.bmcx.com/shouyu/_file/5/1fffe4a37464d13d.png
2925	税款	财政贸易	（一）右手食、中指在左掌心上拍打一下，表示贴印花税。（二）一手拇、食指捏成小圆圈，微动几下。|https://d.bmcx.com/shouyu/_file/4/4b2954c74af63d33.png
2926	顺差	财政贸易	（一）双手虎口向里，手指分别成“[]”状，左手薄，在外；右手厚，在里。（二）双手互换位置，表示出口大于进口。|https://d.bmcx.com/shouyu/_file/8/3aa172920dc02b5a.png
2927	损耗	财政贸易	（一）双手五指虚捏，手背向下，然后向下一顿，如摔物状。（二）双手拇指与四指成“[]”形，然后拇指和四指慢慢靠近。|https://d.bmcx.com/shouyu/_file/6/f6da4652afd7391d.png
2928	提成	财政贸易	（一）一手拇、食、中指相捏，从下向上一提。（二）左手虚握成圆形；右手五指相对成“]”形，从左手处向右移动一下，表示拿走一笔钱。|https://d.bmcx.com/shouyu/_file/7/04a3f918233df9b3.png
2929	投标	财政贸易	（一）左手成半圆形，虎口朝上；右手五指撮合，指尖向下朝左手半圆作“投”状。（二）一手侧立，指尖指向另一手直立的食指。|https://d.bmcx.com/shouyu/_file/8/e404ef9e34e93b57.png
2930	投机	财政贸易	（一）左手五指张开，手背向外；右手伸食指，指尖对着左手来回移动，然后从左手任意一指缝钻出，表示找到了钻营的机会。（二）手指字母“J”的指式。|https://d.bmcx.com/shouyu/_file/0/aecd8b2b9f30db0d.png
2931	钻空子	财政贸易	（一）左手五指张开，手背向外；右手伸食指，指尖对着左手来回移动，然后从左手任意一指缝钻出，表示找到了钻营的机会。（二）手指字母“J”的指式。|https://d.bmcx.com/shouyu/_file/7/56557bcf81d60570.png
2932	投产	财政贸易	（一）同“投标”手势（左手成半圆形，虎口朝上；右手五指撮合，指尖向下朝左手半圆作“投”状。）（二）左手向内弯成半圆形；右手五指撮合，从半圆形中向上伸出，同时放开五指。|https://d.bmcx.com/shouyu/_file/6/59ce01e4c98d4579.png
2933	脱销	财政贸易	（一）同“经销”手势（双手平伸，掌心向上，一手在另一手掌心上拍打一下，然后向外移。）（二）一手五指分开，掌心向外，边捏合五指边向下一甩，再放开五指。|https://d.bmcx.com/shouyu/_file/8/10b554e08015482f.png
2934	物价	财政贸易	（一）双手先以食指互碰一下，然后分开并张开五指。（二）同“保值”手势（左手伸出拇指；右手微曲，绕左手半圈。）|https://d.bmcx.com/shouyu/_file/9/57eb2dc50b3d9dee.png
2935	信贷	财政贸易	（一）一手捂于耳部，头同时微点一下。（二）一手拇、食指捏成小圆圈，然后向前伸出，表示给钱。|https://d.bmcx.com/shouyu/_file/d/6d24719029b4dd3b.png
2936	押金	财政贸易	（一）右手平伸，手掌向下；右手握拳置于左手背上。（二）同“保值”手势（左手伸出拇指；右手微曲，绕左手半圈。）|https://d.bmcx.com/shouyu/_file/c/f2556e27aed70250.png
2937	英镑	财政贸易	（一）右手拇、食指伸出，虎口贴在下颌上。（二）同“保值”手势（左手伸出拇指；右手微曲，绕左手半圈。）|https://d.bmcx.com/shouyu/_file/6/10fb2cc5cecf405c.png
2938	盈利	财政贸易	（一）左手拇、食指相捏成小圆圈；右手拇、食指成“]”状，拇指搭在左手小圆圈上，然后向胸前移，表示挣钱多。（二）手指字母“L”的指式。|https://d.bmcx.com/shouyu/_file/7/69d4158acf7fb890.png
2939	优惠	财政贸易	（一）一手伸出拇指置于另一手上，然后向上举起。（二）一手五指虚握，掌心向上，向外伸出并张开手，如把物件给人。|https://d.bmcx.com/shouyu/_file/3/66a1f4970d653935.png
2940	帐户	财政贸易	（一）同“记帐”手势（一手拇、食、中指尖朝下，作打算盘动作。）（二）双手伸开，指尖相对，搭成“＾”形，往下一顿。|https://d.bmcx.com/shouyu/_file/6/3d065266aa223c1a.png
2941	户头	财政贸易	（一）同“记帐”手势（一手拇、食、中指尖朝下，作打算盘动作。）（二）双手伸开，指尖相对，搭成“＾”形，往下一顿。|https://d.bmcx.com/shouyu/_file/6/dda107a417d05b8a.png
2942	账	财政贸易	账 左手平伸，掌心向上；右手拇、食、中指指尖朝下，作打算盘动作，目光同时左右移动。|https://d.bmcx.com/shouyu/_file/b/3bd789bbee2ceaaa.png
2943	账目	财政贸易	账目 左手平伸，掌心向上；右手拇、食、中指指尖朝下，作打算盘动作，目光同时左右移动。|https://d.bmcx.com/shouyu/_file/8/f54c7600b7236487.png
2944	招标	财政贸易	（一）一手伸平，向前上下动几下，如向人打招呼。（二）左手食指伸直；右手五指并拢侧立，指尖指向左手食指。|https://d.bmcx.com/shouyu/_file/1/62dce9c73badc283.png
2945	折旧	财政贸易	（一）手指字母“ZH”的指式。（二）右手小指在左手背上划一下。|https://d.bmcx.com/shouyu/_file/c/08a15da19dc47962.png
2946	证券	财政贸易	（一）双手平伸，掌心向上，从两侧向中间碰一下。（二）双手拇、食指相对，向两侧移动，如股票形状。|https://d.bmcx.com/shouyu/_file/e/51ade743457ec6b7.png
2947	执照	财政贸易	（一）手指字母“ZH”的指式。（二）一手拇、食、中指撮合，指尖按于另一手掌心上，然后双手拇、食指相对成“[]”形。|https://d.bmcx.com/shouyu/_file/7/56cc54f51f6e43fe.png
2948	周转	财政贸易	（一）手指字母“ZH”的指式。（二）双手伸食指，一指指尖朝上，一指指尖朝下，左右距离约5厘米，在同一平面上交替旋转。|https://d.bmcx.com/shouyu/_file/c/b1794db9607e33c9.png
2949	注册	财政贸易	（一）一手中、无名、小指在另一手掌心上点一下。（二）一手食、中、无名、小指直伸，指尖朝下，手背向外；另一手食指械在四指中间，仿“册”字。|https://d.bmcx.com/shouyu/_file/7/d34a40c73c49ade2.png
2950	注销	财政贸易	（一）同“记帐”手势（一手拇、食、中指尖朝下，作打算盘动作。）（二）双手五指张开伸直；右手先捏住左手中指，然后向下甩，表示“取消”之意。|https://d.bmcx.com/shouyu/_file/9/6581b3fff135ccfc.png
2951	赚	财政贸易	赚 左手拇、食指相捏成小圆圈；右手食指勾住小圆圈向胸前拉，表示赚钱。|https://d.bmcx.com/shouyu/_file/3/48ee19ce3abfdd4a.png
2952	资金	财政贸易	（一）双手拇指抵于胸两侧，其他手指扇动。（二）同“保值”手势（左手伸出拇指；右手微曲，绕左手半圈。）|https://d.bmcx.com/shouyu/_file/6/6653427f594fe2bd.png
2953	资助	财政贸易	（一）同“保值”手势（左手伸出拇指；右手微曲，绕左手半圈。）（二）双手掌心向外，拍动几下，表示给人援助、帮助。|https://d.bmcx.com/shouyu/_file/a/e144a9df012b82ff.png
2954	赞助	财政贸易	（一）同“保值”手势（左手伸出拇指；右手微曲，绕左手半圈。）（二）双手掌心向外，拍动几下，表示给人援助、帮助。|https://d.bmcx.com/shouyu/_file/1/a327c778382a546b.png
2955	租	财政贸易	一手抚打手指字母“Z”的指式，然后变成手平伸，掌心向上。由外向里拉动。|https://d.bmcx.com/shouyu/_file/7/8597e4bc126d5936.png
2956	租出	财政贸易	一手抚打手指字母“Z”的指式置于胸前，然后手掌平伸，掌心向上，由里向外伸出。|https://d.bmcx.com/shouyu/_file/a/7c58d97842cd8ed2.png
2957	出租	财政贸易	一手抚打手指字母“Z”的指式置于胸前，然后手掌平伸，掌心向上，由里向外伸出。|https://d.bmcx.com/shouyu/_file/2/4356844c2f27197e.png
2620	士兵	部队编制	（一）一手食指书空“士”字。（二）一手平伸，掌心向下，贴于前额。|https://d.bmcx.com/shouyu/_file/1/60e3646ef81dd462.png
2621	军队	部队编制	双手五指张开，指尖朝上，一前一后，排成一行，同时一顿一顿向前移动。|https://d.bmcx.com/shouyu/_file/1/c9e3bf23e043c989.png
2622	哨兵	部队编制	（一）双手虚握，手背向外，如握枪状。（二）同“海军”手势（右手平伸，掌心向下，贴于额前。）|https://d.bmcx.com/shouyu/_file/c/832c27793e08c1db.png
2623	司令	部队编制	（一）手指字母“S”的指式。（二）一手伸食、中指，用力往下一挥。|https://d.bmcx.com/shouyu/_file/5/49ed9405aab4052e.png
2624	仪仗队	部队编制	（一）一手握拳，在胸前上下动几下，表示手持仪仗。（二）双手五指伸开，指尖朝上，一前一后排成一列。|https://d.bmcx.com/shouyu/_file/8/d48d889038d528d1.png
2155	检察院	党政机关	（一）手指字母“J”的指式。（二）一手食、中指平伸，在眼前转动一下，表示“查看”“观察”的意思。（三）双手搭成“＾”形。|https://d.bmcx.com/shouyu/_file/2/d7b2abed442dd16c.png
2156	团体	党政机关	（一）双手五指并拢微曲，互相勾住，表示“团结”的意思。（二）双手五指微曲，从两侧向中间并拢。|https://d.bmcx.com/shouyu/_file/b/861d071999ec8c19.png
2157	单位	党政机关	一手五指先张开后并拢，指尖向上，同时向旁边一顿一顿移动，表示一个个组合起来的团体，以此引申为“单位”。|https://d.bmcx.com/shouyu/_file/0/2df195fc4cee1566.png
2158	组织	党政机关	一手五指先张开后并拢，指尖向上，并转动一周，象征一些人从分散到聚合在一起。|https://d.bmcx.com/shouyu/_file/9/be4e36e97afaadb4.png
2159	工会	党政机关	（一）一手食指与另一手食、中指搭成“工”字形。（二）双手五指微曲，从两侧向中间并拢。|https://d.bmcx.com/shouyu/_file/6/5918ed2063d27094.png
2160	协会	党政机关	（一）双手食指互相勾住，表示“协作”“协同”的意思。（二）同“工会”手势（二）。|https://d.bmcx.com/shouyu/_file/f/8b6d064948f3c880.png
2161	联合会	党政机关	（一）双手拇、食指互相套环，并转动一下，表示“联合”“联系”的意思。（二）同“工会”手势（二）。|https://d.bmcx.com/shouyu/_file/0/b7081705de518ccc.png
2162	基金会	党政机关	（一）一手握住另一拳的腕部，表示“基础”“基本”的意思。（二）右手食指指尖置于左手无名指上，以“金戒指”表示“金”的意思。（三）同“工会”手势（二）。|https://d.bmcx.com/shouyu/_file/f/85f5e3d59dfb6abe.png
2163	福利会	党政机关	（一）一手贴于胸部转动几圈，表示“舒服”“愉快”。引申为“幸福”“福利”。（二）同“工会”手势（二）。|https://d.bmcx.com/shouyu/_file/2/cc8554a7d22522f8.png
1017	伏天	时间	（一）一手打手指字母“F”的指式，自额前向外侧挥动一下。（二）一手伸食指，指尖朝上，在头侧上方转动一圈。|https://d.bmcx.com/shouyu/_file/f/205f846ea4cd7831.png
1018	公元	时间	（一）双手拇、食指搭成“公”字形。（二）一手拇、食指搭成一个较大的圆形。|https://d.bmcx.com/shouyu/_file/b/8235a1cd92f415a1.png
1019	公历	时间	（一）双手拇、食指搭成“公”字形。（二）左手拇、食指伸出，手背向外成“厂”形；右手在“厂”中书空“力”字。|https://d.bmcx.com/shouyu/_file/e/2676eef4d5b74c20.png
1020	阳历	时间	（一）双手拇、食指搭成“公”字形。（二）左手拇、食指伸出，手背向外成“厂”形；右手在“厂”中书空“力”字。|https://d.bmcx.com/shouyu/_file/3/4d177d058cf98f5d.png
1021	古代	时间	（一）双手拇、食指搭成“古”字形。（二）双手食指指尖朝上，左右互换位置。|https://d.bmcx.com/shouyu/_file/9/28f8c741a0e90bcb.png
1022	过期	时间	（一）双手各伸食指，指尖朝前，一手不动，一手向前移动，表示超过。（二）同“初期”动作（双手直立，掌心相对间距约20厘米，表示一段时间。）|https://d.bmcx.com/shouyu/_file/3/222c23289f2468ba.png
1023	逾期	时间	（一）双手各伸食指，指尖朝前，一手不动，一手向前移动，表示超过。（二）同“初期”动作（双手直立，掌心相对间距约20厘米，表示一段时间。）|https://d.bmcx.com/shouyu/_file/3/d3081dfd186e2fa7.png
1024	后期	时间	（一）一手五指微曲，在腰间向身后扇动。（二）同“初期”动作（双手直立，掌心相对间距约20厘米，表示一段时间。）|https://d.bmcx.com/shouyu/_file/4/905e3c3c4325d0c5.png
1025	机遇	时间	（一）手指字母“J”的指式。（二）双手五指微曲，从两侧向中间并拢。|https://d.bmcx.com/shouyu/_file/2/cb16f0387ff1c1d8.png
1026	假期	时间	（一）双手交叉贴于胸前，表示休息之意。（二）同“初期”动作（双手直立，掌心相对间距约20厘米，表示一段时间。）|https://d.bmcx.com/shouyu/_file/9/a50a7d590138fe74.png
1027	近代	时间	（一）双手拇、食指相捏，相互靠近，表示距离接近。（二）同“古代”动作（双手食指指尖朝上，左右互换位置。）|https://d.bmcx.com/shouyu/_file/0/3d3a8400a0a0eea7.png
1028	惊蜇	时间	（一）双手拇、食指搭成“?”形，稍微向上一提，脸露惊讶的表情。（二）手指字母“ZH”的指式。|https://d.bmcx.com/shouyu/_file/2/dda8c9421bf8c2cd.png
1029	经过	时间	经过 左手食指横伸；右手侧立于左手食指根部，再由后前移动。|https://d.bmcx.com/shouyu/_file/2/7da508a43cd239b3.png
1030	腊月	时间	（一）一手打手指字母“L”、“A”的指式。（二）左手食指横立不动；右手食指从左手食指指尖向左划。|https://d.bmcx.com/shouyu/_file/2/88241df22c7d744a.png
1031	芒种	时间	（一）双手平伸，掌心向下，五指分开，在胸前摆动几下，借用“忙”的手势。（二）左手拇、食指捏成小圆形；右手拇、食、中指相捏，插入左手小圆形中。|https://d.bmcx.com/shouyu/_file/5/f06000337c9d2164.png
1032	每天	时间	（一）一手食指向上伸直，向一侧一顿一顿移动几下。（二）同“当天”手势（右手食指，指尖向右，然后作弧形移动至左肩前。|https://d.bmcx.com/shouyu/_file/3/5a41ae53fb62dc41.png
1033	每年	时间	（一）同“每天”手势（一手食指向上伸直，向一侧一顿一顿移动几下。）（二）右手伸食指从左拳的骨节处向下划。|https://d.bmcx.com/shouyu/_file/5/99ff26b170895cac.png
1034	每月	时间	（一）同“每天”手势（一手食指向上伸直，向一侧一顿一顿移动几下。）（二）同“腊月”手势（左手食指横立不动；右手食指从左手食指指尖向左划。）|https://d.bmcx.com/shouyu/_file/d/d2de20bb22667189.png
1035	蜜月	时间	（一）双手伸拇指，指尖相对，弯曲两下。（二）同“腊月”手势（左手食指横立不动；右手食指从左手食指指尖向左划。）|https://d.bmcx.com/shouyu/_file/2/96aae02ab4b03ed8.png
1036	秒钟	时间	（一）右手伸出食、中指书空“"”形，表示秒的计时符号。（二）同“当时”手势（一手伸出拇、食指，拇指尖抵住另一手掌心，食指向下移动，表示钟表的指针转动。）|https://d.bmcx.com/shouyu/_file/3/a3ed047bf499dfe3.png
1037	年限	时间	（一）同“每年”手势（右手伸食指从左拳的骨节处向下划。）（二）左手平伸，掌心向上，右手侧立，在左掌心上顿一下。|https://d.bmcx.com/shouyu/_file/0/656afa4b50b45864.png
1038	农历	时间	（一）双手五指弯曲，一前一后，来回耙动，如用耙耙地。（二）同“公历”手势（左手拇、食指伸出，手背向外成“厂”形；右手在“厂”中书空“力”字。|https://d.bmcx.com/shouyu/_file/4/9584433625581315.png
1039	阴历	时间	（一）双手五指弯曲，一前一后，来回耙动，如用耙耙地。（二）同“公历”手势（左手拇、食指伸出，手背向外成“厂”形；右手在“厂”中书空“力”字。|https://d.bmcx.com/shouyu/_file/1/0cf14fafb94eaa63.png
1040	初期	时间	（一）同“初期”手势（双手直立，掌心相对间距约20厘米，表示一段时间。）（二）左手直立，手背向外，五指张开；右手食指在左手指缝间指点几下。|https://d.bmcx.com/shouyu/_file/1/d077cf9cbf5cc187.png
1041	期限	时间	（一）同“初期”手势（双手直立，掌心相对间距约20厘米，表示一段时间。）（二）同“年限”手势（同“每年”手势。）|https://d.bmcx.com/shouyu/_file/8/8223e0f9115f4d4a.png
1042	迄今	时间	（一）左手平伸，掌心向上，置于胸前；右手伸食指从侧上方向下点到左掌心。（二）双手平伸，掌心向上，横于腰部，微动两下。|https://d.bmcx.com/shouyu/_file/0/9c61ff43e3afe18d.png
1043	前期	时间	一）左手伸拇指，右手掌心向上，自下而上碰一下左手拇指。（二）同“初期”手势（双手直立，掌心相对间距约20厘米，表示一段时间。）|https://d.bmcx.com/shouyu/_file/d/7d0ab022842421af.png
1044	清明节	时间	（一）一手食、中、无名、小指横伸在上，另一手横伸五指在下，表示公历四月五日。（二）一手打手指字母“J”的指式。|https://d.bmcx.com/shouyu/_file/3/7d0f0c93f6c72495.png
1045	任期	时间	（一）一手拍打另一侧肩部。（二）同“初期”手势（双手直立，掌心相对间距约20厘米，表示一段时间。）|https://d.bmcx.com/shouyu/_file/a/fae80ef50ee23765.png
1046	日期	时间	（一）一手拇、食指两指弯曲成半圆形，从一边向另一边作半弧形移动。（二）同“初期”手势（双手直立，掌心相对间距约20厘米，表示一段时间。）|https://d.bmcx.com/shouyu/_file/a/3cf3e066b607238e.png
1047	日程	时间	（一）双手各伸食指，指尖朝前，一手不动，一手向前移动，表示超过。（二）同“初期”动作（双手直立，掌心相对间距约20厘米，表示一段时间。）|https://d.bmcx.com/shouyu/_file/7/8eead8db12352dfa.png
1048	如今	时间	（一）一手食、中指伸直并叉开，在脸颊旁来回移动几下。（二）同“迄今”手势（双手平伸，掌心向上，横于腰部，微动两下)|https://d.bmcx.com/shouyu/_file/8/699894350529ef1c.png
1049	闰月	时间	（一）手指字母“R”的指式。（二）同“腊月”手势（左手食指横立不动；右手食指从左手食指指尖向左划。）|https://d.bmcx.com/shouyu/_file/6/05d20da35df89594.png
1050	闰年	时间	（一）手指字母“R”的指式。（二）同“除夕”手势（右手伸食从左拳的骨节处向下划。）|https://d.bmcx.com/shouyu/_file/1/e0ad22665decdd3c.png
1051	上旬	时间	（一）一手伸食指向上指。（二）左手食指直立；右手食、中指相叠，横置于左手食指第一指节处，表示一个月的最初10天。|https://d.bmcx.com/shouyu/_file/0/17246a3621fecf27.png
1052	生日	时间	（一）左手虚握，虎口向上；右手小指置于左拳内，再向下抽出。（二）同“日期”手势（一手拇、食指两指弯曲成半圆形，从一边向另一边作半弧形移动。）|https://d.bmcx.com/shouyu/_file/c/a7993e6d227e3598.png
1053	时差	时间	（一）同“当时”手势（一手伸出拇、食指，拇指尖抵住另一手掌心，食指向下移动，表示钟表的指针转动。）（二）双手伸平，掌心向下，一手不动，另一手向下移一下。|https://d.bmcx.com/shouyu/_file/6/94e5312296dd5b3c.png
1054	时机	时间	（一）同“当时”手势（一手伸出拇、食指，拇指尖抵住另一手掌心，食指向下移动，表示钟表的指针转动。）（二）手指字母“J”的指式。|https://d.bmcx.com/shouyu/_file/6/f07124eadbc8cbb4.png
1055	适时	时间	（一）双手侧伸，指尖相对，由两侧向中间移动至双手相叠。（二）同“当时”手势（一手伸出拇、食指，拇指尖抵住另一手掌心，食指向下移动，表示钟表的指针转动。）|https://d.bmcx.com/shouyu/_file/9/f76fd4b90fd1a7a8.png
1056	寿命	时间	（一）一手在颏下作捋胡须动作，长胡须表示年批寿长。（二）一手安在胸前。|https://d.bmcx.com/shouyu/_file/a/8a0fe5a7535493ec.png
1057	岁月	时间	（一）同“除夕”手势（右手伸食指从左拳的骨节处向下划。）（二）同“腊月”手势（左手食指横立不动；右手食指从左手食指指尖向左划。）|https://d.bmcx.com/shouyu/_file/7/4833f744482c2198.png
1058	随时	时间	（一）一手食、中指伸直，两指交替在胸前活动几下。（二）同“当时”手势（一手伸出拇、食指，拇指尖抵住另一手掌心，食指向下移动，表示钟表的指针转动。|https://d.bmcx.com/shouyu/_file/3/d04e5b98b9fa0625.png
1059	同时	时间	（一）一手伸出食、中指，左右平行来回移动一下。（二）同“当时”手势（一手伸出拇、食指，拇指尖抵住另一手掌心，食指向下移动，表示钟表的指针转动。）|https://d.bmcx.com/shouyu/_file/3/c162fa035ba24ebf.png
1060	提前	时间	双手手背相贴，置于胸前，然后上面的手向上提。|https://d.bmcx.com/shouyu/_file/6/91dc3a95947acb92.png
1061	下旬	时间	（一）一手食指向下指。（二）左手食直立，右手食、中指相叠，横置于左手食指批三指节处。|https://d.bmcx.com/shouyu/_file/c/a43e2f199cb4a4d8.png
1062	先后	时间	先后 左手伸出拇、小指；右手伸食指，先点左手拇指，再点左手小指。|https://d.bmcx.com/shouyu/_file/e/521adffeb776f457.png
1063	现代	时间	（一）同“现在”手势（一手平伸，掌心向上，横于腰部，上下颠动两下。）（二）同“古代”手势（双手食指指尖朝上，左右互换位置。）|https://d.bmcx.com/shouyu/_file/b/42fa504b9752f5f9.png
1064	限期	时间	（一）同“年限”手势（左手平伸，掌心向上，右手侧立，在左掌心上顿一下。）（二）同“初期”手势（双手直立，掌心相对约距20厘米，表示一段时间。）|https://d.bmcx.com/shouyu/_file/3/f515a8da2af4e6e6.png
1065	小时	时间	（一）一手拇指与小指指尖相捏。（二）同“当时”手势（一手伸出拇、食指，拇指尖抵住另一手掌心，食指向下移动，表示钟表的指针转动。）|https://d.bmcx.com/shouyu/_file/4/a2e806dfc3a954f0.png
1066	延期	时间	（一）双手食指竖直，相距约20厘米，一手不动，另一手食指向外侧移。（二）同“初期”手势（双手直立，掌心相对约距20厘米，表示一段时间。）|https://d.bmcx.com/shouyu/_file/6/f8a6f3af14068738.png
1067	一刹那	时间	（一）一手食指横伸。（二）一手拇、食指相捏，在眼前迅速晃过。|https://d.bmcx.com/shouyu/_file/b/641d2f3de73ada51.png
1068	瞬间	时间	（一）一手食指横伸。（二）一手拇、食指相捏，在眼前迅速晃过。|https://d.bmcx.com/shouyu/_file/0/d09abbcc6f4003f5.png
1069	预期	时间	（一）一手食指点一下另一手拇指。（二）同“初期”手势（双手直立，掌心相对约距20厘米，表示一段时间。）|https://d.bmcx.com/shouyu/_file/e/00ffea0565288647.png
1070	元旦	时间	双手伸出食指，一上一下横于胸前，表示阳历一月一日。|https://d.bmcx.com/shouyu/_file/f/b2b928c0d355efd5.png
1071	正月	时间	（一）双手侧伸，掌心相对，在胸两侧向前一顿。（二）同“腊月”手势（左手食指横立不动；右手食指从左手食指指尖向左划。）|https://d.bmcx.com/shouyu/_file/0/c147d6dad74f2447.png
1072	整天	时间	（一）双手掌心相对，相距约20厘米，向下一顿。（二）同“当天”手势（右手伸食指，指尖向右，然后作弧形移动至左肩前。）|https://d.bmcx.com/shouyu/_file/3/dbb76cec348e9a14.png
1073	中期	时间	（一）左手拇、食指与右手食指搭成“中”字形。（二）同“初期”手势（双手直立，掌心相对约距20厘米，表示一段时间。）|https://d.bmcx.com/shouyu/_file/0/cb60c5ae53637e00.png
1074	中旬	时间	（一）左手拇、食指与右手食指搭成“中”字形。（二）左手食指直立；右手食、中指相叠，横置于左手食指第二指节处。|https://d.bmcx.com/shouyu/_file/e/e65ccd0f150344bc.png
1075	终身	时间	（一）左手伸出拇、小指，右手伸食指从左手拇指划到小指。（二）一手平伸，掌心贴于胸部，向下划一下。|https://d.bmcx.com/shouyu/_file/6/221584cc9e08bc01.png
1076	周年	时间	周年 右手打手指字母“ZH”的指式，从左拳的食指骨节处向下划，表示周年。|https://d.bmcx.com/shouyu/_file/5/de6fd83018e32e92.png
1077	周期	时间	（一）一手打手指字母“ZH”的指式，并在胸前转一圈。（二）同“初期”手势（双手直立，掌心相对约距20厘米，表示一段时间。）|https://d.bmcx.com/shouyu/_file/8/a65078be18f0541d.png
1078	最近	时间	（一）一手拇指尖抵于食指根部，向下一沉。（二）双手拇、食指相捏，相互靠近，表示距离接近。|https://d.bmcx.com/shouyu/_file/6/3acdb105d8a3fa32.png
1079	时代	时间	（一）一手伸出拇、食两指，拇指尖抵住另一手掌心，食指向下转动，象征钟表的时针在转动。（二）双手各伸食指，指尖向上对立，然后互相转换位置。|https://d.bmcx.com/shouyu/_file/0/fac31634327d4435.png
1080	时期	时间	（一）同“时代”手势（一）。（二）双手直立，掌心相对，相距约一尺，表示一段时期。|https://d.bmcx.com/shouyu/_file/a/e913dcb727dc9e56.png
1081	阶段	时间	阶段 右手侧立在左掌上，从左手指尖处向掌心一顿一顿地移动，表示一个个阶段。|https://d.bmcx.com/shouyu/_file/9/2c09333a7d459de4.png
1082	年代	时间	（一）右手伸食指从左拳的骨节处向下划（拳背四个骨节代表四季，直划下去表示一年）。（二）双手各伸食指，指尖向上对立，然后互相转换位置。|https://d.bmcx.com/shouyu/_file/8/e5dd728b48d3de66.png
1083	年号	时间	（一）同“年代”手势（一）。（二）左手中、无名、小三指横伸不动，右手伸食指沿左手三指指尖划下，表示年号的名称。|https://d.bmcx.com/shouyu/_file/1/9b8251876c776ca6.png
1084	世纪	时间	一手连续打出手指字母“SH”“J”的指式。|https://d.bmcx.com/shouyu/_file/7/787d74a71208b83b.png
1085	时间	时间	一手伸出拇、食两指，拇指尖抵住另一手掌心，食指向下转动，象征钟表的时针在转动。|https://d.bmcx.com/shouyu/_file/1/799035398824aab4.png
1086	时候	时间	一手伸出拇、食两指，拇指尖抵住另一手掌心，食指向下转动，象征钟表的时针在转动。|https://d.bmcx.com/shouyu/_file/7/9c4b13639d0cdac8.png
1087	季节	时间	（一）右手伸食指在左拳四个骨节处自上而下各点一下。（二）手指字母“J”的指式。|https://d.bmcx.com/shouyu/_file/8/b21a773b4ea56b7a.png
1088	节气	时间	（（一）手指字母“J”的指式。（二）手指字母“Q”的指式，并指向鼻孔。|https://d.bmcx.com/shouyu/_file/b/32ac9bbc80780b32.png
1089	年	时间	年 右手伸食指从左拳的骨节处向下划（拳背四个骨节代表四季，直划下去表示一年）。|https://d.bmcx.com/shouyu/_file/f/0d72515bafb7f693.png
1090	月	时间	月 左手食指直立不动，右手食指从左手食指指尖向下划（一个月用一指，二个月用两指，余类推）。|https://d.bmcx.com/shouyu/_file/6/6e96d407397441c7.png
1091	一个月	时间	一个月 左手食指直立不动，右手食指从左手食指指尖向下划（一个月用一指，二个月用两指，余类推）。|https://d.bmcx.com/shouyu/_file/c/8eaf42b05e023a3e.png
1092	日	时间	一手拇、食两指弯曲成半圆形，从一边向另一边作半弧形移动，象征从日出到日落，即一天的时间。|https://d.bmcx.com/shouyu/_file/6/4593f328996913be.png
1093	一日	时间	一手拇、食两指弯曲成半圆形，从一边向另一边作半弧形移动，象征从日出到日落，即一天的时间。|https://d.bmcx.com/shouyu/_file/8/735e0e9adea06cdb.png
1094	一天	时间	一手拇、食两指弯曲成半圆形，从一边向另一边作半弧形移动，象征从日出到日落，即一天的时间。|https://d.bmcx.com/shouyu/_file/3/25a835dce1c660ac.png
1095	天	时间	一手拇、食两指弯曲成半圆形，从一边向另一边作半弧形移动，象征从日出到日落，即一天的时间。|https://d.bmcx.com/shouyu/_file/b/05b8adc0bc35e5e8.png
1096	春	时间	春 右手伸食指在左拳食指骨节处点一下，表示第一个季节。|https://d.bmcx.com/shouyu/_file/e/8b82571418fea287.png
1097	春天	时间	春天 右手伸食指在左拳食指骨节处点一下，表示第一个季节。|https://d.bmcx.com/shouyu/_file/4/f6830f77c26641db.png
1098	夏	时间	夏 右手伸食指在左拳中指骨节处点一下，表示第二个季节。|https://d.bmcx.com/shouyu/_file/7/ec68832887562c11.png
1099	夏天	时间	夏天 右手伸食指在左拳中指骨节处点一下，表示第二个季节。|https://d.bmcx.com/shouyu/_file/1/8067eaf5f5b9dc40.png
1100	秋	时间	秋 右手伸食指在左拳无名指骨节处点一下，表示第三个季节。|https://d.bmcx.com/shouyu/_file/8/f03c40c8558d3230.png
1101	冬	时间	冬 右手伸食指在左拳小指骨节处点一下，表示第四个季节。|https://d.bmcx.com/shouyu/_file/a/15668953318a4ee0.png
1102	冬天	时间	冬天 右手伸食指在左拳小指骨节处点一下，表示第四个季节。|https://d.bmcx.com/shouyu/_file/0/79100c19870ddbff.png
1103	立春	时间	立春 右手伸食、中两指立于左拳食指骨节处，意即“立春”。|https://d.bmcx.com/shouyu/_file/5/aa79013722885a7f.png
1104	立夏	时间	立夏 右手伸食、中两指立于左拳中指骨节处，意即“立夏”。|https://d.bmcx.com/shouyu/_file/d/e5cc37c189f7c608.png
1105	立秋	时间	立秋 右手伸食、中两指立于左拳无名指骨节处，意即“立秋”。|https://d.bmcx.com/shouyu/_file/c/15d099dab033fb21.png
1106	立冬	时间	立冬 右手伸食、中两指立于左拳小指骨节处，意即“立冬”。|https://d.bmcx.com/shouyu/_file/b/2f81eae1c4abd401.png
1107	春分	时间	春分 右手打手指字母“F”的指式，横置于左拳食、中两指骨节中间，表示春分。|https://d.bmcx.com/shouyu/_file/2/358603aabff8fe7a.png
1108	秋分	时间	秋分 右手打手指字母“F”的指式，横置于左拳无名、小两指骨节中间，表示秋分。|https://d.bmcx.com/shouyu/_file/9/70ba51fe8ef80b7f.png
1109	夏至	时间	夏至 右手打手指字母“ZH”的指式，小指点于左拳中指骨节处，表示夏至。|https://d.bmcx.com/shouyu/_file/b/0ff40019a1bbcef7.png
1110	冬至	时间	冬至 右手打手指字母“ZH”的指式，小指点于左拳小指骨节处，表示冬至。|https://d.bmcx.com/shouyu/_file/f/01bc3442da5142f7.png
1111	星期一	时间	星期一 左手伸直，指尖向上不动。右手伸食指，其余四指握拳，与左手掌互碰（星期二，右手伸两指，星期四，右手伸三指，余类推。星期日用“七”手势）。|https://d.bmcx.com/shouyu/_file/3/74e5a77fe9173090.png
1112	星期二	时间	星期二 星期一,左手伸直，指尖向上不动。右手伸食指，其余四指握拳，与左手掌互碰（星期二，右手伸两指，星期四，右手伸三指，余类推。星期日用“七”手势）。|https://d.bmcx.com/shouyu/_file/5/bb80f8a15c1ffda0.png
1113	星期三	时间	星期三 星期一,左手伸直，指尖向上不动。右手伸食指，其余四指握拳，与左手掌互碰（星期二，右手伸两指，星期四，右手伸三指，余类推。星期日用“七”手势）。|https://d.bmcx.com/shouyu/_file/1/0e2f08076c4bbfd5.png
1114	星期四	时间	星期四 星期一,左手伸直，指尖向上不动。右手伸食指，其余四指握拳，与左手掌互碰（星期二，右手伸两指，星期四，右手伸三指，余类推。星期日用“七”手势）。|https://d.bmcx.com/shouyu/_file/f/7b7855075ba66531.png
1115	星期五	时间	星期五 星期一,左手伸直，指尖向上不动。右手伸食指，其余四指握拳，与左手掌互碰（星期二，右手伸两指，星期四，右手伸三指，余类推。星期日用“七”手势）。|https://d.bmcx.com/shouyu/_file/c/0a07b449a470b330.png
1116	星期六	时间	星期六 星期一,左手伸直，指尖向上不动。右手伸食指，其余四指握拳，与左手掌互碰（星期二，右手伸两指，星期四，右手伸三指，余类推。星期日用“七”手势）。|https://d.bmcx.com/shouyu/_file/3/68184518e4ed0b1d.png
1117	星期天	时间	星期天 左手伸直，指尖向上不动。右手伸食指，其余四指握拳，与左手掌互碰（星期二，右手伸两指，星期四，右手伸三指，余类推。星期日用“七”手势）。|https://d.bmcx.com/shouyu/_file/3/ab8d542d5b3cc7e8.png
1118	星期日	时间	星期日 星期一,左手伸直，指尖向上不动。右手伸食指，其余四指握拳，与左手掌互碰（星期二，右手伸两指，星期四，右手伸三指，余类推。星期日用“七”手势）。|https://d.bmcx.com/shouyu/_file/c/d8dc904cfae159c4.png
1119	一星期	时间	一星期 左手食指直立不动。右手打“七”手势在左手食指尖上点一下，表示七天即一星期之意（如二个星期，则右手打“七”手势在左手食、中指尖上分别点一下，余类推）。|https://d.bmcx.com/shouyu/_file/3/d4ba1683de043c0c.png
1120	今天	时间	双手伸掌，掌心向上，横于腰部，上下微动，表示“就是现在”的意思。|https://d.bmcx.com/shouyu/_file/6/f8639d560f382644.png
1121	现在	时间	双手伸掌，掌心向上，横于腰部，上下微动，表示“就是现在”的意思。|https://d.bmcx.com/shouyu/_file/1/80b20ca0b54efaab.png
1122	明天	时间	一手伸食指贴于太阳穴部，头微偏；然后食指离开，头部转正，表示睡觉过了一天，即“明天”之意（“后天”用两个指头）。|https://d.bmcx.com/shouyu/_file/f/202f39614aa6800f.png
1123	后天	时间	后天 明天,一手伸食指贴于太阳穴部，头微偏；然后食指离开，头部转正，表示睡觉过了一天，即“明天”之意（“后天”用两个指头）。|https://d.bmcx.com/shouyu/_file/c/494af394a430cb16.png
1124	昨天	时间	一手伸食指指向肩后方点一下，表示过去的一天，即“昨天”（“前天”用两个指头）。|https://d.bmcx.com/shouyu/_file/a/67dfc5a0397f2622.png
1125	前天	时间	前天 昨天,一手伸食指指向肩后方点一下，表示过去的一天，即“昨天”（“前天”用两个指头）。|https://d.bmcx.com/shouyu/_file/9/075707c5903b3977.png
1126	白天	时间	白天 右手打手指字母“B”指式，贴于左肩部向右移动，同时握拳伸出拇指，表示天色很好，即“白天”。|https://d.bmcx.com/shouyu/_file/e/b70c9f8a15fa07d5.png
1127	早上	时间	一手四指与拇指相捏，手背向上横放胸前，缓缓向上抬起，五指逐渐张开，象征天色由暗转明。|https://d.bmcx.com/shouyu/_file/c/3154c44f63734c61.png
1128	早晨	时间	一手四指与拇指相捏，手背向上横放胸前，缓缓向上抬起，五指逐渐张开，象征天色由暗转明。|https://d.bmcx.com/shouyu/_file/a/279a3a21c2b90d9a.png
1129	晚上	时间	一手四指并拢与拇指成90度直角，放在眼前。然后缓慢作弧形下移，同时五指捏合，象征天色由明转暗。|https://d.bmcx.com/shouyu/_file/2/2e48c62900607310.png
1130	上午	时间	上午 右手伸食指，指尖向右外侧横放。然后作弧形向上移动直立，象征太阳逐渐升到头顶。|https://d.bmcx.com/shouyu/_file/0/f3da584bc94e5f0b.png
1131	中午	时间	中午 打“十”和“二”两个手势，象征时钟是十二点。|https://d.bmcx.com/shouyu/_file/4/1b2c3d15c44f2803.png
1132	下午	时间	下午 右手食指直立于肩部，向左侧作弧形下移。象征太阳从头顶逐渐西坠。|https://d.bmcx.com/shouyu/_file/f/1479f5d31a696b16.png
1133	以前	时间	一手五指微曲，用手向肩后挥几下，表示是过去的但无肯定日数，引申为“以前”的概念。|https://d.bmcx.com/shouyu/_file/3/47a009cbfe351b2e.png
1134	以后	时间	一手五指微曲，在腰部向身后搧动几下，表示是以后的但无肯定日数，引申为“以后”的概念。|https://d.bmcx.com/shouyu/_file/4/875ebc1d86d3acba.png
1135	将来	时间	（一）手指字母“J”的指式。（二）右手伸掌直立，掌心向左，从右肩部作弧形下移至左胸下，转为掌心向下。|https://d.bmcx.com/shouyu/_file/a/a74c8da7b0c278c3.png
1136	临时	时间	（一）一手拇指捏住食指指尖，表示一点点。（二）一手伸出拇、食两指，拇指尖抵住另一手掌心，食指向下转动，象征钟表的时针在转动。|https://d.bmcx.com/shouyu/_file/8/cd309f55509722ea.png
1137	刚才	时间	（一）一手拇指捏住食指指尖，表示一点点。（二）一手伸出拇、食两指，拇指尖抵住另一手掌心，食指向下转动，象征钟表的时针在转动。|https://d.bmcx.com/shouyu/_file/d/42fb8c576db6ffda.png
1138	一会儿	时间	（一）一手拇指捏住食指指尖，表示一点点。（二）一手伸出拇、食两指，拇指尖抵住另一手掌心，食指向下转动，象征钟表的时针在转动。|https://d.bmcx.com/shouyu/_file/6/d1d332a37093b4fa.png
1139	节日	时间	（一）一手打出手指字母“J”的指式。（二）一手拇、食两指弯曲成半圆形，从一边向另一边作半弧形移动，象征从日出到日落，即一天的时间。|https://d.bmcx.com/shouyu/_file/c/27c818e6fc0f3f93.png
1140	国庆节	时间	（一）一手食、中指交叉相搭在上，另一手伸食指横放在下，表示公历十月一日。（二）一手打出手指字母“J”的指式。|https://d.bmcx.com/shouyu/_file/e/2c61c58a9fd95514.png
1141	国庆	时间	（一）一手食、中指交叉相搭在上，另一手伸食指横放在下，表示公历十月一日。（二）一手打出手指字母“J”的指式。|https://d.bmcx.com/shouyu/_file/f/8a092a4ba6355bb8.png
1142	妇女节	时间	（一）一手五指横伸在上，另一手食指横伸在下，表示公历五月一日。（二）一手打出手指字母“J”的指式。|https://d.bmcx.com/shouyu/_file/4/abebc125655fffdb.png
1143	劳动节	时间	（一）一手五指横伸在上，另一手食指横伸在下，表示公历五月一日。（二）一手打出手指字母“J”的指式。|https://d.bmcx.com/shouyu/_file/3/dbb36e7ec4955e1c.png
1144	五一节	时间	（一）一手五指横伸在上，另一手食指横伸在下，表示公历五月一日。（二）一手打出手指字母“J”的指式。|https://d.bmcx.com/shouyu/_file/f/c7d94fcb8f3feae0.png
1145	端阳节	时间	（一）双手各横伸五指，一上一下（或一手伸五指上下连打两下手势），表示农历五月五日。（二）一手打出手指字母“J”的指式。|https://d.bmcx.com/shouyu/_file/5/615ddfdf0052b677.png
1146	端午节	时间	（一）双手各横伸五指，一上一下（或一手伸五指上下连打两下手势），表示农历五月五日。（二）一手打出手指字母“J”的指式。|https://d.bmcx.com/shouyu/_file/2/e2fafcf00b1082e3.png
1147	中秋节	时间	（一）一手伸拇、食两指，这是“八”的手势。（二）一手先伸食、中指交叉相搭，然后改伸五指。这是“十五”的手势。（三）一手打出手指字母“J”的指式。|https://d.bmcx.com/shouyu/_file/7/4fbe17a203b460f2.png
1148	圣诞节	时间	（一）一手打“十二”手势在上，另一手打“二十五”手势在下，表示公历十二月二十五。（二）一手打出手指字母“J”的指式。|https://d.bmcx.com/shouyu/_file/9/5113aa07b4e1dfc4.png
1149	圣诞	时间	（一）一手打“十二”手势在上，另一手打“二十五”手势在下，表示公历十二月二十五。（二）一手打出手指字母“J”的指式。|https://d.bmcx.com/shouyu/_file/2/fa4db01923c73619.png
1150	春节	时间	（一）右手伸食指点在左拳食指骨节处（同“春”手势）。（二）双手抱拳作拱手祝贺状。|https://d.bmcx.com/shouyu/_file/3/5778e94259e28165.png
1151	聋人节	时间	（一）一手食、中指贴于耳部，表示耳聋。（二）双手食指相搭成“人”字形。（三）一手打出手指字母“J”的指式。|https://d.bmcx.com/shouyu/_file/d/2c5c942ad16b07a0.png
1152	久	时间	()同“耐久”手势（右手拇、食指伸出，拇指指尖抵于左掌心，食指向下转动后，再向右拉开。|https://d.bmcx.com/shouyu/_file/e/a1927b153fa0bc60.png
1153	耐久	时间	()右手拇、食指伸出，拇指指尖抵于左掌心，食指向下转动后，再向右拉开。|https://d.bmcx.com/shouyu/_file/8/9c9b7fb4585d4d7e.png
1154	等	时间	一手背贴于颏下，表示张望、等候之意。|https://d.bmcx.com/shouyu/_file/b/0cf3e3e184fb6fe6.png
1155	未来	时间	未来 同将来，（一）手指字母“J”的指式。（二）右手伸掌直立，掌心向左，从右肩部作弧形下移至左胸下，转为掌心向下。|https://d.bmcx.com/shouyu/_file/a/a74c8da7b0c278c3.png
1156	春季	时间	春季 右手伸食指在左拳食指骨节处点一下，表示第一个季节。|https://d.bmcx.com/shouyu/_file/e/8b82571418fea287.png
1157	夏季	时间	夏季 右手伸食指在左拳中指骨节处点一下，表示第二个季节。|https://d.bmcx.com/shouyu/_file/7/ec68832887562c11.png
1158	冬季	时间	冬季 右手伸食指在左拳小指骨节处点一下，表示第四个季节。|https://d.bmcx.com/shouyu/_file/a/15668953318a4ee0.png
754	粽子	食品	（一）左手伸拇、食、小指，指尖朝右、中、无名指弯曲，形成三角形状。（二）右手拇、食指相捏，围绕三角形转几下，模仿捆粽子的动作。|https://d.bmcx.com/shouyu/_file/5/245745092f02bcb3.png
755	食品	食品	（一）一手拇、食指捏成小圆形，送至口边作吃东西状。（二）双手拇、食指捏成小圆形，一手在上，另一手在下连打二下，合成“品”字。|https://d.bmcx.com/shouyu/_file/3/dd887b6b4ede2da0.png
756	饭	食品	（一）一手拇、食指相对，中间留有米粒大小距离。（二）一手伸食、中指象征筷子，作吃饭动作。|https://d.bmcx.com/shouyu/_file/5/83e302fefdbdb7fa.png
757	米饭	食品	（一）一手拇、食指相对，中间留有米粒大小距离。（二）一手伸食、中指象征筷子，作吃饭动作。|https://d.bmcx.com/shouyu/_file/e/419d29f7f00f30bb.png
758	粥	食品	粥 左手拇、食指作半圆形，象征碗，“碗”置口边；右手伸食、中指在“碗”边拨动，如喝粥状。|https://d.bmcx.com/shouyu/_file/0/d5d53cbdffb3b394.png
759	面粉	食品	（一）手指字母“M”的指式。（二）一手拇指与四指互捻，如捻面粉状。|https://d.bmcx.com/shouyu/_file/6/d7de02d56f532b09.png
760	面条	食品	（一）手指字母“M”的指式。（二）一手伸食、中指，由胸部向嘴边提，如用筷子夹吃面条状。|https://d.bmcx.com/shouyu/_file/a/7f1162604e8befb5.png
761	面包	食品	（一）手指字母“M”的指式。（二）双手拇指与四指分别搭成“[”和“]”形，指尖相对捏动几下，象征松软的面包。|https://d.bmcx.com/shouyu/_file/c/6d66b5158f5c7398.png
762	馒头	食品	（一）手指字母“M”的指式。（二）双手五指微曲，指尖相对成圆形，前后捏动，如揉馒头状。|https://d.bmcx.com/shouyu/_file/0/38f4cd2193f7d41b.png
763	饼	食品	双手伸拇、食指，指尖相对成大圆形，如饼的外形，置于嘴前微动两下。|https://d.bmcx.com/shouyu/_file/0/55cf8776b6eac3b2.png
764	烙饼	食品	（一）一手在另一手掌心上正、反各拍一下，如烙饼动作。（二）同“饼”手势。|https://d.bmcx.com/shouyu/_file/8/500ba29560dbb89f.png
765	馅饼	食品	（一）右手在左手掌心上轻刮一下，象征加馅，左手立即握拳，如做馅饼动作。（二）双手伸拇、食指，指尖相对成大圆形，如饼的外形，置于嘴前微动两下。|https://d.bmcx.com/shouyu/_file/5/4234b14b68983933.png
766	包子	食品	一手五指向下，在另一手手心上抓一下再提起，如做包子动作。|https://d.bmcx.com/shouyu/_file/4/e2ea72aaf076e008.png
767	窝头	食品	窝头 左手虚握，右手拇指插入左拳底部，其余四指捏住左拳转动，如做窝头动作。|https://d.bmcx.com/shouyu/_file/0/347f49558758a6d0.png
768	饺子	食品	双手拇、食指相捏，一手在下不动，另一手在上边捏边移动，如捏合饺子状。|https://d.bmcx.com/shouyu/_file/6/5715db5577303ef5.png
769	混沌	食品	混沌 右手食指在左手掌心中一抹，如抹上肉馅，左手随即握拳，如做混沌动作。|https://d.bmcx.com/shouyu/_file/b/c2cde22c4d4830fe.png
770	花卷	食品	（一）一手五指撮合，指尖向上，往上移动并放开五指（即“花”手势）。（二）双手五指微曲，指尖相对，朝相反方向拧动，象征花卷外形。|https://d.bmcx.com/shouyu/_file/a/589a6680dae81112.png
771	油条	食品	（一）一手伸拇、小指，拇指尖向下绕一圈，如持油壶倒油状。（二）双手拇、食、中指相捏，指尖相对，边向两边拉开，边扭转，然后甩一下，如炸油条动作。|https://d.bmcx.com/shouyu/_file/7/604f5adf56f97678.png
772	蛋糕	食品	（一）双手拇、食指搭成椭圆形，再做打蛋动作。（二）一手五指作“[”形，轻捏几下，表示松软之意。|https://d.bmcx.com/shouyu/_file/c/3bf170c85c91e0a0.png
773	饼干	食品	（一）双手拇、食指相搭成圆形。（二）一手食、中指与另一手食指搭成“干”字形。|https://d.bmcx.com/shouyu/_file/d/d796df2082aa517c.png
774	牛奶	食品	（一）一手伸拇、小指，拇指指尖抵于太阳穴上，象征牛角。（二）一手五指微曲，在胸侧作挤奶状。|https://d.bmcx.com/shouyu/_file/b/be2d1adbf897705b.png
775	豆浆	食品	（一）一手拇、食指捏成小圆形。（二）双掌掌心相贴，作研磨动作。（三）一手作举杯喝豆浆状。|https://d.bmcx.com/shouyu/_file/4/88fdc5dff742ff24.png
776	淀粉	食品	（一）一手拇指与四指作“[”形，缓缓相捏，表示“沉淀”。（二）一手拇指与四指互捻，如捻面粉。|https://d.bmcx.com/shouyu/_file/d/42239452d697c340.png
777	汤	食品	一手拇、食指相捏，如持汤匙送向口边，作喝汤状。|https://d.bmcx.com/shouyu/_file/e/81c1cfdfab005f37.png
778	肉	食品	一手拇、食指捏另一手小鱼际的部位。|https://d.bmcx.com/shouyu/_file/7/0e266c302512e42b.png
779	蛋	食品	双手拇、食指搭成椭圆形，然后作打蛋动作。|https://d.bmcx.com/shouyu/_file/b/f65a5dc38b441a42.png
780	油	食品	一手伸拇、小指，拇指向下斜伸，并转一圈，如持油壶向锅里倒油状。|https://d.bmcx.com/shouyu/_file/2/12f70523bf9e2834.png
781	盐	食品	（一）一手打手指字母“X”指式，放在嘴前上下微动。（二）一手拇指与食、中指互捻，如向下撒盐状。|https://d.bmcx.com/shouyu/_file/5/5cccca9968083cb5.png
782	酱	食品	一手从另一手掌心刮一下，如向碗里刮酱动作。|https://d.bmcx.com/shouyu/_file/f/461941ee04d72a90.png
783	酱油	食品	（一）同“酱”手势。（二）同“油”手势。|https://d.bmcx.com/shouyu/_file/f/629d8d1112f5e185.png
784	醋	食品	（一）手指字母“C”的指式。（二）一手拇、食指相捏，放在口边，腮向内缩，眉微蹙，如觉酸状。|https://d.bmcx.com/shouyu/_file/2/ccbad56710ddf45e.png
785	味精	食品	（一）一手拇、食指在口边捻动，表示有滋味。（二）左手拇、食指捏成小圆形。右手小指从小圆圈内挑一下并向下一甩，如向锅内放味精状。|https://d.bmcx.com/shouyu/_file/e/28763394726d1904.png
786	糖	食品	一手食指指腮部，同时以舌头顶住腮部，使腮部凸起，如嘴里含有一粒糖。|https://d.bmcx.com/shouyu/_file/b/c2ea70d86940fc98.png
787	糖果	食品	一手食指指腮部，同时以舌头顶住腮部，使腮部凸起，如嘴里含有一粒糖。|https://d.bmcx.com/shouyu/_file/6/33230fead29f9c49.png
788	香烟	食品	一手伸食、中指，放在口边作吸烟状。|https://d.bmcx.com/shouyu/_file/f/f574bc2b33037a63.png
789	茶	食品	一手五指虚握成半圆形，虎口向上。另一手拇、食、中指撮合，向半圆形中一甩，如向杯中放茶叶状。|https://d.bmcx.com/shouyu/_file/4/05071fa680197f02.png
790	酒	食品	一手打手指字母“J”的指式放在嘴边，作喝酒状。|https://d.bmcx.com/shouyu/_file/3/b0ad3405f0b2756b.png
791	罐头	食品	罐头 左手虚握成半圆形，虎口向上。右手伸食、中指并拢，沿左手虎口作半圆形转动，如开罐头动作。|https://d.bmcx.com/shouyu/_file/8/024abb6b0132ce1f.png
792	冰棍	食品	一手拇、食指相捏，如执冰棍，放在口边作吃冰棍状。|https://d.bmcx.com/shouyu/_file/c/7e7379ae99f814a0.png
793	雪糕	食品	一手拇、食指相捏，如执冰棍，放在口边作吃冰棍状。|https://d.bmcx.com/shouyu/_file/3/f4070e9b5d833eeb.png
794	冰激凌	食品	（一）双手握拳，臂部抖动（哆嗦）一下，表示冰冷。（二）左手拇、食指搭乘半圆形；右手食、中指并拢，在半圆形内作勺物，吃纸杯冰激凌状。|https://d.bmcx.com/shouyu/_file/1/25206d247c54d908.png
795	开水	食品	（一）一手五指撮合，指尖向上，往上移动并放开五指（即“花”手势）。（二）双手五指微曲，指尖相对，朝相反方向拧动，象征花卷外形。|https://d.bmcx.com/shouyu/_file/4/2bf18cde69a57545.png
796	沸水	食品	（一）一手五指撮合，指尖向上，往上移动并放开五指（即“花”手势）。（二）双手五指微曲，指尖相对，朝相反方向拧动，象征花卷外形。|https://d.bmcx.com/shouyu/_file/5/c26053d87ebffe36.png
724	汗衫	衣物	（一）一手食指弯曲，在额上划一下，如擦汗水状。（二）右手划一下左臂，表示汗衫的短袖。|https://d.bmcx.com/shouyu/_file/7/d643a152d6989250.png
725	裙子	衣物	双手指尖向下放开，在小腹部从中间一顿一顿向两边移动，如裙子形状。|https://d.bmcx.com/shouyu/_file/1/2b58766aa99a1f75.png
726	连衣裙	衣物	双手拇、食指张开，从胸部两侧向下移到腰部两侧，同时五指伸开，并往下移动，表示上衣和裙子连在一起。|https://d.bmcx.com/shouyu/_file/2/fa5852ec9d1eead3.png
727	帽子	衣物	一手做执帽向头上戴的动作。|https://d.bmcx.com/shouyu/_file/4/9f95a9d099fd6936.png
728	鞋子	衣物	鞋子 左手五指微曲。掌心向下，右手指尖向左掌心微曲处插入，如穿鞋状。布鞋、棉鞋、皮鞋等均用此作基本手势。|https://d.bmcx.com/shouyu/_file/9/bce864a02d3604c3.png
729	袜子	衣物	袜子 左手伸拇、小指直立不动。右手拇、食指捏住左手小指指尖，向上移动，如穿袜子状。|https://d.bmcx.com/shouyu/_file/5/4051c3e2415a246e.png
730	靴子	衣物	靴子 左手五指微曲，掌心向下，右手指尖向左掌心微曲处插入，然后向上在左手臂部划一横线，象征高筒靴。|https://d.bmcx.com/shouyu/_file/e/4da5096cd7403a4f.png
731	手套	衣物	一手拇指与四指作“[”形，套入另一手掌，如戴手套动作。|https://d.bmcx.com/shouyu/_file/1/9e230a1da7b20474.png
732	围巾	衣物	围巾 左手掌心按于胸部，右手绕颈部转一圈，如围围巾动作。|https://d.bmcx.com/shouyu/_file/d/5815daabdc93ff36.png
733	腰带	衣物	双手拇、食指相距约一寸，置于腹部从中间向两边拉开。|https://d.bmcx.com/shouyu/_file/b/634d059b2372d85a.png
734	带子	衣物	双手拇、食指相距约一寸，从中间向两边拉开，如带子形状。|https://d.bmcx.com/shouyu/_file/5/13aadfb3eccbf28f.png
735	包袱	衣物	双手拇、食指相对成一大圆圈，并向上移，如包袱形状，然后再做打结动作。|https://d.bmcx.com/shouyu/_file/e/931c1821aa13017e.png
736	袋子	衣物	（一）双手拇、食指相对成圆形并向上移，如大口袋状。（二）双手合拢，并做扎口袋动作。|https://d.bmcx.com/shouyu/_file/9/f264500978d7074c.png
737	行李	衣物	（一）双手伸出食指互碰一下，同时张开五指，表示“物件”“东西”。（二）一手握拳下垂作提重物状。|https://d.bmcx.com/shouyu/_file/4/a0c2f4b7b4855a52.png
4842	懦弱	人品德才	（一）双手拇、食指在胸前搭成圆形，然后向中间缩小一点，表示“胆小”。（二）一手伸出拇、小指，在另一手掌心上微微晃动几下。|https://d.bmcx.com/shouyu/_file/5/15332b55569bc652.png
4843	胆小	人品德才	双手拇、食指在胸前搭成圆形，然后向中间缩小一点，表示“胆小”()|https://d.bmcx.com/shouyu/_file/f/8c2a796955c65f58.png
4844	勤劳	人品德才	（一）手指字母“Q”的指式。（二）双手握拳，手臂边交替转动边互敲手臂，表示“劳动”。|https://d.bmcx.com/shouyu/_file/3/a9db23b5a80aa7f4.png
4845	勤快	人品德才	（一）手指字母“Q”的指式。（二）双手握拳，手臂边交替转动边互敲手臂，表示“劳动”。|https://d.bmcx.com/shouyu/_file/c/b3790f48672cefb4.png
4846	懒惰	人品德才	双手握拳，交叉搭臂，表示“不干活”、“不愿劳动”。|https://d.bmcx.com/shouyu/_file/b/e4356902109c027f.png
4847	诚实	人品德才	（一）双手侧伸，掌心相对，向下一顿。（二）一手食、中指互叠，从上而下划一条直线。|https://d.bmcx.com/shouyu/_file/b/b1d73664c7fc0aad.png
4848	诚恳	人品德才	（一）双手侧伸，掌心相对，向下一顿。（二）一手食、中指互叠，从上而下划一条直线。|https://d.bmcx.com/shouyu/_file/f/fbcd04880c30c7f9.png
4849	踏实	人品德才	（一）双手平伸，掌心向下，一前一后作踏步状。（二）一手食、中指互叠，从上而下划一条直线。|https://d.bmcx.com/shouyu/_file/5/d1971619a1bf02d0.png
4850	虚夸	人品德才	（一）一手侧伸，在嘴前微动几下。（二）一手伸出拇指，在嘴前转动几下。|https://d.bmcx.com/shouyu/_file/6/5f66bf59681300e7.png
4851	浮夸	人品德才	（一）一手侧伸，在嘴前微动几下。（二）一手伸出拇指，在嘴前转动几下。|https://d.bmcx.com/shouyu/_file/5/ddeed9c6ea03c2c8.png
4852	端正	人品德才	双手侧伸，指尖向前，掌心相对在胸前自上向下移动。|https://d.bmcx.com/shouyu/_file/3/11a27f90c63aa2bf.png
4853	轻浮	人品德才	（一）一手拇、食指相捏，在另一手掌心上微动几下。（二）一手掌心向上，微微浮动几下。|https://d.bmcx.com/shouyu/_file/6/90c9c9e6a0ecd1bf.png
4854	浮躁	人品德才	（一）一手拇、食指相捏，在另一手掌心上微动几下。（二）一手掌心向上，微微浮动几下。|https://d.bmcx.com/shouyu/_file/9/af39552502c58875.png
4855	直爽	人品德才	（一）一手侧伸，指尖朝外，向前一伸。（二）双手先搭成“心”形，再向两侧微移，表示心地坦白，言行没有顾忌。|https://d.bmcx.com/shouyu/_file/b/762aae3d6ff71b65.png
4856	大方	人品德才	（一）双手侧伸，掌心相对，向两侧移动。（二）双手五指放开，掌心朝里，指尖相对，贴在腹部向两侧移动。|https://d.bmcx.com/shouyu/_file/4/1336977d0319f763.png
4857	狡猾	人品德才	一手五指撮合，指尖朝外，以手腕转动几下。|https://d.bmcx.com/shouyu/_file/5/4369021f04881a78.png
4858	诈骗	人品德才	一手五指撮合，指尖朝外，以手腕转动几下。|https://d.bmcx.com/shouyu/_file/2/987c24ea69c176e0.png
4859	狡诈	人品德才	一手五指撮合，指尖朝外，以手腕转动几下。|https://d.bmcx.com/shouyu/_file/0/34bd3de4272a2d1d.png
4860	善良	人品德才	双手拇、食指在胸前搭成“心”形，然后一手握拳伸出拇指，并向上提一下。|https://d.bmcx.com/shouyu/_file/1/e3a49842782e01e4.png
4861	谦虚	人品德才	一手捂住胸部，头和身体朝前微倾一点。|https://d.bmcx.com/shouyu/_file/3/2f8fb20faa567985.png
4862	骄傲	人品德才	双手伸出拇指，在胸前上下移动几下。|https://d.bmcx.com/shouyu/_file/b/cae03c41dda0bf23.png
4863	顽固	人品德才	一手握拳，虎口敲两下前额。|https://d.bmcx.com/shouyu/_file/0/7a4e08aff7155fc2.png
4864	严肃	人品德才	（一）一手食指绕脸划一圈。（二）双手侧伸，掌心相对，从上向下一顿。|https://d.bmcx.com/shouyu/_file/7/f75475f9c8ea31a3.png
4865	和蔼	人品德才	（一）手指字母“H”的指式。（二）一手拇、食指弯曲，指尖抵于嘴唇下部，脸露笑容。|https://d.bmcx.com/shouyu/_file/6/f25231f0d3003a7d.png
4866	文明	人品德才	（一）一手食指书空“文”字。（二）双手侧伸，掌心相对，自胸前向下一顿。|https://d.bmcx.com/shouyu/_file/7/0fd94f47285e246f.png
4867	忸怩	人品德才	一手食指尖抵于脸颊，头微微摇动几下。|https://d.bmcx.com/shouyu/_file/6/f1d59f2a83753194.png
4868	拘谨	人品德才	一手食指尖抵于脸颊，头微微摇动几下。|https://d.bmcx.com/shouyu/_file/7/1722508b3cf5f113.png
4869	粗鲁	人品德才	（一）手指字母“C”的指式。（二）双手握拳，在胸前以小臂交替转动几下，表示行为。|https://d.bmcx.com/shouyu/_file/f/c39b0314cbc368aa.png
4870	暴躁	人品德才	双手五指弯曲，指尖靠胸，上下交替移动。|https://d.bmcx.com/shouyu/_file/e/1737e1d919129bc0.png
4871	急躁	人品德才	双手五指弯曲，指尖靠胸，上下交替移动。|https://d.bmcx.com/shouyu/_file/b/d8acada15ccac6b6.png
4872	激烈	人品德才	（一）双手五指弯曲，指尖靠胸，上下交替移动。（二）一手拇指指尖抵于食指根部，表示“最”、“十分”。|https://d.bmcx.com/shouyu/_file/5/7048418f0e704a5d.png
4873	温和	人品德才	（一）双手五指微曲，掌心向上，在胸前缓缓地交替上下动几下。（二）手指字母“H”的指式。|https://d.bmcx.com/shouyu/_file/5/8d8cee2fe60ecd4f.png
4874	聪明	人品德才	一手五指撮合，指尖先抵于前额，然后向外，边移动边放开五指。|https://d.bmcx.com/shouyu/_file/8/905a28766252a6d9.png
4875	呆板	人品德才	一手拇、食指叉开，贴于嘴部，脸露“呆相”。|https://d.bmcx.com/shouyu/_file/b/77703379f7146f10.png
4876	笨	人品德才	一手拇、食指叉开，贴于嘴部，脸露“呆相”。|https://d.bmcx.com/shouyu/_file/8/615113cd69b35aa4.png
4877	愚笨	人品德才	一手拇、食指叉开，贴于嘴部，脸露“呆相”。|https://d.bmcx.com/shouyu/_file/6/5116449f3b73d603.png
4878	糊涂	人品德才	一手五指微曲，在脸前左右移动几下。|https://d.bmcx.com/shouyu/_file/3/551d13d6388bfbf3.png
4879	模糊	人品德才	一手五指微曲，在脸前左右移动几下。|https://d.bmcx.com/shouyu/_file/5/b2b3430c0389b6c7.png
4880	含糊	人品德才	一手五指微曲，在脸前左右移动几下。|https://d.bmcx.com/shouyu/_file/8/401f6d76cd211b31.png
4881	老练	人品德才	一手伸出拇、食指，食指先是竖直向上，然后向下弯曲，拇指同时由下翻向上。|https://d.bmcx.com/shouyu/_file/7/38b15032ae6d6077.png
4882	幼稚	人品德才	一手食指先指点一下前额，然后拇、食指相捏微抖动几下。|https://d.bmcx.com/shouyu/_file/3/365e63ac75b1b708.png
4883	认真	人品德才	双手侧伸，从头部两侧向前移动，表示“全神贯注”、“集中思想”。|https://d.bmcx.com/shouyu/_file/1/2757895d92fde7d6.png
4884	小心	人品德才	一手拇指抵于小指尖，在另一手掌心上微微拍打几下，表示“小心”。|https://d.bmcx.com/shouyu/_file/a/7c176106b9a6f2f6.png
4885	细致	人品德才	双手拇、食指相捏，贴于胸前，从中间向两侧拉开。|https://d.bmcx.com/shouyu/_file/1/eeb64d1df9188905.png
4886	轻率	人品德才	双手食指在胸前交替挥动几下。|https://d.bmcx.com/shouyu/_file/c/7341b25f5009a347.png
4887	随便	人品德才	一手食、中指伸直，两指交替在胸前活动几下。|https://d.bmcx.com/shouyu/_file/e/68df7fec4a149bfc.png
4888	严格	人品德才	（一）一手食指绕脸划一圈。（二）双手五指张开，相叠成格子形。|https://d.bmcx.com/shouyu/_file/2/32c6e81548fbca22.png
4889	宽大	人品德才	双手侧伸，掌心相对，从中间向两旁移开。|https://d.bmcx.com/shouyu/_file/8/875009bfca7c4e15.png
4890	自尊	人品德才	（一）一手食指伸直，贴于胸部，表示“自己”。（二）一手握拳，伸出拇指，先坐于另一掌心上，然后向上抬一下，表示“尊重”。|https://d.bmcx.com/shouyu/_file/a/7d286841d848bb0f.png
4891	自卑	人品德才	（一）一手食指伸直，贴于胸部，表示“自己”。（二）一手小指伸直，向胸部点动几下。|https://d.bmcx.com/shouyu/_file/a/5397c9f05e450797.png
4892	自私	人品德才	（一）一手食指伸直，贴于胸部，表示“自己”。（二）一手以拇、食指贴在胸前，五指同时弹动几下，表示“私”、“私心”。|https://d.bmcx.com/shouyu/_file/1/f50b09dc41efb9b2.png
4893	积极	人品德才	（一）手指字母“J”的指式。（二）一手握拳曲肘，在胸前微动几下。|https://d.bmcx.com/shouyu/_file/d/60ebc6c466c740de.png
4894	消极	人品德才	双手五指伸开，掌心向上，在胸前边向下移动边收拢五指。|https://d.bmcx.com/shouyu/_file/5/2038279942cf3736.png
4895	灰心	人品德才	双手五指伸开，掌心向上，在胸前边向下移动边收拢五指。|https://d.bmcx.com/shouyu/_file/7/1bb5760390a3fb97.png
4896	热心	人品德才	（一）双手五指微曲，掌心向上，在胸前交替上下动几下。（二）双手拇、食指搭成“心”形。|https://d.bmcx.com/shouyu/_file/a/1b314392d9cd851f.png
4897	热情	人品德才	（一）双手五指微曲，掌心向上，在胸前交替上下动几下。（二）双手拇、食指搭成“心”形。|https://d.bmcx.com/shouyu/_file/5/e88b87c117530976.png
4898	冷淡	人品德才	一手四指弯曲，贴于脸颊部。脸露“冷淡”表情。|https://d.bmcx.com/shouyu/_file/2/ced72f8ef40fe9a5.png
4899	先进	人品德才	一）一手食指打一下另一手拇指。（二）一手拇、食指相捏，边向前伸出两指|https://d.bmcx.com/shouyu/_file/d/7f142d96c15098c5.png
4900	进步	人品德才	一手拇、食指相捏，边向前伸出两指。|https://d.bmcx.com/shouyu/_file/8/d5d91167f3e96391.png
4901	落后	人品德才	双手伸出拇、小指，一前一后，前者不动，后者向后拉下。|https://d.bmcx.com/shouyu/_file/0/22f2daebee46225f.png
4902	卓越	人品德才	一手伸掌，指尖向上，另一手握拳，伸出拇指，在其掌面向上移动。|https://d.bmcx.com/shouyu/_file/b/a2a29c7591bbd0b9.png
4903	保守	人品德才	保守 左手捂住额头，右手拍打几下左手背。|https://d.bmcx.com/shouyu/_file/3/432328130b9f7d76.png
4904	魔鬼	人品德才	（一）手指字母“M”的指式。（二）双手五指弯曲，拇指与中指相捏，微微动几下。|https://d.bmcx.com/shouyu/_file/1/87c4964b317ba12b.png
4905	野心	人品德才	（一）双手五指微曲，一前一后作抓物状。（二）双手拇、食指搭成“心”形。|https://d.bmcx.com/shouyu/_file/f/6a610ae36e176c18.png
4906	毒辣	人品德才	一手小指先置于胸前，然后向下移动。|https://d.bmcx.com/shouyu/_file/9/bf2203c71462781a.png
4907	残酷	人品德才	双手拇、食指先搭成“心”形，然后一手伸出小指，并向下移动一下。|https://d.bmcx.com/shouyu/_file/5/84b877f61897a52a.png
4908	厉害	人品德才	一手打手指字母“L”的指式，并绕脸部转一圈。同时面部作出严厉的表情。|https://d.bmcx.com/shouyu/_file/4/27b2e861d0596c7a.png
4909	下流	人品德才	一手小指从嘴边向下移动。|https://d.bmcx.com/shouyu/_file/a/8e82aa05dc5d3e09.png
4910	骗	人品德才	一手五指并拢成尖形，以腕部转动。|https://d.bmcx.com/shouyu/_file/a/aa1a216eb6466b52.png
4447	海拔	地理地质	（一）双手平伸，掌心向下，向两旁左波浪形移动，动作幅度要大，象征海浪起伏波动的状态。（二）左手食指直立不动；右手食指横贴在左手食指上，上下微动，象征测量高度。|https://d.bmcx.com/shouyu/_file/8/4cde37aada23bad9.png
4448	沙漠	地理地质	（一）一手拇、食、中指互捻，如捻沙粒。（二）双手平放胸前，掌心向下，向两旁展开，表示为沙覆盖的土地。|https://d.bmcx.com/shouyu/_file/2/30d3451fc5fd0442.png
4449	沼泽	地理地质	（一）双手伸食指，交替向上微伸，表示水草茂盛（即“草”手势）。（二）左手拇、食指作半圆形，虎口向上不动。右手平伸，掌心向下，在左手虎口内作波状移动。|https://d.bmcx.com/shouyu/_file/a/94a3bab558b2ba52.png
4450	山峰	地理地质	（一）一手伸拇、食、小指，指尖向上，如“山”字形。（二）一手平伸，掌心向下，由低而高再由高而低，如高峰形状。|https://d.bmcx.com/shouyu/_file/9/fb203ccbce9eaef5.png
4451	峰	地理地质	（一）一手伸拇、食、小指，指尖向上，如“山”字形。（二）一手平伸，掌心向下，由低而高再由高而低，如高峰形状。|https://d.bmcx.com/shouyu/_file/f/80d53e0e81852e4c.png
4452	山谷	地理地质	（一）一手伸拇、食、小指，指尖向上，如“山”字形。（二）一手平伸，掌心向下，由高而低在由低而高，如凹地形状|https://d.bmcx.com/shouyu/_file/b/346aadb3b39670d3.png
4453	谷	地理地质	（一）一手伸拇、食、小指，指尖向上，如“山”字形。（二）一手平伸，掌心向下，由高而低在由低而高，如凹地形状|https://d.bmcx.com/shouyu/_file/c/01de5616bc9ca246.png
4454	丘陵	地理地质	一手平伸，四指微曲，掌心向下，作波浪项移动（起伏不要太大），表示起伏的丘陵。|https://d.bmcx.com/shouyu/_file/7/7af76e4da7a4342f.png
4455	岛屿	地理地质	岛屿 右手拇、食指捏成小圆形，虎口向上不动；左手平伸，掌心向下，围绕右手小圆作波纹状转一圈，象征水中的岛屿。|https://d.bmcx.com/shouyu/_file/0/59623073b5686c76.png
4456	暗礁	地理地质	暗礁 左手五指撮合，指尖向上不动；右手平伸，掌心向下，在左手上作波纹状移动，象征水中的礁石。|https://d.bmcx.com/shouyu/_file/2/14c877063585c433.png
4457	江	地理地质	双手向前侧伸，掌心相对，相距一尺余，斜着向前作曲线状移动。|https://d.bmcx.com/shouyu/_file/1/6a6d046a170792ce.png
4458	河	地理地质	河 同“江”手势，但双掌相距比“江”要窄（约五六寸）。|https://d.bmcx.com/shouyu/_file/1/b4fa182f8da45380.png
4459	湖	地理地质	双手伸拇、食指，指尖相对成一个大圆形，然后左手不动，右手伸开，掌心向下，在圆中作波纹状移动。|https://d.bmcx.com/shouyu/_file/3/8f9eb6dd56487e4b.png
4460	湖泊	地理地质	双手伸拇、食指，指尖相对成一个大圆形，然后左手不动，右手伸开，掌心向下，在圆中作波纹状移动。|https://d.bmcx.com/shouyu/_file/f/5f1fb326ac40ea3b.png
4461	塘	地理地质	塘 左手拇、食指作半圆形，虎口向上不动。右手平伸，掌心向下，在半圆形旁作波纹状移动，意为小圆中有水，即“池塘”。|https://d.bmcx.com/shouyu/_file/b/c4944800c1ae85e9.png
4462	池塘	地理地质	池塘 左手拇、食指作半圆形，虎口向上不动。右手平伸，掌心向下，在半圆形旁作波纹状移动，意为小圆中有水，即“池塘”。|https://d.bmcx.com/shouyu/_file/0/fc210efbf6af5735.png
4463	井	地理地质	双手各伸食、中指，指尖分开，搭成“井”字形。|https://d.bmcx.com/shouyu/_file/b/479828f637992162.png
4464	泉	地理地质	（一）左掌平伸，掌心向下不动。右手五指撮合，指尖从左掌里伸出，同时放开五指，象征泉水向上喷出。（二）一掌平伸，掌心向下，作波纹状移动|https://d.bmcx.com/shouyu/_file/d/205ef6db19f766e8.png
4465	泉水	地理地质	（一）左掌平伸，掌心向下不动。右手五指撮合，指尖从左掌里伸出，同时放开五指，象征泉水向上喷出。（二）一掌平伸，掌心向下，作波纹状移动|https://d.bmcx.com/shouyu/_file/4/5afce59543be9117.png
4466	波浪	地理地质	一掌平伸，掌心向下，向一边作波纹状移动，动作要大（动作小是“水”，动作大是“波浪”）。|https://d.bmcx.com/shouyu/_file/c/20b83942e7542625.png
4467	潮	地理地质	双掌向前平伸，掌心向下，五指分开，并排向前作波浪形移动，动作幅度要大，象征潮水的涨落。|https://d.bmcx.com/shouyu/_file/0/fbe73693ee40fbbc.png
4468	瀑布	地理地质	瀑布 左掌平放胸前，掌心向下不动。右手五指张开，手指微微抖动，沿着左手背向外作快速下降，象征瀑布飞泻之状|https://d.bmcx.com/shouyu/_file/3/147999b1effa811b.png
4469	支流	地理地质	（一）双手食指相并，指尖向前，一手直线向前，另一手食指向前移动并转弯，表示分支。（二）一手伸开，掌心向下，指尖向前作波浪形移动，象征流水。|https://d.bmcx.com/shouyu/_file/0/3715bc90bd8ee222.png
4470	北极	地理地质	北极 左手握拳，虎口向上，缓慢转动，象征地球。右手食指指左拳虎口，表示地球上的北极。|https://d.bmcx.com/shouyu/_file/4/2641bf16767b889c.png
4471	南极	地理地质	南极 左手握拳，虎口向上，缓慢转动，象征地球。右手食指指左拳底部，表示地球上的南极。|https://d.bmcx.com/shouyu/_file/d/a5c0d8c7d27a9bc4.png
4472	赤道	地理地质	赤道 左手握拳，虎口向上不动。右手食指贴在左拳中指骨节处，沿拳中间绕一圈，表示地球上的赤道。|https://d.bmcx.com/shouyu/_file/c/942105954df46d87.png
4473	寒带	地理地质	（一）双手握拳，在胸前微微抖动，表示寒冷。（二）一手伸出食指，在另一拳虎口处划一小圆，表示北极圈寒带。|https://d.bmcx.com/shouyu/_file/1/8de5cdf0aad8e157.png
4474	温带	地理地质	（一）双手五指并拢，掌心向上，自腰部缓慢上移到胸部，表示温暖。（二）一手握拳，另一手伸出食指沿该拳食、中指骨节处绕转一圈，表示温带。|https://d.bmcx.com/shouyu/_file/e/074aa9e473c20e65.png
4475	热带	地理地质	（一）一手五指微曲，掌心向下，在额旁上下扇动，表示热。（二）一手握拳，另一手伸出食指沿该拳中、无名指骨节处绕转一圈，表示热带。|https://d.bmcx.com/shouyu/_file/c/99b3d63f460530ec.png
4476	经线	地理地质	经线 左手握拳，虎口向上不动，右手五指分开，贴在左拳上自上而下划直线，象征地球上的经线。|https://d.bmcx.com/shouyu/_file/0/e0b1b00c6d9fdf73.png
4477	纬线	地理地质	纬线 左手握拳，虎口向上不动；右手五指分开，贴在左拳上自左向右划横线，表示地球上的纬线|https://d.bmcx.com/shouyu/_file/8/6c4272a038e3c0a3.png
4478	岸	地理地质	岸 左手手背朝上，指尖斜向右下方；右手平伸，掌心向下，手指从右向左作波纹状移动，直至碰到左手指背。|https://d.bmcx.com/shouyu/_file/3/dfd17a6a18347d36.png
4479	边疆	地理地质	（一）一手五指并拢，指尖朝下，沿另一平伸的手的小指边缘划动一下。（二）双手平伸，手背向上叠在一起，左手在下不动，右手向右作弧形移动。|https://d.bmcx.com/shouyu/_file/3/689b3c640580c3db.png
4480	草坪	地理地质	（一）双手伸出食指，指尖朝上，交替上下动几下。（二）左手横伸，掌心向下；右手伸出拇、食指，相距约2厘米，从左手背上向外划出。|https://d.bmcx.com/shouyu/_file/3/b3559869ca19c947.png
4481	地势	地理地质	（一）一手食指向下指。（二）双手平伸，手背向上，从高向低作起伏移动。|https://d.bmcx.com/shouyu/_file/9/cc379aa9ce9b3318.png
4482	覆盖	地理地质	（一）双手平伸，掌心向下，向两侧稍移。（二）左手握成半圆形，虎口向上；右手手掌伸开，自上而下覆盖在左手虎口上。|https://d.bmcx.com/shouyu/_file/0/60900ed4a3909395.png
4483	分布	地理地质	（一）一手侧伸，在另一手掌心上左右拨动几下。（二）双手掌心向下，从胸前一顿一顿向两侧拍几下。|https://d.bmcx.com/shouyu/_file/8/e92fd0fe9b145271.png
4484	海峡	地理地质	（一）双手平伸，掌心向下，向两旁作波浪形移动。（二）双手侧立，掌心相对，间隔10厘米左右，再向前伸出。|https://d.bmcx.com/shouyu/_file/f/76b759300877cf60.png
4485	洪水	地理地质	洪水 左手横立胸前；右手五指张开，掌心向下，由左手内侧向外侧自上而下作波纹状移动，反复几次，表示洪水漫过堤坝而泻下。|https://d.bmcx.com/shouyu/_file/d/c183fda0ac72de09.png
4486	滑坡	地理地质	滑坡 左手背斜向右下方；右手五指成“]”形置于手背上方，然后突然顺左手背向下滑动，如土层下落。|https://d.bmcx.com/shouyu/_file/5/dddd598b90467003.png
4487	礁石	地理地质	（一）左手五指撮合，指尖朝上；右手平伸，掌心向下，在左手旁作波纹状移动。（二）手指字母“SH”的指式。|https://d.bmcx.com/shouyu/_file/7/d8455d45d7cdc4b4.png
4488	坡	地理地质	坡 左手五指并拢，指尖斜向右下方，右手沿左手背向下划动。|https://d.bmcx.com/shouyu/_file/c/3038f53a88b6f5fd.png
4489	溶洞	地理地质	（一）左手成“∩”形，掌心向下；右手五指指尖朝上，左手掌心向下边拉动边撮合，表示溶洞顶垂下的钟乳石。（二）左手姿势不变；右手伸食指沿左手掌心划一弧形。|https://d.bmcx.com/shouyu/_file/e/c43c590f0b20c052.png
4490	上游	地理地质	（一）一手伸食指向上指。（二）右手平伸，手背向上，指尖向前，作波纹状移动。|https://d.bmcx.com/shouyu/_file/9/d3b5e582678bba1a.png
4491	珊瑚	地理地质	珊瑚 左手平伸，掌心向下，五指作波纹状微动；右手在左手掌下打手指字母“SH”、“H”的指式。|https://d.bmcx.com/shouyu/_file/d/a7805d5cf1139b9a.png
4492	山脉	地理地质	（一）一手手背向外，拇、食、小指直立，仿“山”字形。（二）一手平伸，掌心向下，由低向高，由高向低连续起伏几下，表示山连着山。|https://d.bmcx.com/shouyu/_file/9/5b9c5b4d48dae116.png
4493	山崖	地理地质	（一）一手手背向外，拇、食、小指直立，仿“山”字形。（二）左手手背拱起，指尖斜向右下方；右手伸食指在左手骨节处指一下。|https://d.bmcx.com/shouyu/_file/8/296567ab977b0dd6.png
4494	塌陷	地理地质	双手平伸，指尖相对，手背向上，然后双手突然下垂。|https://d.bmcx.com/shouyu/_file/f/c823846a07deb6d6.png
4495	湾	地理地质	湾 左手侧立，指尖朝前，由前向后，作曲线形移动；右手掌心向下，五指交替上下点动。|https://d.bmcx.com/shouyu/_file/b/e4c4daff1627d453.png
4496	旋涡	地理地质	旋涡 右手平伸，掌心向下，五指边向前作波纹状移动，边绕圈子，圈子由大变小，绕动速度由慢变快。|https://d.bmcx.com/shouyu/_file/5/3264ed1a384ff022.png
4497	漩涡	地理地质	漩涡 右手平伸，掌心向下，五指边向前作波纹状移动，边绕圈子，圈子由大变小，绕动速度由慢变快。|https://d.bmcx.com/shouyu/_file/4/d548ae24fad011c7.png
4498	淹没	地理地质	淹没 左手直立；右手掌心向下，五指边交替上下点动，边向上移过左手。|https://d.bmcx.com/shouyu/_file/a/9f8a6f7c1b0661fd.png
4499	窑洞	地理地质	（一）手指字母“Y”的指式。（二）左手姿势不变；右手伸食指沿左手掌心划一弧形。|https://d.bmcx.com/shouyu/_file/7/6c27c4030307c7e8.png
4500	植被	地理地质	（一）左手平伸，掌心向下不动；右手五指朝上张开。（二）左手姿势不变；右手平伸，手掌贴左手背向外作弧形划动。|https://d.bmcx.com/shouyu/_file/7/c5524da19da8145c.png
3671	百	数目	一手身出食指，从左向右挥动一下。|https://d.bmcx.com/shouyu/_file/0/93837a5d4290588a.png
3672	万	数目	一手食指书空“万的最后一笔”（即“万”字笔画的省略）。|https://d.bmcx.com/shouyu/_file/8/106a01c31c078358.png
3673	亿	数目	一手食指书空“亿”字形。|https://d.bmcx.com/shouyu/_file/b/9375776d1c8d2b03.png
2744	坟	历史	坟 左手伸拇、小指，手背向外；右手五指微曲如拱形，置于左手上方。|https://d.bmcx.com/shouyu/_file/b/cb4a7f78513b21bb.png
2745	宦官	历史	（一）手指字母“H”的指式。（二）一手拇指张开，食、中指直立，拇指尖抵于前额。|https://d.bmcx.com/shouyu/_file/c/46dad268a25435b7.png
2746	太监	历史	（一）手指字母“H”的指式。（二）一手拇指张开，食、中指直立，拇指尖抵于前额。|https://d.bmcx.com/shouyu/_file/8/b8222df251b9d207.png
2747	晋朝	历史	（一）手指字母“J”的指式。（二）手指字母“CH”的指式。|https://d.bmcx.com/shouyu/_file/6/39fd7b73ad37c3b0.png
2748	圣旨	历史	（一）一手伸出拇指，坐于另一手掌心上，从胸前向上举过头。（二）左手五指虚握如拿物状；右手五指虚握从左向右拉动，如打开诏书状。|https://d.bmcx.com/shouyu/_file/5/25af445b05a051fb.png
2749	秦朝	历史	（一）手指字母“J”的指式。（二）手指字母“CH”的指式。|https://d.bmcx.com/shouyu/_file/e/f13ee3c1b2b92a6c.png
2750	蜀	历史	手指字母“SH”、“U”的指式。|https://d.bmcx.com/shouyu/_file/9/d10a42ac81eaf9b0.png
2751	宋朝	历史	（一）手指字母“S”的指式。（二）手指字母“CH”的指式。|https://d.bmcx.com/shouyu/_file/8/8d68a9f84df2841d.png
2752	隋朝	历史	（一）手指字母“S”、“I”的指式。（二）手指字母“CH”的指式。|https://d.bmcx.com/shouyu/_file/1/a38d2c5c90ff52b5.png
2753	唐朝	历史	（一）手指字母“T”的指式。（二）手指字母“CH”的指式。|https://d.bmcx.com/shouyu/_file/6/d46581f8bef01c13.png
2754	炎黄	历史	（一）手指字母“Y”的指式。（二）一手打手指字母“H”的指式，并贴于脸颊。|https://d.bmcx.com/shouyu/_file/a/0aa32b8e8e8ccf61.png
2755	宰相	历史	（一）一手打手指字母“Z”的指式。（二）双手横立，指尖抵于头两侧，象征乌纱帽。|https://d.bmcx.com/shouyu/_file/0/5080e00607fd850a.png
2756	丞相	历史	（一）手指字母“Y”的指式。（二）双手拇、食指相距约3厘米，然后分别从左、右太阳穴向外拉，表示乌纱帽。|https://d.bmcx.com/shouyu/_file/3/46c20cd7815d4a93.png
2528	发射	国防公安	发射 左手伸食指，指尖向前上方。右手虚握，沿左手食指向前迅速射出，并放开五指，象征发射。|https://d.bmcx.com/shouyu/_file/8/c87d72b44a73be27.png
2529	射程	国防公安	（一）同“射击”手势。（二）双手横伸，一前一后相距约一尺。一手不动，另一手来回移动，表示距离。|https://d.bmcx.com/shouyu/_file/e/dcc0607b93a06eb2.png
2530	爆炸	国防公安	双手五指撮合，指尖相对，然后同时迅速向上弹起，并放开五指。|https://d.bmcx.com/shouyu/_file/a/095de00dd2d11866.png
2531	冲锋	国防公安	双手掌心向下，五指分开，并排向前伸出，象征许多人向前冲。|https://d.bmcx.com/shouyu/_file/6/1b387577b80e85bd.png
2532	攻击	国防公安	双手掌心向下，五指分开，并排向前伸出，象征许多人向前冲。|https://d.bmcx.com/shouyu/_file/e/bf8970f61db29a66.png
2533	攻势	国防公安	（一）双手掌心向下，五指分开，并排向前伸出，象征许多人向前冲。（二）双手五指微曲，指尖相对，同时转动，表示“形势”。|https://d.bmcx.com/shouyu/_file/9/d1d651362cd3a118.png
2534	胜利	国防公安	双手伸出拇指，在胸前相对。一手不动，另一手向上举。|https://d.bmcx.com/shouyu/_file/2/84aec7028fe97104.png
2535	成功	国防公安	一手伸出拇指，在胸前向上举。|https://d.bmcx.com/shouyu/_file/e/6215c782d07b5797.png
2536	失败	国防公安	一手伸出小指，指尖向上，由上向下移动。|https://d.bmcx.com/shouyu/_file/8/002fc5351ee9757a.png
2537	退却	国防公安	双手掌心向下，五指分开，并排向后移动，象征军队后撤|https://d.bmcx.com/shouyu/_file/d/a646807f695ba42e.png
2538	撤退	国防公安	双手掌心向下，五指分开，并排向后移动，象征军队后撤|https://d.bmcx.com/shouyu/_file/f/29a069ffde50a96c.png
2539	牺牲	国防公安	一手打手指字母“X”的指式，指尖向上，放于另一手平伸的掌心上。|https://d.bmcx.com/shouyu/_file/0/84a92c5f0e2e2a5b.png
2540	侵略	国防公安	双手五指一张一收，交替向前移动，如抢掠状|https://d.bmcx.com/shouyu/_file/a/80083044c3dd3cb1.png
2541	投降	国防公安	双手上举，掌心向上，模仿投降动作。|https://d.bmcx.com/shouyu/_file/f/dea6a5a21edcad46.png
2542	消灭	国防公安	双手上举，掌心向外，向前扑下，一手掌心压住另一手背，表示“扑灭”“消灭”之意。|https://d.bmcx.com/shouyu/_file/c/5a21b84bb83c05a3.png
2543	扑灭	国防公安	双手上举，掌心向外，向前扑下，一手掌心压住另一手背，表示“扑灭”“消灭”之意。|https://d.bmcx.com/shouyu/_file/6/9f68c0a9d62622c2.png
2544	占领	国防公安	占领 左手平伸，掌心向上不动。右手五指微曲，作弧形移动，同时握拳置于左掌心上，表示占领一片土地。|https://d.bmcx.com/shouyu/_file/4/caf31ec3aa0dd7a2.png
2545	密码	国防公安	（一）一手伸食指贴于嘴部，表示秘密。（二）一手拇、食、中指相捏，上下动几下，模仿打电报动作。|https://d.bmcx.com/shouyu/_file/8/5822cdb24e10be11.png
2546	退伍	国防公安	（一）右手伸出拇、小指抵于左掌心上，象征一个人。然后向后移动，表示退出。（二）双手张开，指尖向上，紧靠成一拍，象征军队。|https://d.bmcx.com/shouyu/_file/f/67a22d93479129a6.png
2547	警卫	国防公安	（一）右手伸出拇、食、中指，贴于腰部如佩枪状。（二）双掌向上直立，掌心向外，在胸前向外推出，表示防卫。|https://d.bmcx.com/shouyu/_file/9/744d264c058f1763.png
2548	缉私	国防公安	（一）左手伸出拇、小指，直立不动。右手五指张开抓向左手拇指，如抓人状。（二）一手五指撮合，从另一手胳膊下穿过，象征将财物暗中送出，表示走私。|https://d.bmcx.com/shouyu/_file/d/a65f4827cbbdcee4.png
2549	拘留	国防公安	（一）同“缉私”手势（一）。（二）左手伸出拇、小指，直立不动。右手拇、食指捏成小圆圈，套住左手拇指，表示对此人作拘留。|https://d.bmcx.com/shouyu/_file/6/4b10916449153529.png
2550	押送	国防公安	押送 左手伸出拇、小指，右手紧紧抓住左手拇指，并向旁移，表示把这个人押送出去。|https://d.bmcx.com/shouyu/_file/0/ac06b5d95f6fe3c7.png
2551	保安	国防公安	（一）同“保育员”手势（一）（不是手势）。（二）一手横伸，掌心向下，自胸部向下一按。（图中二）|https://d.bmcx.com/shouyu/_file/4/48f5464587def539.png
2552	保镖	国防公安	（一）同“保安”手势（左手伸出拇指；右手微曲，绕左手半圈。）（二）右手拇指叉开，食、中指并拢，指尖朝下，贴于腰带处。|https://d.bmcx.com/shouyu/_file/b/7ea1a88eb3ce0306.png
2553	边防	国防公安	（一）右手平伸，掌心向下；右手伸直，指尖向下；沿左手小指边划动。（二）双手指尖朝上直立，掌心向外，在胸前向外推出。|https://d.bmcx.com/shouyu/_file/7/052d0e67862d280b.png
2554	便衣	国防公安	（一）一手食、中指伸直，两指交替在胸前点动几下。（二）双手掌心贴胸，向下移至腹部，再向左右横划。|https://d.bmcx.com/shouyu/_file/0/2ce98b6e19ad94e3.png
2555	搏斗	国防公安	（一）双手握拳，骨节顶在一起，再扭动一下。（二）双手食、中指弯曲，指关节互碰几下。|https://d.bmcx.com/shouyu/_file/2/fdc5df839b2b71e7.png
2556	参谋	国防公安	（一）一手伸直，指尖朝上；另一手伸出拇、小指，向伸直的掌心靠拢。（二）一手食、中指关拢，在另一掌心上转动。|https://d.bmcx.com/shouyu/_file/2/e8a796bb35944293.png
2557	长征	国防公安	（一）双手食指相对，从中间向两侧拉开。（二）一手伸出食、中指，指尖朝下，一前一后交替向前越过。|https://d.bmcx.com/shouyu/_file/f/87bf10583f04a313.png
2558	登陆	国防公安	（一）左手掌心向下，五指微动，表示波浪；右手拇、小指伸出，从左手背上越过。（二）一手食指向下指，表示陆地。|https://d.bmcx.com/shouyu/_file/0/018ecebfe725169b.png
2559	对峙	国防公安	（一）两手伸食、中指，指尖朝下，相对而立。（二）双手打手指字母“ZH”的指式，指尖相对。|https://d.bmcx.com/shouyu/_file/3/7ab44a8bb439c22c.png
2560	扼守	国防公安	（一）一手拇、食指张开弯曲，指尖向喉咙部掐一下。（二）双手五指并拢，指尖相对，横立胸前，并向下一顿。|https://d.bmcx.com/shouyu/_file/8/ef75e866fab0a49e.png
2561	防守	国防公安	（一）双手向上直立，掌心向外，在胸前向外推出，表示防御。（一）同“扼守”手势（双手五指并拢，指尖相对，横立胸前，并向下一顿。）|https://d.bmcx.com/shouyu/_file/c/4d6af9d6ef85551f.png
2562	封锁	国防公安	（一）双手食、中指交叉，往下移动。（二）左手拇、食指提捏成小圆圈；右手拇、食指先张开，然后插入左手小圈内扣合|https://d.bmcx.com/shouyu/_file/a/41d7c0583b4e6ff7.png
2563	俘虏	国防公安	（一）左手拇、小指伸直；右手向左手拇指抓获。（二）双手上举，掌心向外，模仿投降动作。|https://d.bmcx.com/shouyu/_file/a/0c2218c89df36f0c.png
2564	复员	国防公安	（一）右手伸拇、小指抵于左手掌心上，表示一个人，然后向后移动。（二）一手拇、食指捏成小圆圈贴于胸前。|https://d.bmcx.com/shouyu/_file/a/2862b4d2ddfcb984.png
2565	海军	国防公安	（一）双手平伸，掌心向下，向两旁作波浪状移动。（二）右手平伸，掌心向下，贴于额前。|https://d.bmcx.com/shouyu/_file/9/3cc7e7f7cc1f8702.png
2566	坚守	国防公安	（一）一手食指指尖抵于颊部，脸露坚定神态。（二）同“扼守”手势（双手五指并拢，指尖相对，横立胸前，并向下一顿。）|https://d.bmcx.com/shouyu/_file/2/a2fab1228b53d857.png
2567	肩章	国防公安	肩章 右手五指并拢，掌心向下，置于左肩上。|https://d.bmcx.com/shouyu/_file/b/0cab0ea0bfbe2b5d.png
2568	缴获	国防公安	（一）左手横伸，掌心向上； 右手伸拇、食指对着左手，然后左手转腕，指尖朝向胸口，表示迫使敌人缴械。（二）双手五指弯曲，掌心相对，由外向内收进。|https://d.bmcx.com/shouyu/_file/b/f2c836f0785d6395.png
2569	警备	国防公安	（一）同“保镖”手势（右手拇指叉开，食、中指并拢，指尖朝下，贴于腰带处。）（二）一手边迫打另一手背边向旁移动。|https://d.bmcx.com/shouyu/_file/1/b183cbdb4ebd999e.png
2570	警督	国防公安	（一）同“保镖”手势（右手拇指叉开，食、中指并拢，指尖朝下，贴于腰带处。）（二）手指字母“D”的指式。|https://d.bmcx.com/shouyu/_file/b/0f9314aecca254ab.png
2571	警监	国防公安	（一）同“保镖”手势（右手拇指叉开，食、中指并拢，指尖朝下，贴于腰带处。）（二）同“监察”手势（左手伸拇、小指；右手伸食、中指，指尖地着左手拇指，双手同时左右移动。）|https://d.bmcx.com/shouyu/_file/2/2e249824f9a3bc89.png
2572	警司	国防公安	（一）同“保镖”手势（右手拇指叉开，食、中指并拢，指尖朝下，贴于腰带处。）（二）手指字母“S”的指式。|https://d.bmcx.com/shouyu/_file/3/79796940e7c50151.png
2573	警员	国防公安	（一）同“保镖”手势（右手拇指叉开，食、中指并拢，指尖朝下，贴于腰带处。）（二）一手拇、食指捏成小圆圈贴于胸前。|https://d.bmcx.com/shouyu/_file/4/cd515bb0bfd0ea18.png
2574	空军	国防公安	（一）一手伸出拇、小指，掌凡向下，向前上方作弧形移动。（二）同“海军”手势（右手平伸，掌心向下，贴于额前。）|https://d.bmcx.com/shouyu/_file/e/1565b48fdab6691b.png
2575	领章	国防公安	双手拇、食指相距约2厘米，指尖抵于领角处，从前向后微移。|https://d.bmcx.com/shouyu/_file/1/4c1581a3ca732fd0.png
2576	陆军	国防公安	（一）手指字母“L”的指式。（二）同“海军”手势（右手平伸，掌心向下，贴于额前。）|https://d.bmcx.com/shouyu/_file/3/ffaa08521dbac898.png
2577	埋伏	国防公安	（一）双手伸开，掌心向上，同时从两侧向中间移动，并翻掌使掌心向下。（二）右手拇、小指伸直，从左手掌心下向后缓缓移动，同时拇、小指弯曲。|https://d.bmcx.com/shouyu/_file/2/c2a4159e4f4a65ac.png
2578	瞄准	国防公安	（一）双手作托枪状，在后的手作勾动枪机动作。（二）一手五指并拢，指尖对准另一手食指。|https://d.bmcx.com/shouyu/_file/1/df65c6168f38f683.png
2579	囚禁	国防公安	（一）两手作戴手铐动作，并向一侧移动一下。（二）双手五指伸直叉开，指尖上下相对，如监狱铁门状。|https://d.bmcx.com/shouyu/_file/1/45c49478fd87030a.png
2580	关押	国防公安	（一）两手作戴手铐动作，并向一侧移动一下。（二）双手五指伸直叉开，指尖上下相对，如监狱铁门状。|https://d.bmcx.com/shouyu/_file/1/cc87ef13b3dd5f25.png
2581	收复	国防公安	（一）双手五指微曲，掌收相对，由外向里收拢，表示收进之意。（二）双手平伸，掌心向下，然后翻转使掌心向上|https://d.bmcx.com/shouyu/_file/f/ef103db133f4d89e.png
2582	搜查	国防公安	（一）双手掌心在胸部，腰部拍几下，如搜身状。（二）双手拇、食指，食指尖相对触动几下，模仿用手枪互击的动作。|https://d.bmcx.com/shouyu/_file/f/38ca39893ba5870c.png
2583	挑战	国防公安	（一）一手食指微曲，自身体一侧向上挑动。（二）双手伸出拇、食指，食指尖相对触动几下，模仿用手枪互击的动作。|https://d.bmcx.com/shouyu/_file/a/5f4e7d4823f741b8.png
2584	突击	国防公安	（一）左手平伸，掌心向下；右手食指快速从左手食、中指缝中伸出。（二）双手掌心向下，五指分开，并排向前伸出。表示许多人向前冲|https://d.bmcx.com/shouyu/_file/a/237405984056be7c.png
2585	突围	国防公安	（一）同“突击”手势（左手平伸，掌心向下；右手食指快速从左手食、中指缝中伸出。）（二）左手伸出拇、小指直立不动；右手五指张开，微曲，围着左手绒一圈，表示包围。|https://d.bmcx.com/shouyu/_file/8/35db2478e8a652d8.png
2586	卧倒	国防公安	卧倒 右手伸出拇、小指直立于右手掌心，然后向掌心倒下。|https://d.bmcx.com/shouyu/_file/b/f371bd8d9da10573.png
2587	武警	国防公安	（一）双手拇、食指伸出，食指指尖相对，互相对戳。（二）同“警备”手势（同“保镖”手势（右手拇指叉开，食、中指并拢，指尖朝下，贴于腰带处。）|https://d.bmcx.com/shouyu/_file/4/a56fba7c525caf2e.png
2588	袭击	国防公安	（一）左手平伸，掌心向下；右手拇、小指直立，从左手下冲出。（二）一手拇、食指伸直，向前挥动一下，表示用枪击。|https://d.bmcx.com/shouyu/_file/5/38fdda5f9093eecb.png
2589	刑警	国防公安	（一）双手食、中指搭成“开”字形，然后右手食，指在“开”字旁书空“刂”形，拼成“刑”字形。（二）同“保镖”手势（右手拇指叉开，食、中指并拢，指尖朝下，贴于腰带处。）|https://d.bmcx.com/shouyu/_file/7/436a770d0a33953d.png
2590	袖章	国防公安	一手拇、食指相距约10厘米，在另一手臂上横划一下，表示袖章。|https://d.bmcx.com/shouyu/_file/d/386d6a7293d7c6a5.png
2591	巡逻	国防公安	（一）左手拇、食指成“┗”形；右手拇、食指相捏，中、无名、小指伸出，指尖朝前，在“┗”上书空“巛”形，模仿“巡”字形。（二）一手伸拇、小指，左右来回移动几次。|https://d.bmcx.com/shouyu/_file/f/be1c4a0e68a20ab1.png
2592	演习	国防公安	（一）双手伸掌，掌心向下，指尖相对，平放于胸前，来回移动几次，表示队形演练。（二）一手五指撮合，指尖贴于前额。|https://d.bmcx.com/shouyu/_file/f/a6b83d977e8fbbfc.png
2593	战斗	国防公安	（一）双手拇、食指伸直，食指指尖相对，互相对戳。（二）双手食、中指弯曲，以指节互碰几下。|https://d.bmcx.com/shouyu/_file/d/11970c4fd4d3cf24.png
2594	战士	国防公安	（一）同“战斗”手势（双手拇、食指伸直，食指指尖相对，互相对戳。）（二）右手食指书空“士”字。|https://d.bmcx.com/shouyu/_file/0/429b2b918c04b494.png
2595	战役	国防公安	（一）同“战斗”手势（双手拇、食指伸直，食指指尖相对，互相对戳。）（二）手指字母“Y”的指式。|https://d.bmcx.com/shouyu/_file/1/7f3eb7e95888cbcd.png
2596	站岗	国防公安	（一）一手伸食、中指，指尖朝下伸直，抵于另一手掌心上。（二）双手虚握，手背向外，如握枪状。|https://d.bmcx.com/shouyu/_file/e/0de3d398a8d8dcca.png
2597	侦探	国防公安	一手平伸，掌心向下，贴于前额；另一手伸出食、中指，指尖朝前，在眼前作半圆形的水平移动，表示探查的样子。|https://d.bmcx.com/shouyu/_file/2/7d4373d6e6c73c8a.png
2598	征服	国防公安	（一）双手食、中指弯曲，以指节互碰。（二）一手捂住耳部，头微微点动几下|https://d.bmcx.com/shouyu/_file/4/131d7b6999391ab8.png
2599	阵地	国防公安	（一）同“战斗”手势（双手拇、食指伸直，食指指尖相对，互相对戳。）（二）一手食指向下指。|https://d.bmcx.com/shouyu/_file/9/e01a8c7c39795e29.png
2600	阻击	国防公安	（一）一手侧伸，向下切于另一掌心上。（二）右手拇、食指伸出，食指指尖向前连续点动几下，表示用枪射击。|https://d.bmcx.com/shouyu/_file/1/5063f02990f814b7.png
2601	罪犯	国防公安	（一）一手伸出小指，向下一划。（二）双手握拳，腕部相贴，如戴手铐状，头同时微低。|https://d.bmcx.com/shouyu/_file/a/696243aa20322be5.png
2330	发言	行政管理	（一）一手五指并龙，向上举。（二）一手食指在嘴前转动几下，表示“说话”。|https://d.bmcx.com/shouyu/_file/d/6d13946422988017.png
2331	制定	行政管理	（一）双手握拳，一拳打另一拳，表示“工作”。（二）一手食指自上而下挥动一下。|https://d.bmcx.com/shouyu/_file/9/3456a2f7f768a98b.png
2332	制订	行政管理	（一）双手握拳，一拳打另一拳，表示“工作”。（二）一手食指自上而下挥动一下。|https://d.bmcx.com/shouyu/_file/3/7c4647f7115e507e.png
2333	闭幕	行政管理	双手五指并拢，掌心向外，从两侧向中间缓缓靠拢，模拟“闭幕”状。|https://d.bmcx.com/shouyu/_file/c/2b0b4be041f69c49.png
2334	规定	行政管理	（一）一手握拳，放在另一手心上，然后依次伸出食、中、无名、小指。（二）同“制定”手势（二）。|https://d.bmcx.com/shouyu/_file/9/145aba2e4c80147e.png
2335	表决	行政管理	（一）一手上举。（二）一手五指撮合，指尖按于另一手掌心上。|https://d.bmcx.com/shouyu/_file/0/d1acbe4643929561.png
2336	决议	行政管理	（一）同“表决”手势（二）。（二）一手握拳，放在另一手掌心上，依次伸出食、中、无名、小指，表示“条文”。|https://d.bmcx.com/shouyu/_file/f/d5e64d6179d23233.png
2337	决定	行政管理	（一）同“表决”手势（二）。（二）一手食指自上而下挥动一下。|https://d.bmcx.com/shouyu/_file/b/93906a2b2f502083.png
2338	通过	行政管理	双手食指平伸，指尖相对，由两侧向中间交叉移动。|https://d.bmcx.com/shouyu/_file/9/4cf81dc06bdc8564.png
2339	批准	行政管理	一手食指作“√”状。|https://d.bmcx.com/shouyu/_file/3/50e04c1fa72b6ade.png
2340	拥戴	行政管理	（一）一手伸出拇指，另一手平伸，掌心向下，向拇指指背靠拢，表示“拥护”“支持”。（二）右手握拳伸出拇指，坐于另一手手心上，双手同时向上举起。|https://d.bmcx.com/shouyu/_file/0/2e25bfb961e9dca0.png
2341	拥护	行政管理	拥护 同“拥戴”手势（二）。|https://d.bmcx.com/shouyu/_file/2/256ab8a8f402a4d2.png
2342	反对	行政管理	双手伸出小指，同时向上摔动一下。|https://d.bmcx.com/shouyu/_file/1/4f93052e62d1827e.png
2343	质询	行政管理	（一）一手食指从嘴前向外挥出。（二）一手食指书空“？”问号。|https://d.bmcx.com/shouyu/_file/4/cb352f9fed11dc1d.png
2344	质问	行政管理	（一）一手食指从嘴前向外挥出。（二）一手食指书空“？”问号。|https://d.bmcx.com/shouyu/_file/9/bcbf9fe25562ef8b.png
2345	咨询	行政管理	（一）一手掌心向上，向前移动一下，表示征求之意。（二）一手食指从嘴前向外挥出。|https://d.bmcx.com/shouyu/_file/8/8264af3ef5f9960e.png
2346	保证	行政管理	（一）双手伸直，掌心向外，向前微按一下。（二）双手伸直，掌心向上，互碰一下，表示“证明”。|https://d.bmcx.com/shouyu/_file/c/261e149e52febbf3.png
2347	协商	行政管理	（一）双手食指互相勾住，表示“协作”“联系”。（二）一手五指并拢，在另一手掌心上作圆形磨动，表示“研究”“商量”。|https://d.bmcx.com/shouyu/_file/3/b9abd86ceb5e63ee.png
2348	成立	行政管理	一手食、中指并拢，先平放在另一手掌心上，然后竖立起来。|https://d.bmcx.com/shouyu/_file/0/6cddda19497f17a9.png
2349	树立	行政管理	一手食、中指并拢，先平放在另一手掌心上，然后竖立起来。|https://d.bmcx.com/shouyu/_file/5/73b365a6ac98fbe0.png
2350	建立	行政管理	一手食、中指并拢，先平放在另一手掌心上，然后竖立起来。|https://d.bmcx.com/shouyu/_file/c/b047c68483f326ae.png
2351	汇报	行政管理	双手五指微曲，一上一下，掌心相对，从嘴边向上移动，表示把情况向上级报告。|https://d.bmcx.com/shouyu/_file/2/500230d7212e3d28.png
2352	请示	行政管理	（一）双手平伸，掌心向上，同时向前微移一下。（二）一手食指在右划动几下，表示“指示”。|https://d.bmcx.com/shouyu/_file/b/168a8290a9dbe7bf.png
2353	指示	行政管理	一手身出拇指，另一手伸出食指，并在拇指背后左右微微指动|https://d.bmcx.com/shouyu/_file/4/f8b15a4f9f4818c3.png
2354	总结	行政管理	（一）双手五指放开微曲，掌心相对，然后边向中间移动边收拢五指，表示“汇总”。（二）双手五指交叉，并在一起，表示“结合”。|https://d.bmcx.com/shouyu/_file/7/893dc6259e2741c3.png
2355	解决	行政管理	双手五指撮合，指尖相对，然后同时向下边甩动边放开五指。|https://d.bmcx.com/shouyu/_file/4/422f399d5cd86d64.png
2356	解释	行政管理	（一）双手五指向下微曲，指背相对，同时向两侧来回拨动。（二）一手食指在嘴前转动几下，表示“说话”。|https://d.bmcx.com/shouyu/_file/d/be03948c51cd89d0.png
2357	批判	行政管理	一手食指对着另一手向上直伸的食指左右挥动几下。|https://d.bmcx.com/shouyu/_file/2/52a04dccabdc4274.png
2358	表扬	行政管理	（一）双手作鼓掌状。（二）一手竖起拇指，表示赞扬。|https://d.bmcx.com/shouyu/_file/b/a5f984423482a97d.png
2359	批评	行政管理	一手食指对着另一手向上直伸的食指指点两下。|https://d.bmcx.com/shouyu/_file/b/e6ff1d3fad84f22b.png
2360	奖励	行政管理	（一）双手模拟拿奖旗状，向前移动。（二）双手鼓掌。|https://d.bmcx.com/shouyu/_file/a/d27b3a833d5edd49.png
2361	劝告	行政管理	一手食指向上伸直不动，另一手食指在嘴边转动几下，表示“劝说”对方。|https://d.bmcx.com/shouyu/_file/6/a698cd21c98c6b25.png
2362	警告	行政管理	一手食指向上伸直不动，另一手食指从嘴前向外用力挥出，表示“警告”对方。|https://d.bmcx.com/shouyu/_file/f/544cf81c2a67e96a.png
2363	处理	行政管理	（一）双手五指张开，掌心向下，微微按动几下。（二）手指字母“L”的指式。|https://d.bmcx.com/shouyu/_file/0/1740f64b265a8849.png
2364	处分	行政管理	一手伸出小指，指向另一手食指。|https://d.bmcx.com/shouyu/_file/4/4f77009d8a31b1fb.png
2365	处罚	行政管理	一手伸出小指，指向另一手食指。|https://d.bmcx.com/shouyu/_file/8/08cef6793a77cce2.png
2366	察看	行政管理	一手食、中指伸直分开，指尖向前，置于眼前转动一圈。|https://d.bmcx.com/shouyu/_file/7/4c0adaf0a15e4d62.png
2367	开除	行政管理	开除 左手拇、小指伸直，右手用手背拍一下左手拇指指背，左手向前移动。|https://d.bmcx.com/shouyu/_file/7/ae0c7d4206609944.png
2368	贯彻	行政管理	双手食指伸直，指尖相对，同时向下移动，表示自上向下贯彻的意思。|https://d.bmcx.com/shouyu/_file/b/bc649814174c45c6.png
2369	执行	行政管理	（一）一手捂于耳部，头向前微倾，表示“服从”“听从”。（二）双手握拳，上拳打下拳。|https://d.bmcx.com/shouyu/_file/8/b557a3449c13b159.png
2370	落实	行政管理	一手中指搭在食指上，从上向下落在另一手心上。借数字“十”的手势，表示“落实”。|https://d.bmcx.com/shouyu/_file/9/15e1ae74b45ec360.png
2371	保密	行政管理	（一）双手五指并拢，掌心向外，同时向前按一下。（二）一手食指贴在嘴唇中央，表示将嘴封住。|https://d.bmcx.com/shouyu/_file/e/1a4e5827b2c5f248.png
2372	泄密	行政管理	（一）一手五指并拢，贴于嘴部，然后边向外移动边放开五指。（二）一手食指贴在嘴唇中央，表示将嘴封住。|https://d.bmcx.com/shouyu/_file/4/a7deb8dd83db08ae.png
2373	步骤	行政管理	步骤 左手五指张开，右手拇、食、中指相捏，从左手小指起逐一捏动各手指。|https://d.bmcx.com/shouyu/_file/2/4cb7b955fcb724ac.png
2374	措施	行政管理	（一）双手侧伸，掌心相对，从左向右一顿一顿移动。（二）手指字母“SH”的指式。|https://d.bmcx.com/shouyu/_file/3/eb4578ef13d11755.png
2375	颁布	行政管理	（一）双手五指微曲，置于嘴旁，然后向外伸开。（二）双手伸直，掌心向外，自上而下移动，模拟贴“布告”状。|https://d.bmcx.com/shouyu/_file/0/5e72f71f6184c893.png
2376	布告	行政管理	（一）双手五指微曲，置于嘴旁，然后向外伸开。（二）双手伸直，掌心向外，自上而下移动，模拟贴“布告”状。|https://d.bmcx.com/shouyu/_file/c/ac512dc019c64a09.png
2377	颁发	行政管理	（一）双手五指微曲，置于嘴旁，然后向外伸开。（二）双手伸平，掌心向上，然后向两侧摊开，表示“发出”。|https://d.bmcx.com/shouyu/_file/6/390dadbb83355f22.png
2378	发表	行政管理	发表 同“颁发”手势（二）。|https://d.bmcx.com/shouyu/_file/3/145ae97b8c8deedc.png
2379	检查	行政管理	双手拇、食、中指相捏，在胸前交替上下移动，模拟查看物件的样子。|https://d.bmcx.com/shouyu/_file/3/759059d9057832f1.png
2380	检讨	行政管理	（一）同“检查”手势。（二）一手伸出小指，指尖轻敲几下额部，表示“认错”“悔悟”。|https://d.bmcx.com/shouyu/_file/f/454998f37572b4f7.png
2381	调查	行政管理	双手拇、食、中指相捏，在胸前交替上下移动（幅度比检查大一点）。|https://d.bmcx.com/shouyu/_file/0/1ad14fec88086de3.png
2382	清查	行政管理	（一）右手掌心先贴于左掌心上，然后向外转动。（二）双手拇、食、中指相捏，在胸前交替上下移动。|https://d.bmcx.com/shouyu/_file/7/a7cac6a3ee30a548.png
2383	清除	行政管理	（一）同“清查”手势（一）。（二）右手侧伸，从左手心上向外伸出，表示“除去”“排除”的意思。|https://d.bmcx.com/shouyu/_file/d/0d67680e0866502b.png
2384	整理	行政管理	（一）双手侧伸，掌心相对，从上向下切下。（二）手指字母“L”的指式。|https://d.bmcx.com/shouyu/_file/6/112162e5ff88eeb6.png
2385	整顿	行政管理	（一）同“整理”手势（一）。（二）双手五指微曲，交叉转动几下，表示交换位置。|https://d.bmcx.com/shouyu/_file/e/6232d9f2e622bf44.png
2386	调整	行政管理	（一）双手五指微曲，手腕交叉，然后交换位置，表示“调换”。（二）双手侧伸，掌心相对，同时向下一切。|https://d.bmcx.com/shouyu/_file/a/c2c05d147fced2d4.png
2387	教条	行政管理	（一）双手拇指与四指相捏，腕部摇动几下。（二）双手拇、食指相对寸许，从中间向两侧拉开。|https://d.bmcx.com/shouyu/_file/9/41aadea0c53a8150.png
2388	修正	行政管理	（一）手指字母“X”的指式。（二）双手侧伸，掌心相对，同时向下一切。|https://d.bmcx.com/shouyu/_file/6/eb56c765bdd72d20.png
2389	罢免	行政管理	（一）手指字母“B”的指式。（二）左手五指张开伸直，右手先捏住左手中指，然后向下一甩。|https://d.bmcx.com/shouyu/_file/2/11733dc4df5e4efd.png
2390	撤换	行政管理	（一）左手伸直，指尖向下，右手从左掌心上一抓，再向下一甩，表示“撤换”。（二）双手食指交叉移动，表示“换”“调换”。|https://d.bmcx.com/shouyu/_file/e/7791a6e7b3580791.png
2391	撤消	行政管理	一手抓住另一手小指，然后向下一甩。|https://d.bmcx.com/shouyu/_file/9/8e86c2c1ea3a5b60.png
2392	选举	行政管理	（一）左手五指张开伸直，右手拇、食指捏一下左手食指，然后向上一提，表示“选拔”“选择”。（二）一手上举，表示“同意”，“承认”。|https://d.bmcx.com/shouyu/_file/8/90dd5254b73e1ae3.png
2393	选拔	行政管理	（一）左手五指张开伸直，右手拇、食指捏一下左手食指，然后向上一提，表示“选拔”“选择”。（二）一手上举，表示“同意”，“承认”。|https://d.bmcx.com/shouyu/_file/3/7f645baeec1a1a1b.png
2394	选择	行政管理	一）左手五指张开伸直，右手拇、食指捏一下左手食指，然后向上一提，表示“选拔”“选择”。（二）一手上举，表示“同意”，“承认”。|https://d.bmcx.com/shouyu/_file/7/cff5793d34889497.png
2395	当选	行政管理	一手拇、食指捏住另一手拇指，向上一提，表示被选上了的意思|https://d.bmcx.com/shouyu/_file/7/531346dc20c8b601.png
2396	落选	行政管理	落选 右手捏住左手拇指，然后左手拇指向下落下。|https://d.bmcx.com/shouyu/_file/a/5afb61799ba6700b.png
2397	提案	行政管理	（一）一手拇、食、中指相捏，从下向上一提。（二）一手虚握，在另一手心上逐一伸出食、中、无名、小指。|https://d.bmcx.com/shouyu/_file/4/c9e3b84278542c3a.png
2398	议案	行政管理	（一）一手拇、食、中指相捏，从下向上一提。（二）一手虚握，在另一手心上逐一伸出食、中、无名、小指。|https://d.bmcx.com/shouyu/_file/1/db36d39d7b86a428.png
2399	档案	行政管理	（一）双手五指张开，上下相叠，搭成格子形。（二）左手握成扁圆形，右手手指并拢，插入左手虎口中，模拟将材料放入档案袋中的动作。|https://d.bmcx.com/shouyu/_file/f/2ace9c10c411fb67.png
2400	公文	行政管理	（一）双手拇、食指搭成“公”字形。（二）一手作执笔写字状。|https://d.bmcx.com/shouyu/_file/e/9b5722601c8fba69.png
2401	申请	行政管理	（一）一手作执笔写字状。（二）双手五指并拢，掌心向上，同时向斜上方移动。|https://d.bmcx.com/shouyu/_file/d/46c4bb7e755d8efc.png
2402	报名	行政管理	（一）一手食指从嘴部向外伸出，表示“申报”。（二）一手中、无名、小指立于另一手心上，表示“登记姓名”。|https://d.bmcx.com/shouyu/_file/f/d8e8bb2661b883ef.png
2403	登记	行政管理	一手中、无名、小指向下，立于另一手掌心上，表示‘登记“。|https://d.bmcx.com/shouyu/_file/2/ba2b4f2b3d29fe4e.png
2404	收	行政管理	一手五指伸开，从外向里移动，同时五指收拢成拳。|https://d.bmcx.com/shouyu/_file/e/0651a35301be30ff.png
2405	发	行政管理	一手五指撮合，手背向下，从内向外移动，同时张开五指。|https://d.bmcx.com/shouyu/_file/3/1d220501dfda4b1b.png
2406	民政	行政管理	（一）双手食指搭成“人”字形，并转动一圈。（二）手指字母“ZH”的指式。|https://d.bmcx.com/shouyu/_file/4/1907cea4a765d73b.png
2407	福利	行政管理	（一）一手捂在胸部，转动几圈，表示心情舒畅、生活幸福。（二）手指字母“L”的指式。|https://d.bmcx.com/shouyu/_file/a/ca64bc6c77666c6f.png
2408	救济	行政管理	（一）双手斜伸，微微向前按动几下。（二）双手平伸，掌心向上，同时向前微移。|https://d.bmcx.com/shouyu/_file/2/1ba7a7909be1bf4a.png
2409	补助	行政管理	（一）左手侧伸，右手拇、食指握成圆形，向左手心移动、相贴。（二）同“救济”手势（一）。|https://d.bmcx.com/shouyu/_file/1/14ed58e34f48ae3d.png
2410	安置	行政管理	（一）双手五指张开，掌心向下，微微按动几下，表示“安顿”“处置”。（二）双手侧立，掌心相对，向一侧一顿一顿移动。|https://d.bmcx.com/shouyu/_file/3/53d4dc936eeb30b7.png
1804	梳头	生活	一手握拳，如握梳子，在头上作梳发动作。|https://d.bmcx.com/shouyu/_file/3/b671eeb96d280aea.png
1805	回家	生活	（一）一手伸拇、小指，由外向内移动，表示“返回”。（二）双手指尖搭成“＾”形，表示“家”“房屋”。|https://d.bmcx.com/shouyu/_file/e/f3f6ebdf0ea770cd.png
1806	针织	生活	双手食指相搭，模仿结毛衣的动作。|https://d.bmcx.com/shouyu/_file/e/b8957bc6d958da1d.png
1807	缝纫	生活	缝纫 左手平伸，掌心向下；右手食指指头向下，放在左掌背上，上下微动，左手同时向前移动，模拟用缝纫机缝衣动作。|https://d.bmcx.com/shouyu/_file/b/350c6dee4cee3da1.png
1808	烹饪	生活	（一）左手平伸，手背向上不动，右手侧立，靠近左手指尖处作切菜动作。（二）一手五指微曲如铲，向下铲动，如炒菜状。|https://d.bmcx.com/shouyu/_file/5/175f7675f1e26962.png
1809	切	生活	切 左手平伸，手背向上不动，右手侧立，靠近左手指尖处作切菜动作。|https://d.bmcx.com/shouyu/_file/7/e3781606a2136097.png
1810	炸	生活	（一）一手伸拇、小指，拇指指尖向下，转一圈，似持油壶倒油状。（二）一手伸出食、中指，其余三指握拳。手腕不停地轻轻转动，如翻动油锅中被炸物品。|https://d.bmcx.com/shouyu/_file/8/9e23727c3443388d.png
1811	煎	生活	（一）同“炸”手势（一）。（二）一手五指微曲，指尖向上，上下动几下，象征用火煎物。|https://d.bmcx.com/shouyu/_file/4/b1f7818b9176bd40.png
1812	蒸	生活	（一）双手拇指与四指分别搭成“[”与“]”形，相距尺许，一顿一顿向上移，表示笼屉。（二）同“煎”手势（二）。|https://d.bmcx.com/shouyu/_file/e/46b19d2a7383ffdb.png
1813	炒	生活	一手五指微曲如铲，向下反复铲动，如炒菜状。|https://d.bmcx.com/shouyu/_file/9/0a90942bc287fe3f.png
1814	煮	生活	一手掌心向下，五指分开作波纹状活动，表示水。另一手在下，五指微曲，指尖向上，上下动几下，如用火煮物。|https://d.bmcx.com/shouyu/_file/2/f73e0194ad89677f.png
1815	淘米	生活	（一）一手五指分开，指尖向下，转两圈，如淘米动作。（二）一手伸拇、食指，相距如一粒米大小。|https://d.bmcx.com/shouyu/_file/a/a41d66c1602ebd0f.png
1816	和面	生活	双手五指分开，指尖乡下，一张一捏，如和面动作。|https://d.bmcx.com/shouyu/_file/d/a414d1e0585be041.png
1817	晒	生活	晒 左手掌心向上不动，右手五指撮合，由上向下移，同时五指开放，象征日光照射。|https://d.bmcx.com/shouyu/_file/0/c2797f9ada0bd958.png
1818	烫	生活	一手五指分开，指尖乡下。先向下一插，然后急速上握，手指抖动，如手被烫状。|https://d.bmcx.com/shouyu/_file/f/f01ceeaeeb0d7873.png
1819	忙	生活	双手平伸，掌心向下，五指分开，在胸前左右摆动几下。表示双手忙个不停。|https://d.bmcx.com/shouyu/_file/a/61f3872810037cc1.png
1820	累	生活	一手握拳敲打另一侧臂部，脸现倦容，表示劳累之意。|https://d.bmcx.com/shouyu/_file/1/98db96f7d3459c29.png
1821	疲倦	生活	一手握拳敲打另一侧臂部，脸现倦容，表示劳累之意。|https://d.bmcx.com/shouyu/_file/a/1852ad4d70425fc7.png
1822	菜谱	生活	（一）一手五指撮合，指尖向上，然后由上伸出并放开五指。（二）左手横伸，掌心向上；右手中、无名、小指在左手掌心上从上向下点几下。|https://d.bmcx.com/shouyu/_file/5/7849fd46598a18f1.png
1823	伺候	生活	（一）左手伸出拇指；右手伸出食指，贴近拇指不动。（二）左手伸出拇指不动；右手指尖在左手拇指背处轻轻拍几下，表示服侍别人。|https://d.bmcx.com/shouyu/_file/9/50d7298d17d38d91.png
1824	订婚	生活	（一）双手拇、食、中指相捏，指尖朝下，在胸前同时向下一顿。（二）双手伸拇指，指尖相对，弯曲两下。|https://d.bmcx.com/shouyu/_file/d/1445e808caef657e.png
1825	洞房	生活	（一）同“订婚”手势（双手伸拇指，指尖相对，弯曲两下。）（二）双手搭成“∧”形，如屋顶状。|https://d.bmcx.com/shouyu/_file/6/4671e1cec7de8c87.png
1826	服务	生活	（一）右手伸平，手背向外贴于耳前。（二）右手按在另一侧的肩部。|https://d.bmcx.com/shouyu/_file/9/bc23a31c834cd345.png
1827	抚养	生活	（一）一手抚摸另一手拇指指背。（二）左手食指向上伸直，右手五指相捏，掌心向上，向左手食指移动。|https://d.bmcx.com/shouyu/_file/7/652e7145a5124280.png
1828	讣告	生活	（一）一手拇、小指先直立，然后向下一倒。（二）一手食指从嘴部向前微伸。|https://d.bmcx.com/shouyu/_file/3/9fa068063a29e158.png
1829	赶集	生活	（一）双手拇、小指伸直，交替向前移动，反复几次。（二）双手掌心向上，在胸前交替转圈。|https://d.bmcx.com/shouyu/_file/8/a64a280f13c5f3a9.png
1830	棺材	生活	（一）一左手五指微曲，掌心向上； 右手拇、小指伸出，手背贴于左掌心上。（二）右手姿势不变；左手掌心向下，食、中、无名、小指弯曲，盖在右手上。|https://d.bmcx.com/shouyu/_file/5/1dd592992ad8039a.png
1831	灵柩	生活	（一）一左手五指微曲，掌心向上； 右手拇、小指伸出，手背贴于左掌心上。（二）右手姿势不变；左手掌心向下，食、中、无名、小指弯曲，盖在右手上。|https://d.bmcx.com/shouyu/_file/9/1c86c6609cd4b6e1.png
1832	婚姻	生活	（一）同“订婚”手势（双手伸拇指，指尖相对，弯曲两下。）（二）两手拇、食指搭成圆形，互相套环。|https://d.bmcx.com/shouyu/_file/e/d8ca4175ec82abeb.png
1833	花圈	生活	（一）双手五指指尖向上，自上而下边作弧形移动，边连续张开。（二）双手拇、食指张开，指尖向外，从上向斜下方分别移动，表示花圈上的挽联。|https://d.bmcx.com/shouyu/_file/7/4aa4088b67f3e455.png
1834	交往	生活	双手伸出拇、小指，相对竖立，一前一后，交替来回移动|https://d.bmcx.com/shouyu/_file/4/8c087950b12b89fa.png
1835	经历	生活	（一）左手食指向前伸出；右手侧立于左手食指根部，向指尖方向移动。（二）左手拇、食指成“厂”形；右手伸食指在“厂”形内书空“力”字。|https://d.bmcx.com/shouyu/_file/3/37b6741f50507a86.png
1836	居住	生活	（一）双手搭成“∧”形。（二）一手掌心贴于头侧，头微倾，闭眼如睡觉状。|https://d.bmcx.com/shouyu/_file/3/7ebe02cdd9dd3ebb.png
1837	酒吧	生活	（一）一手打手指字母“J”的指式放在嘴边，作喝酒状。（二）手指字母“B”的指式。|https://d.bmcx.com/shouyu/_file/6/fe549c9441e09183.png
1838	瞌睡	生活	瞌睡 眼闭拢，头垂下，抬起，连续几次，模仿打瞌睡状。|https://d.bmcx.com/shouyu/_file/a/aee8375eda14a850.png
1839	聊天	生活	（一）双手伸直，掌心相对，在嘴边前后交替移动。（二）一手伸食指，指尖朝上，从一侧向另一侧连续点动几下。|https://d.bmcx.com/shouyu/_file/7/b81a7a7cc4a0430c.png
1840	美发	生活	（一）一手食、中指先置于鼻部，然后下移并收缩，伸出拇指。（二）双手伸出食、中指，在头上作卷发动作。|https://d.bmcx.com/shouyu/_file/7/ee62f12cf67390bf.png
1841	美容	生活	（一）同“美发”手势（一手食、中指先置于鼻部，然后下移并收缩，伸出拇指。）（二）双手贴于胸颊，作按摩状。|https://d.bmcx.com/shouyu/_file/5/793bd87fe0464587.png
1842	牌子	生活	双手拇、食指相对，相距约5厘米，由中间向两旁微拉。|https://d.bmcx.com/shouyu/_file/7/35e2eee2c30d5393.png
1843	烹调	生活	（一）一手五指微曲如铲，向下铲动，如抄菜状。（二）双手伸出拇、小指，拇指尖朝下，交替作倒作料状。|https://d.bmcx.com/shouyu/_file/c/900d9dccf75f82e5.png
1844	品尝	生活	（一）双手拇、食指捏成小圆形，一手在上，另一手在下连打两下，合成“品”字形。（二）一手拇、食、中指相捏，做拈取食物投向口中状，同时嘴微动几下。|https://d.bmcx.com/shouyu/_file/6/f7b2d56fd8199d52.png
1759	辞职	工作	（一）一手拇、小指直立，在另一掌心上向后退。（二）右手拍一下左肩。|https://d.bmcx.com/shouyu/_file/9/9755fa495c53dfd2.png
1760	退职	工作	（一）一手拇、小指直立，在另一掌心上向后退。（二）右手拍一下左肩。|https://d.bmcx.com/shouyu/_file/b/e42ccf1e86e8161b.png
1761	本职	工作	（一）手指字母“B”的指式。（二）手指字母“ZH”的指式。|https://d.bmcx.com/shouyu/_file/e/2047fce6e8a0b2bb.png
1762	便条	工作	（一）同“方便”手势（一手拇、食指相捏，上下动几下。）（二）双手拇、食指相对成“[]”，然后由中间向两旁拉开少许距离。|https://d.bmcx.com/shouyu/_file/5/acb2b651e4d6cc20.png
1763	操劳	工作	（一）左臂屈时，右手五指先撮合置于左肘内侧，然后用力往外一挥并放开五指，表示付出很多的力气。（二）双手握拳，先以左拳打右拳，再以右拳打左臂。|https://d.bmcx.com/shouyu/_file/2/3708731ad63f6dbd.png
1764	操心	工作	（一）同“操劳”手势（左臂屈时，右手五指先撮合置于左肘内侧，然后用力往外一挥并放开五指，表示付出很多的力气。）（二）双手拇、食指搭成"?"形。|https://d.bmcx.com/shouyu/_file/6/e306df1db1478605.png
1765	出勤	工作	（一）一手拇、小指伸直，由里向外移动。（二）双手握拳，上拳打下拳。|https://d.bmcx.com/shouyu/_file/5/32a3f3f8fd347e2f.png
1766	称职	工作	（一）双手伸平，掌心向上，从两旁向中间互碰一下。（二）同“本职”手势（手指字母“ZH”的指式。）|https://d.bmcx.com/shouyu/_file/1/fb9fdd1a8605580c.png
1767	怠工	工作	（一）双手交叉贴于胸前，眼睛向下看。（二）左手食、中指与右手食指搭成“工”字形。|https://d.bmcx.com/shouyu/_file/e/771bb609c72b564d.png
1768	待业	工作	（一）一手背贴于颏下，表示等候之意。（二）一手食指横放于另一手四指根部，如“业”字形。|https://d.bmcx.com/shouyu/_file/a/c5e6d8522d53e1d9.png
1769	放假	工作	（一）双手伸平，指尖相对，掌心向里，然后向外一甩。（二）双手交叉贴于胸前。|https://d.bmcx.com/shouyu/_file/f/2f777fb719b4bd69.png
1770	敷衍	工作	（一）双手横立，一前一后，手背向外，前面的手拍一下后边手的手背。（二）左手伸拇、小指直立；右手张开并围着左手来回转动，面露恭维样，表示糊弄别人。|https://d.bmcx.com/shouyu/_file/f/c91352a667377db1.png
1771	搪塞	工作	（一）双手横立，一前一后，手背向外，前面的手拍一下后边手的手背。（二）左手伸拇、小指直立；右手张开并围着左手来回转动，面露恭维样，表示糊弄别人。|https://d.bmcx.com/shouyu/_file/a/88e23b3512f6c9cc.png
1772	岗位	工作	（一）双手握拳，上拳打下拳。（二）一手拇拳并伸出拇指，置于另一手掌心上。|https://d.bmcx.com/shouyu/_file/2/08206d9be6ade6bb.png
1773	解雇	工作	解雇 左手伸出拇、小指；右手伸平，掌心贴在左手后，向前推出。|https://d.bmcx.com/shouyu/_file/9/4ee64c78dd62f478.png
1774	解聘	工作	解聘 左手伸出拇、小指；右手伸平，掌心贴在左手后，向前推出。|https://d.bmcx.com/shouyu/_file/a/e195cb399c3edebd.png
1775	晋升	工作	（一）左手五指并拢侧立，指尖朝上，右手拇、食指相捏，指尖置于左手掌心处，然后食指向上弹起。（二）左手五指张开，横立胸前；右手拇、食指相捏，自左手小指尖依次向上跳动。|https://d.bmcx.com/shouyu/_file/b/2f443ea09c9826cb.png
1776	晋级	工作	（一）左手五指并拢侧立，指尖朝上，右手拇、食指相捏，指尖置于左手掌心处，然后食指向上弹起。（二）左手五指张开，横立胸前；右手拇、食指相捏，自左手小指尖依次向上跳动。|https://d.bmcx.com/shouyu/_file/8/7481de60dc8e9791.png
1777	考勤	工作	（一）双手伸拇指交替上下动几下。（二）双手握拳，上拳打下拳。|https://d.bmcx.com/shouyu/_file/7/13c1755352754e89.png
1778	聘请	工作	（一）右手伸拇、小指，置于左掌心上，由外向内移至胸前。（二）双手掌心向上，往旁移动一下，如邀请的动作|https://d.bmcx.com/shouyu/_file/3/f1a8c6bde14feee5.png
1779	聘书	工作	（一）同“聘请”手势（右手伸拇、小指，置于左掌心上，由外向内移至胸前。）（二）双手掌心相合，再打开来，如翻书状。|https://d.bmcx.com/shouyu/_file/2/a6f7dbd51a92f15c.png
1780	评比	工作	（一）双手平伸，掌心向上，交替一下移动。（二）双手拇指向上，交替上下动几下|https://d.bmcx.com/shouyu/_file/5/2115b5d11e2d003d.png
1781	请假	工作	（一）同“聘请”手势（双手掌心向上，往旁移动一下，如邀请的动作。）（二）双手交叉贴贴于胸前。|https://d.bmcx.com/shouyu/_file/4/6cd891e9794edf34.png
1782	窝工	工作	（一）一手背贴于颏下，表示张望、等候之意。（二）左手食、中指与右手食指搭成“工”字形。|https://d.bmcx.com/shouyu/_file/e/9fdcc33e546e280c.png
1783	项目	工作	（一）左手五指张开，指尖朝上；右手直伸依次在左手五指间各劈一下。（二）右手握拳贴在左手并拢的四指上，依次伸出食、中、无名、小指。|https://d.bmcx.com/shouyu/_file/1/c0921be52e2ae6c1.png
1784	招收	工作	（一）一手掌心向下，向内挥动几下。（二）双手五指微曲，掌心相对，由外向里收拢。|https://d.bmcx.com/shouyu/_file/8/3eac238f18354c7a.png
1785	针对	工作	针对 右手食指指瞄准左手伸的食指。|https://d.bmcx.com/shouyu/_file/1/ebcb9c46faa4e92e.png
1786	值勤	工作	（一）一手拇、食指相距约10厘米，在另一手臂上横划一下。（二）同“考勤”手势（双手握拳，上拳打下拳。）|https://d.bmcx.com/shouyu/_file/7/026933f3b196b7e5.png
1787	制造	工作	（一）左拳在下不动；右手打手指字母“ZH”的指式，然后向下砸左拳。（二）双手握拳，右拳打左拳。|https://d.bmcx.com/shouyu/_file/d/18695ce9b0b982ea.png
85	邀请	事物的动作	双手掌心向上，在腰部向旁移，表示邀请之意|https://d.bmcx.com/shouyu/_file/4/5251db0bf1f35a60.png
1359	熬	事物的动作	熬 左手背贴于颏下；右手伸出拇、食指，拇指尖抵住左手掌心，食指左连续转动，胸部呈忍受样。|https://d.bmcx.com/shouyu/_file/a/649f703bb5d9f261.png
1360	翱翔	事物的动作	（一）一手伸出拇、食、小指，在头顶上盘旋几圈。（二）双手小臂抬起，掌心向下，扇动两下，表示飞的意思。|https://d.bmcx.com/shouyu/_file/f/5faba889171975e8.png
1361	拔	事物的动作	拔 左手食指直立；右手食、中指弯曲夹住左手指，然后边左右扭动边向上提，如拔钉子状（可根据实际情况模仿拔的动作）。|https://d.bmcx.com/shouyu/_file/f/ae9b3e9e399b8964.png
1362	摆	事物的动作	（一）一手伸平，手背向外，五指朝下，左右晃动几下，表示“摆动”。（二）双手伸平，掌心向上，置于胸前，然后一手不动，另一手向一侧一顿一顿移动，表示“摆放”。（使用时根据词义选择其中一种动作）。|https://d.bmcx.com/shouyu/_file/3/62a94ad57713aebb.png
1363	扳	事物的动作	扳 右手握紧拳头，用力向一侧动两下。注意表情，要模仿扳门状。|https://d.bmcx.com/shouyu/_file/0/307100dc4e7df398.png
1364	绊	事物的动作	绊 左手食指横伸；右手食、中指朝下置于左手食指内侧，然后向外歪动一下。|https://d.bmcx.com/shouyu/_file/a/71d302261c7314d2.png
1365	搬运	事物的动作	（一）双手五指成“[]”形，间隔约20厘米，然后同时由下向上移动如搬物状。（二）双手伸平，掌心向上，指尖相对，由左向右移。|https://d.bmcx.com/shouyu/_file/3/fb5e38c7462eb362.png
1366	绑	事物的动作	绑 左手打手指字母“B”的指式；右手拇、食、中指相捏，在左手上绕几圈。|https://d.bmcx.com/shouyu/_file/6/a10f40115bf78eb3.png
1367	包	事物的动作	双手掌心向上，右手向左一翻；左手向右一翻，手背向上，模仿包东西状。|https://d.bmcx.com/shouyu/_file/4/58f5fcd4c1ca2ef7.png
1368	报答	事物的动作	（一）双手并排，掌心向上，一齐向前伸，表示交出自己的心意。（二）一手握拳，伸出拇指弯曲两下，表示感谢。|https://d.bmcx.com/shouyu/_file/f/7743758503daca64.png
1369	暴露	事物的动作	暴露 左手成半圆形，虎口向上；右手握拳，手背向外，从左手虎口里冒出|https://d.bmcx.com/shouyu/_file/9/a2d252a77b8a15e3.png
1370	逼	事物的动作	逼 左手伸出拇指；右手拇、食指卡在左手拇指指背处，然后向下按。|https://d.bmcx.com/shouyu/_file/6/27fda3e401164093.png
1371	避让	事物的动作	双手五指分开直立，一前一后排成一排，然后前面的手向一侧移动，后面的手再向前移动。|https://d.bmcx.com/shouyu/_file/b/b10caa6596d57994.png
1372	躲避	事物的动作	双手五指分开直立，一前一后排成一排，然后前面的手向一侧移动，后面的手再向前移动。|https://d.bmcx.com/shouyu/_file/d/a9ae1a939990b902.png
1373	躲开	事物的动作	双手五指分开直立，一前一后排成一排，然后前面的手向一侧移动，后面的手再向前移动。|https://d.bmcx.com/shouyu/_file/7/9f48e4938c51ee3e.png
1374	鞭策	事物的动作	（一）一手握拳、作执鞭挥动状。（二）左手握拳，伸出拇指向前；右手伸出食指在左手拇指后动一下。|https://d.bmcx.com/shouyu/_file/e/f49f6e6f23879571.png
1375	标榜	事物的动作	（一）左手食指伸直；右手五指并拢侧立，指向左手食指。（二）一手伸拇指，指尖朝鼻尖点几下。|https://d.bmcx.com/shouyu/_file/b/6275829d5dd96711.png
1376	表达	事物的动作	（一）双手伸出拇、食指，从面颊两旁向前推出。（二）一手平伸，掌心向上，由胸部向前上方移动。|https://d.bmcx.com/shouyu/_file/a/5edc3a85498b69c1.png
1377	表示	事物的动作	一）同“表达”手势（双手伸出拇、食指，从面颊两旁向前推出。）（二）左手食、中指横伸；右手食指在左手食、中指下书空“小”字。|https://d.bmcx.com/shouyu/_file/5/8fc32bed82c5c611.png
1378	表态	事物的动作	一）同“表达”手势（双手伸出拇、食指，从面颊两旁向前推出。）（二）一手食指绕脸部划一圈。|https://d.bmcx.com/shouyu/_file/7/74849d7b2d6ae01b.png
1379	拨	事物的动作	拨 左手掌心向上；右手拇指贴于掌心，其余四指并拢，指尖朝下立于左手指尖处，然后向外划动几下。|https://d.bmcx.com/shouyu/_file/2/30c63011f2b0c159.png
1380	播音	事物的动作	（一）一手五指弯曲成半圆形，虎口贴于嘴边，嘴张开，如面对扩音器讲话。（二）一手食指指耳朵。|https://d.bmcx.com/shouyu/_file/a/f0a269408954cbe6.png
1381	捕	事物的动作	双手靠拢，掌心向前，五指微曲，然后向下扑去。|https://d.bmcx.com/shouyu/_file/b/0ccb86bb27cea981.png
1382	猜	事物的动作	猜 左手直立，手指张开，手背向外；右手食指在左手食、中指指缝中点动两下，脸露思考状。|https://d.bmcx.com/shouyu/_file/a/f1db4758e8d039bc.png
1383	裁剪	事物的动作	（一）左手平伸，指尖朝右，手背向上；右手食、中指向下在左手小指边划一下。（二）右手食、中指作剪东西状，沿左手小指边沿剪动。|https://d.bmcx.com/shouyu/_file/e/fc8744ea89e46997.png
1384	采取	事物的动作	（一）左手五指微曲，掌心向上；右手五指在左手指尖上作选择动作。（二）一手五指张开，向前作抓物状，后收回并握拳。|https://d.bmcx.com/shouyu/_file/8/8bb37bbfe166a8d4.png
1385	参照	事物的动作	（一）双手靠拢在一起，掌心向上，放于胸前。（二）双手拇、食指搭成“∟?”形，稍微后移。|https://d.bmcx.com/shouyu/_file/7/5a966e756408e710.png
1386	操持	事物的动作	（一）双手五指张开，掌心向下，微微按动几下。（二）双手握拳，上拳打下拳。|https://d.bmcx.com/shouyu/_file/f/ffa92ee5b2262a01.png
1387	测绘	事物的动作	（一）一手虚握贴在眼上，另一手伸食指在眼前左右移动，模仿测量人员在工作。（二）双手平伸，掌心向上，一手在另一手掌心上抹几下。|https://d.bmcx.com/shouyu/_file/5/4082f45d3e7a0c92.png
1388	蹭	事物的动作	蹭 左手侧伸；右手打手指字母“C”的指式，指尖朝前，移动时虎口蹭一下左手掌心。|https://d.bmcx.com/shouyu/_file/a/c9e4ccb3ec2c3ab2.png
1389	查询	事物的动作	（一）双手拇、食、中指相捏，手背向上，在胸前交替上下动几下。（二）一手伸食指，指尖放在嘴前，向前点两下。|https://d.bmcx.com/shouyu/_file/1/65fdf654942e6d20.png
1390	掺杂	事物的动作	一）左手五指成半圆形，虎口向上；右手五指撮合，指尖朝下，然后作向左手虎口里撒放物品的动作。（二）双手五指微曲，指尖相抵，交替转动几下。|https://d.bmcx.com/shouyu/_file/a/e5c359ec3d83b5c0.png
1391	缠	事物的动作	缠 左手握拳不动；右手拇、食指捏拢，在左拳上绕两圈，如缠物状。|https://d.bmcx.com/shouyu/_file/4/2fab77e52ada716b.png
1392	颤抖	事物的动作	颤抖 左手平伸，掌心向上；右手食、中指稍弯曲在左掌心上抖动。|https://d.bmcx.com/shouyu/_file/b/6de0ecc8094d59a0.png
1393	哆嗦	事物的动作	哆嗦 左手平伸，掌心向上；右手食、中指稍弯曲在左掌心上抖动。|https://d.bmcx.com/shouyu/_file/1/9711a17da867f056.png
1394	抄	事物的动作	抄 左手平伸，掌心向上；右手四指并拢，拇指在下，顺左手指尖方向拉动一下，同时拇指和四指捏合，眼睛注视右手动作。|https://d.bmcx.com/shouyu/_file/6/1fbf5b8af9db590f.png
1395	超越	事物的动作	一）双手食指向前伸直，一手不动，一手向前移。（二）左手横立；右手食、中指分开，从左手食指上越过。|https://d.bmcx.com/shouyu/_file/f/29fcbf6c435ba67e.png
1396	越过	事物的动作	（一）双手食指向前伸直，一手不动，一手向前移。（二）左手横立；右手食、中指分开，从左手食指上越过。|https://d.bmcx.com/shouyu/_file/e/91a3db828f59013a.png
1397	嘲笑	事物的动作	（一）一手掩住口部，并作讥笑状。（二）双手拇、中、无名指相捏，食、小指伸出，指尖斜向左下方动几下。|https://d.bmcx.com/shouyu/_file/8/cbb48bb0ebe0f261.png
1398	撤	事物的动作	撤 左手直立，指尖朝上；右手在左掌心上一抓，再向下一甩。|https://d.bmcx.com/shouyu/_file/d/9274af93016c1cad.png
1399	撑	事物的动作	双手掌心向下，屈时，自胸前往下一按，上身随之上抬，模仿俯卧撑动作。（可视具体情形模仿撑的动作。)|https://d.bmcx.com/shouyu/_file/d/97cfb29fedaf7791.png
1400	承办	事物的动作	（一）右手拇指与四指相对成“］”形，置于左肩上。（二）双手互拍一下手背。|https://d.bmcx.com/shouyu/_file/9/4ceeb66e86427ca7.png
1401	承担	事物的动作	（一）同“承办”手势（右手拇指与四指相对成“］”形，置于左肩上。）（二）一手握拳置于肩前，手与肩微微上下动一下。|https://d.bmcx.com/shouyu/_file/e/ddd86e456e111f39.png
1402	冲	事物的动作	冲 左手平伸，掌心向上，指尖朝前；右手伸拇、小指立于左手掌心上快速向前冲出。|https://d.bmcx.com/shouyu/_file/d/40cc6b9d81f86eec.png
1403	冲击	事物的动作	（一）双手掌心向下，五指分开，并排向前伸出。（二）一手握拳，向前打出。|https://d.bmcx.com/shouyu/_file/8/2f13fe734bdadc61.png
1404	抽	事物的动作	抽 左手五指张开，指尖朝上；右手拇、食指捏一下左手中指，然后向上一提。|https://d.bmcx.com/shouyu/_file/3/0cf556511e3d03e6.png
1405	抽打	事物的动作	抽打 左手拇、小指伸出；右手虚握朝左手作挥鞭抽打的动作。|https://d.bmcx.com/shouyu/_file/6/05319f60a103c212.png
1406	抽签	事物的动作	（一）双手虚握，指尖相接成圆筒形，并抖动几下。（二）右手拇、食指相捏，从虚握的左手半圆内作抽出东西状。|https://d.bmcx.com/shouyu/_file/0/857d1b2fecf762ba.png
1407	揣	事物的动作	揣 左手伸开，掌心向内；右手插入在手内侧，表示向怀中放东西。|https://d.bmcx.com/shouyu/_file/1/5b285b2af355bc17.png
1408	踹	事物的动作	踹 左手直伸，掌心向内；右手食、中指指尖朝下，然后食指用力伸向左手，左手随之变为掌心向外，模仿踹门动作。|https://d.bmcx.com/shouyu/_file/b/85c8e6ed0b390fe7.png
1409	出席	事物的动作	（一）一手拇、小指伸直，由内向外移动。（二）双手拇、小指伸直，指尖朝外，由中间向两则作弧一顿一顿移动。|https://d.bmcx.com/shouyu/_file/d/cbdcb5106c83154e.png
1410	传达	事物的动作	一手打手指字母“CH”的指式，在嘴前由左向右划动，同时放开五指。|https://d.bmcx.com/shouyu/_file/f/93ed0c9c62ebaf64.png
1411	闯	事物的动作	闯 左手拇、食指成“冂”形；右手伸拇、小指，用力朝在手“冂”中插入，表示破门而入。|https://d.bmcx.com/shouyu/_file/5/e6588f614238e7ca.png
1412	戳	事物的动作	戳 左手握拳，手背向上；右手伸食指向左手背“刺”一下。|https://d.bmcx.com/shouyu/_file/9/adafa8ab5b3b2618.png
1413	杵	事物的动作	杵 左手握拳，手背向上；右手伸食指向左手背“刺”一下。|https://d.bmcx.com/shouyu/_file/9/d6bde18a28de9adb.png
1414	刺	事物的动作	刺 左手握拳，手背向上；右手伸食指向左手背“刺”一下。|https://d.bmcx.com/shouyu/_file/e/204b9c1a855ff8ed.png
1415	扎	事物的动作	扎 左手握拳，手背向上；右手伸食指向左手背“刺”一下。|https://d.bmcx.com/shouyu/_file/d/f55d461300a2fab5.png
1416	倡导	事物的动作	（一）左手伸拇指；右手五指撮合置于左手旁，然后边向外作弧形移动边放开五指。（二）一手食指指尖朝前在胸前挥动几下。|https://d.bmcx.com/shouyu/_file/7/f143599bf5e48b5e.png
1417	搭	事物的动作	双手伸出食指，一手食指轻轻搭在另一手食指上。|https://d.bmcx.com/shouyu/_file/c/79fcb33c4b5947ad.png
1418	搭配	事物的动作	（一）同“搭”手势（双手伸出食指，一手食指轻轻搭在另一手食指上。）（二）双手横立，掌心向内，五指张开，互相交叉。|https://d.bmcx.com/shouyu/_file/c/428e087d1deef6be.png
1419	答辩	事物的动作	（一）双手食指直立。在嘴前交替向前伸出，表示一问一答。（二）双手食指指相对，在嘴前交替转动几下。|https://d.bmcx.com/shouyu/_file/b/1354d29d786a3d60.png
1420	打扰	事物的动作	（一）一手握拳向前打一下。（二）双手拇指和四指相捏，指尖相对，先相互接触一下，再放开五指。|https://d.bmcx.com/shouyu/_file/3/196bd34fcaae0459.png
1421	打量	事物的动作	打量 左手伸出拇、小指不动；右手伸出食、中指，指尖对着左手，从上到下来回扫视两次，同时眼睛也注视左手。|https://d.bmcx.com/shouyu/_file/7/ee50f6091a31ceae.png
1422	担负	事物的动作	（一）一手握拳置于肩前，手与肩同时向微动一下。（二）一手拍打另一侧肩部。|https://d.bmcx.com/shouyu/_file/f/279a9f4e800a6773.png
1423	担任	事物的动作	（一）一手握拳置于肩前，手与肩同时向微动一下。（二）一手拍打另一侧肩部。|https://d.bmcx.com/shouyu/_file/b/b45923905c4e62b2.png
1424	挡	事物的动作	挡 左手侧伸，指尖朝前；右手在左手前由上而下一切。|https://d.bmcx.com/shouyu/_file/4/27d6300f777caf2b.png
1425	拦截	事物的动作	拦截 左手侧伸，指尖朝前；右手在左手前由上而下一切。|https://d.bmcx.com/shouyu/_file/f/1d7784315efe259d.png
1426	倒立	事物的动作	一手伸食、中指，指尖向下分开，立于另一手掌上，然后转动180o ，变成指尖朝上，手腕贴于另一手掌上。|https://d.bmcx.com/shouyu/_file/7/f7b2541007500e7d.png
1427	倒	事物的动作	双手伸拇、食指，指尖相对，虎口向外斜，然后作倒东西动作。（“倒”为多音字，需根据具体词义选择手势。）|https://d.bmcx.com/shouyu/_file/f/e99069a8f70bfd0f.png
1428	瞪	事物的动作	瞪 两手拇、食指各捏成小圆形，放在眼前，然后向前移动，同时拇、食指微微张开。|https://d.bmcx.com/shouyu/_file/8/a73e47693cf641bb.png
1429	滴	事物的动作	一手伸出食指，指尖向下一顿一顿，表示水往下滴。|https://d.bmcx.com/shouyu/_file/8/4902f151c6cba4e0.png
1430	抵挡	事物的动作	（一）左手掌心向外，五指伸直；右手食指指尖抵住左掌心，同时左手用力向外推。（二）双手指尖朝上直立，掌心向外，在胸前向外推出。|https://d.bmcx.com/shouyu/_file/4/f613ac30dd988c3a.png
1431	奠定	事物的动作	（一）左手五指成“冂”形，指尖朝下；右手掌心向上，再翻掌盖在左手背上，表示填埋奠基石。（二）一手食指自上而下挥动一下。|https://d.bmcx.com/shouyu/_file/c/7b9a7f3c3c80a6c0.png
1432	掂量	事物的动作	一手掌心向上，五指微曲，上下抖动几下。|https://d.bmcx.com/shouyu/_file/c/53372940e9379da2.png
1433	钩	事物的动作	钩 左手食指弯曲，指尖朝上，在前；右手伸食指，指尖对着左手，在后，然后模仿钩鱼动作。|https://d.bmcx.com/shouyu/_file/e/28806d7ce2125ca9.png
1434	调动	事物的动作	（一）双手五指撮合，掌心向下，腕部交叉，然后左右互换位置。（二）双手握拳屈时，交替转动几下。|https://d.bmcx.com/shouyu/_file/7/6cdde9b8db309d49.png
1435	摔倒	事物的动作	摔倒 右手伸拇、小指，直立在右手掌心上。然后右手小指向一侧滑出，使右手手腕贴在左手掌心边沿。|https://d.bmcx.com/shouyu/_file/0/063253e5b0f2f3fc.png
1436	叮	事物的动作	一手伸食指在另一手手背上点两下。|https://d.bmcx.com/shouyu/_file/4/59aea5baf338a01e.png
1437	顶	事物的动作	顶 左手平伸，掌心向下；右手伸出拇指顶在左手掌心上。|https://d.bmcx.com/shouyu/_file/5/080810442943468b.png
1438	抖	事物的动作	一手五指捏合，指尖朝下，在胸前作|https://d.bmcx.com/shouyu/_file/e/9b6ae53ed943b4fb.png
1439	逗	事物的动作	逗 左手平伸，掌心向上；右手食指弯曲，指尖向下，在左手掌心上方划几下。|https://d.bmcx.com/shouyu/_file/f/0519e4eabc2e067f.png
1440	渡	事物的动作	渡 左手五指并拢成船形；右手伸拇、小指立在左掌心上，向前移动。|https://d.bmcx.com/shouyu/_file/8/f8bc2c5712881912.png
1441	端	事物的动作	双手拇、食指相捏，向上提动，如端物状。|https://d.bmcx.com/shouyu/_file/4/9c86705e22081e90.png
1442	堆积	事物的动作	（一）双手平伸，掌心向下，两手掌上下交替叠放两次。（二）双手弯曲，掌心相对，由下而上作弧形上移。|https://d.bmcx.com/shouyu/_file/a/3742cb7ad3b64ac1.png
1443	对待	事物的动作	（一）双手食指直立，由两则向中间移动。（二）双手拇、食指伸出成“└ ┘”状，置于脸前，然后向前微伸。|https://d.bmcx.com/shouyu/_file/0/d859c4cf2ce2819c.png
1444	发现	事物的动作	一手拇、食指相捏置于一只眼前，然后食指向前打开。|https://d.bmcx.com/shouyu/_file/a/d70bd1c067159549.png
1445	发动	事物的动作	（一）双手虚握，指尖相对，边向两旁移动边放开五指。（二）双手握拳，在胸前交替转动几下。|https://d.bmcx.com/shouyu/_file/4/f102280407d5e1cb.png
1446	翻	事物的动作	一手平伸，掌心向下，然后变为掌心向上。|https://d.bmcx.com/shouyu/_file/d/72729591c2703bc7.png
1447	飞	事物的动作	双手小臂抬起，掌心向下，扇动两下。|https://d.bmcx.com/shouyu/_file/f/2134c358131f37c5.png
1448	废除	事物的动作	（一）一手伸出小指，向外一甩。（二）左手平伸，掌心向上；右手侧立，从左掌心由内向外刮过。|https://d.bmcx.com/shouyu/_file/5/b68cba3a55212fcd.png
1449	封闭	事物的动作	（一）双手食、中指并拢搭成“╳”形，并同时向下移动。（二）双手直伸，掌心向外，从两侧移向中间，如关门状。|https://d.bmcx.com/shouyu/_file/2/7c96b63aef92a943.png
1450	分割	事物的动作	（一）一手侧立，在另一手掌心上左右摆动几下。（二）一手指尖向下横、竖各划一下。|https://d.bmcx.com/shouyu/_file/e/bf87a1ce3fe40224.png
1451	扶	事物的动作	扶 左手伸出拇、小指，平放；右手将左手扶起。|https://d.bmcx.com/shouyu/_file/0/0b19d3cc8a04d4f5.png
1452	扶持	事物的动作	（一）同“扶”手势（左手伸出拇、小指，平放；右手将左手扶起。）（二）左手伸食指，指尖朝上；右手五指关拢，指尖顶一下左手食指根部。|https://d.bmcx.com/shouyu/_file/d/d5441326d5718f0d.png
1453	俯冲	事物的动作	一手伸拇、小指，掌心向下，由上向斜下方划动。|https://d.bmcx.com/shouyu/_file/2/9e6761fda53f5390.png
1454	辅助	事物的动作	（一）左手伸拇、小指；右手平伸在左手腕部向前轻推左手一下。（二）双手掌心向外，拍动两下。|https://d.bmcx.com/shouyu/_file/6/2c89f854698ff378.png
1455	复议	事物的动作	（一）双手先掌心相贴，下面的手不动，上面的手翻转一下，手背贴于掌心。（二）双手食指指尖相对，在面前交叉转动。|https://d.bmcx.com/shouyu/_file/d/1939c7010cdec7cb.png
1456	搞清	事物的动作	（一）双手握拳，上拳敲打下拳。（二）右手掌心先贴于左手掌心上，然后向外移动。|https://d.bmcx.com/shouyu/_file/0/f24faf6dc817b547.png
1457	弄清	事物的动作	（一）双手握拳，上拳敲打下拳。（二）右手掌心先贴于左手掌心上，然后向外移动。|https://d.bmcx.com/shouyu/_file/0/3c92c95580da58a6.png
1458	改正	事物的动作	（一）一手食、中指叉开向上，反转一下。（二）双手侧伸，指尖朝前，掌心相对，在胸前自上而下顿。|https://d.bmcx.com/shouyu/_file/f/4e4dd01e1588d9b4.png
1459	订正	事物的动作	（一）一手食、中指叉开向上，反转一下。（二）双手侧伸，指尖朝前，掌心相对，在胸前自上而下顿。|https://d.bmcx.com/shouyu/_file/a/66ab9c3b72a7a0ec.png
1460	割	事物的动作	割 左拳虚握，虎口向上；右手平伸，掌心向上，在左拳下方划几下，做割东西的动作。|https://d.bmcx.com/shouyu/_file/3/72804cf9c573bb8a.png
1461	隔开	事物的动作	隔开 左手五指横伸，掌心向内；右手四指并拢，插在左手食、中指间，上下微动几下。|https://d.bmcx.com/shouyu/_file/5/0b9a29eb30efd520.png
1462	拐弯	事物的动作	一手伸直向前移动，然后四指弯曲，表示拐弯。|https://d.bmcx.com/shouyu/_file/c/ed30ef49d32757e9.png
1463	灌	事物的动作	灌 左手虚握成半圆表，虎口向外；右手五指微曲，掌心向下，腕部置于左手虎口处，并作弧形转动，模仿灌溉田地的动作。|https://d.bmcx.com/shouyu/_file/5/94f514916a64707b.png
1464	打	事物的动作	一手握拳向下击打|https://d.bmcx.com/shouyu/_file/0/83e01a46a5c80f5d.png
1465	拍	事物的动作	一手伸掌，向下拍动。|https://d.bmcx.com/shouyu/_file/c/5337937f4ae0650f.png
1466	搔	事物的动作	一手在胸前（或身体上其他部位）搔抓。|https://d.bmcx.com/shouyu/_file/a/5dced287b31fc8f4.png
1467	痒	事物的动作	一手在胸前（或身体上其他部位）搔抓。|https://d.bmcx.com/shouyu/_file/f/a36775774dcf55a0.png
1468	搔痒	事物的动作	一手在胸前（或身体上其他部位）搔抓。|https://d.bmcx.com/shouyu/_file/6/bba56cb40f1c6288.png
1469	摸	事物的动作	一手轻摸另一手背。|https://d.bmcx.com/shouyu/_file/f/7f51e7bbbd08d519.png
1470	拉	事物的动作	一手握拳，从外向内拉动。|https://d.bmcx.com/shouyu/_file/e/6dfb299371fa923e.png
1471	推	事物的动作	一手掌心向前推动。|https://d.bmcx.com/shouyu/_file/1/b1bd3423ea032af6.png
1472	提	事物的动作	一手握拳下垂，手臂微曲，向上提起。|https://d.bmcx.com/shouyu/_file/1/daf2f7a9d2291e41.png
1473	挑	事物的动作	一手握拳，靠肩平齐，上下微动几下。|https://d.bmcx.com/shouyu/_file/1/a7b0e71b7e42a414.png
1474	扛	事物的动作	一手握拳，靠肩平齐，上下微动几下。|https://d.bmcx.com/shouyu/_file/d/eabc20afeaa64cf5.png
1475	背	事物的动作	双手握拳，一上一下，放于肩部，上身向前微倾。|https://d.bmcx.com/shouyu/_file/3/4a3467a86788aa02.png
1476	拿	事物的动作	一手向下微抓，如拿物状，然后向上提起。|https://d.bmcx.com/shouyu/_file/8/41a8706739155b47.png
1477	取	事物的动作	一手向下微抓，如拿物状，然后向上提起。|https://d.bmcx.com/shouyu/_file/b/e06cad7f84250a62.png
1478	得到	事物的动作	一手向下微抓，如拿物状，然后向上提起。|https://d.bmcx.com/shouyu/_file/9/a54c4b825e21eb57.png
1479	带	事物的动作	一手握住另一手腕，由一侧向另一侧移动。|https://d.bmcx.com/shouyu/_file/9/491d7b04774d60a3.png
1480	抓	事物的动作	一手五指放开，然后由前向后收拢五指，如抓物状。|https://d.bmcx.com/shouyu/_file/5/519599325fa53c9f.png
1481	揪	事物的动作	一手五指放开，然后由前向后收拢五指，如抓物状。|https://d.bmcx.com/shouyu/_file/6/825ffe7acaf26661.png
1482	折	事物的动作	折 左手五指并拢，指尖向上，右手拇、食指相捏，在左手指尖处作掰物状。|https://d.bmcx.com/shouyu/_file/8/1753e8f511e70cd7.png
1483	掰	事物的动作	掰 左手五指并拢，指尖向上，右手拇、食指相捏，在左手指尖处作掰物状。|https://d.bmcx.com/shouyu/_file/b/e3af5d5d9293297e.png
1484	拆	事物的动作	拆 左手五指并拢，指尖向上，右手拇、食指相捏，在左手指尖处作掰物状。|https://d.bmcx.com/shouyu/_file/d/8570807beb64a21b.png
1485	挖	事物的动作	一手斜伸，向下作挖状。|https://d.bmcx.com/shouyu/_file/e/1edc1ad881d3539d.png
1486	剔	事物的动作	剔 左手平伸，掌心向上，右手伸出食指，在左手指缝隙间作挑剔状。|https://d.bmcx.com/shouyu/_file/1/b7f3dcabde40d748.png
1487	夹	事物的动作	一手食、中指夹住另一手食指。|https://d.bmcx.com/shouyu/_file/0/4092f0649c7ded8b.png
1488	拧	事物的动作	一手拇、食指相对，其余三指弯曲作拧物状|https://d.bmcx.com/shouyu/_file/f/2c3844abbdfdd435.png
1489	绞	事物的动作	双手虚握，同时向相反方向转动。|https://d.bmcx.com/shouyu/_file/5/14a27f8e722e122a.png
1490	开	事物的动作	双手并排，掌心向外，然后向内翻掌并拉开，掌心向内。|https://d.bmcx.com/shouyu/_file/d/04ac209d7a0f2727.png
1491	关	事物的动作	双手伸掌，掌心向内，然后向外翻掌，双手并拢，掌心向外。|https://d.bmcx.com/shouyu/_file/3/2d4b52038a081f5d.png
1492	埋	事物的动作	双手伸开，掌心向上，同时以两侧向中间移动，并翻掌，使掌心向下。|https://d.bmcx.com/shouyu/_file/d/f171ccb70d0af143.png
1493	塞	事物的动作	塞 左手五指弯曲成圆圈，右手五指并拢成尖形，然后往左手圆圈里塞下去。|https://d.bmcx.com/shouyu/_file/d/8fadda6b702ab314.png
1494	插	事物的动作	插 左手五指向上伸开，右手食、中指并排，指尖插入左手指缝中。|https://d.bmcx.com/shouyu/_file/8/79c05cb699ec7051.png
1495	嵌	事物的动作	嵌 左手五指向上伸开，右手食、中指并排，指尖插入左手指缝中。|https://d.bmcx.com/shouyu/_file/4/5902cd0979e5955e.png
1496	放	事物的动作	一手虚握，然后向前放开五指。|https://d.bmcx.com/shouyu/_file/6/a81b21bddcd9e013.png
1497	堆	事物的动作	双手伸掌，掌心向下，两掌上下交替叠放两次。|https://d.bmcx.com/shouyu/_file/4/1ff2b5515590a170.png
1498	叠	事物的动作	双手伸掌，掌心向下，两掌上下交替叠放两次。|https://d.bmcx.com/shouyu/_file/5/bb911aa56edfd957.png
1499	挂	事物的动作	一手食指弯曲成“挂钩”状，然后向上作挂东西状。|https://d.bmcx.com/shouyu/_file/7/69c7de786a107c52.png
1500	铺	事物的动作	双手五指张开，掌心向下，向两侧摊开。|https://d.bmcx.com/shouyu/_file/0/e2730340a26ac287.png
1501	盖	事物的动作	盖 左手握成半圆形，虎口向上，右手伸掌覆盖在左手虎口上。|https://d.bmcx.com/shouyu/_file/8/8660e97a6a5b10b5.png
1502	扣	事物的动作	扣 左手握成半圆形，虎口向上，右手伸掌覆盖在左手虎口上。|https://d.bmcx.com/shouyu/_file/a/3e89b83d09f18673.png
1503	掀	事物的动作	掀 左手握成半圆形，虎口向上，右手掌心先覆盖在左手虎口上，然后向外揭开。|https://d.bmcx.com/shouyu/_file/e/43cc9661dbdcb3a2.png
1504	揭	事物的动作	揭 左手握成半圆形，虎口向上，右手掌心先覆盖在左手虎口上，然后向外揭开。|https://d.bmcx.com/shouyu/_file/d/25f81de82824db42.png
1505	扔	事物的动作	一手虚握，由前向后一甩，并放开五指。|https://d.bmcx.com/shouyu/_file/4/72dc4e73670124df.png
1506	丢	事物的动作	一手虚握，由前向后一甩，并放开五指。|https://d.bmcx.com/shouyu/_file/1/439417f347c8bd26.png
1507	掉	事物的动作	一手虚握，由前向后一甩，并放开五指。|https://d.bmcx.com/shouyu/_file/f/beafaef672c0d19d.png
1508	接	事物的动作	双手指指尖相碰。|https://d.bmcx.com/shouyu/_file/3/1ed5ea2c0eed6165.png
1509	拾	事物的动作	一手伸开，掌心向下，自下向上提起，五指同时并拢成尖形。|https://d.bmcx.com/shouyu/_file/d/a6571fbd9017342f.png
1510	装	事物的动作	双手五指撮合，指尖相对，然后互碰几下，模拟组装动作。|https://d.bmcx.com/shouyu/_file/c/140f915af5034b10.png
1511	捆	事物的动作	双手虚握，拇、食指做结扣状，再向旁微拉。|https://d.bmcx.com/shouyu/_file/d/ad59c6e664407d0f.png
1512	绕	事物的动作	绕 右手食指绕着左拳转动。|https://d.bmcx.com/shouyu/_file/e/99a7ff2bdc547723.png
1513	穿	事物的动作	穿 模仿穿衣的具体动作（穿鞋、穿袜、穿针引线等均模仿具体动作）。|https://d.bmcx.com/shouyu/_file/7/0390fa6c980e04fd.png
1514	戴	事物的动作	一手作执帽向头上戴的动作。|https://d.bmcx.com/shouyu/_file/8/5a0049c732efbbbc.png
1515	脱	事物的动作	脱 模仿脱衣的具体动作（脱鞋、脱袜等均模仿具体动作）。|https://d.bmcx.com/shouyu/_file/0/10f2548104364bc7.png
1516	贴	事物的动作	一手五指并拢，四指贴于另一手掌心上。|https://d.bmcx.com/shouyu/_file/2/c0d61c009b93a4b8.png
1517	洗	事物的动作	洗 模拟洗的具体动作。|https://d.bmcx.com/shouyu/_file/e/5e3fa860c485a524.png
1518	擦	事物的动作	一手握拳，平行来回移动。|https://d.bmcx.com/shouyu/_file/9/1552e60b9a4103c2.png
1519	磨	事物的动作	一手握拳，在另一手掌心上轻轻转动几圈。|https://d.bmcx.com/shouyu/_file/3/e100f11a16903c77.png
1520	捞	事物的动作	一手五指张开、微曲，掌心向上，然后向一侧快速移动。|https://d.bmcx.com/shouyu/_file/2/6ac904073aaf3c3e.png
1521	舀	事物的动作	一手拇、食指相捏，从旁提起。|https://d.bmcx.com/shouyu/_file/e/44321213d64bfb99.png
1522	拌	事物的动作	一手伸出食指，插在另一手握成的半圆形内作搅拌状。|https://d.bmcx.com/shouyu/_file/c/c82975e220148e39.png
1523	砍	事物的动作	一手伸掌似刀状，斜着向下劈。|https://d.bmcx.com/shouyu/_file/e/4643121f1249b173.png
1524	刮	事物的动作	一手食、中指并拢，以指尖在另一手掌心上刮两下。|https://d.bmcx.com/shouyu/_file/3/485671fc52994b40.png
1525	搬	事物的动作	双手并排，五指并拢，指尖向下，从一侧向另一侧移动。|https://d.bmcx.com/shouyu/_file/d/3d30dbf0a31ebb38.png
1526	摇	事物的动作	一手虚握，呈撑物状，向上举并左右摇动。|https://d.bmcx.com/shouyu/_file/0/7b3a2747456bf07d.png
1527	走	事物的动作	一手伸开食、中指，指尖向下，一前一后交替向前移动。|https://d.bmcx.com/shouyu/_file/3/355085839af42341.png
1528	跑	事物的动作	跑 两手握拳放于腰两侧，并前后摆动。|https://d.bmcx.com/shouyu/_file/6/df1095e4e3f6c813.png
1529	跳	事物的动作	跳 左手平伸，掌心向上，右手伸食、中指，指尖分开微曲，先立于左掌心上，然后迅速向上提起。|https://d.bmcx.com/shouyu/_file/f/0f848bd57abf38ef.png
1530	坐	事物的动作	一手伸出拇、小指，坐于另一手掌心上。|https://d.bmcx.com/shouyu/_file/8/55b3e3d6cee30308.png
1531	蹲	事物的动作	一手食、中指弯曲，指尖抵于另一手掌心上。|https://d.bmcx.com/shouyu/_file/4/8f216d8fd9171033.png
1532	立	事物的动作	一手伸食、中指，指尖向下伸直，抵于另一手掌心上。|https://d.bmcx.com/shouyu/_file/0/2e9ee5bcda2b0eb0.png
1533	站	事物的动作	一手伸食、中指，指尖向下伸直，抵于另一手掌心上。|https://d.bmcx.com/shouyu/_file/0/bf586c732bbc210a.png
1534	骑	事物的动作	骑 左手拇指弯曲，四指并齐侧立，右手食、中指叉开，插在左手食指上，模拟骑坐的样子。|https://d.bmcx.com/shouyu/_file/9/79f7cd40bd2f8326.png
1535	跨	事物的动作	跨 左手拇指弯曲，四指并齐侧立，右手食、中指分开，从左手食指上越过。|https://d.bmcx.com/shouyu/_file/e/c66c507c5b728f2c.png
1536	越	事物的动作	越 左手拇指弯曲，四指并齐侧立，右手食、中指分开，从左手食指上越过。|https://d.bmcx.com/shouyu/_file/3/2d300e86d490d20f.png
1537	踩	事物的动作	双手伸开，掌心向下，一手在上，另一手在下，上下交替动几下。|https://d.bmcx.com/shouyu/_file/b/2017a977f3fda146.png
1538	来	事物的动作	一手掌心向下，由外向内挥动。|https://d.bmcx.com/shouyu/_file/2/5a050a90aa20dc6b.png
1539	去	事物的动作	一手拇、小指伸直，由内向外移动。|https://d.bmcx.com/shouyu/_file/1/790ff8b4584d5f07.png
1540	出	事物的动作	一手拇、小指伸直，由内向外移动。|https://d.bmcx.com/shouyu/_file/b/d263cc3cdbf44786.png
1541	进	事物的动作	一手拇、小指伸直，在另一掌心上向前移动。|https://d.bmcx.com/shouyu/_file/6/1dd571c2c6c89ab5.png
1542	退	事物的动作	一手拇、小指伸直，在另一掌心上由前往后移动。|https://d.bmcx.com/shouyu/_file/c/5eda07577e2b7a2b.png
1543	跟	事物的动作	双手拇、小指伸直，一前一后往前移，象征一个人跟着前面一个人走的样子。|https://d.bmcx.com/shouyu/_file/3/a386b7835cc79183.png
1544	到	事物的动作	一手拇、小指伸直，向前移动，然后一顿，表示“到达”之意。|https://d.bmcx.com/shouyu/_file/5/17a2fe7fc20ef7b0.png
1545	看	事物的动作	一手伸食、中指，从眼部向前微伸一下。|https://d.bmcx.com/shouyu/_file/c/fe15c10cf5cd63db.png
1546	听	事物的动作	一手贴于耳部，表示在听。|https://d.bmcx.com/shouyu/_file/b/76860c03914fb740.png
1547	说	事物的动作	一手食指横于嘴前转动几下，表示说话。|https://d.bmcx.com/shouyu/_file/5/0d837e0d5a73a8a0.png
1548	说话	事物的动作	一手食指横于嘴前转动几下，表示说话。|https://d.bmcx.com/shouyu/_file/3/c070a8e07f500ee7.png
1549	吃	事物的动作	一手伸食、中指，由外向嘴边拨动，模拟用筷子吃饭状。|https://d.bmcx.com/shouyu/_file/a/cd884b2e4027f3fb.png
1550	喝	事物的动作	一手五指虚握，如拿杯子状，然后放在嘴边作喝水状。|https://d.bmcx.com/shouyu/_file/a/f9beb6059d5e8e4e.png
1551	咬	事物的动作	一手五指微曲，指尖向外，放于口边，然后向前微伸，五指同时相碰，如咬物状。|https://d.bmcx.com/shouyu/_file/c/951938fdaf163bb1.png
1552	嚼	事物的动作	双手五指弯曲，指尖上下相对，微微磨动，如嚼物状。|https://d.bmcx.com/shouyu/_file/c/5d8e572d10399ffd.png
1553	咽	事物的动作	一手五指撮合，从微张的嘴里向下移动，同时合嘴，作咽下食物状。|https://d.bmcx.com/shouyu/_file/f/15acd4f3fbd68ed9.png
1554	吸	事物的动作	一手五指伸开，从嘴前向后移动，同时收拢五指，手背贴于鼻孔处，如吸气状。|https://d.bmcx.com/shouyu/_file/7/f357598f5ec42b7b.png
1555	吮	事物的动作	一手五指伸开，从嘴前向后移动，同时收拢五指，手背贴于鼻孔处，如吸气状。|https://d.bmcx.com/shouyu/_file/6/a00c3f8cb3ccd4cc.png
1556	呼	事物的动作	一手五指撮合，手背靠近鼻孔，向外移出，同时放开五指，如吸气状。|https://d.bmcx.com/shouyu/_file/1/b3845024550d1fbb.png
1557	喊	事物的动作	一手拇指与四指作“└”形，虎口贴于嘴边，张开嘴，作喊叫状。|https://d.bmcx.com/shouyu/_file/0/1e2b0c18f4e1b416.png
1558	叫	事物的动作	一手拇指与四指作“└”形，虎口贴于嘴边，张开嘴，作喊叫状。|https://d.bmcx.com/shouyu/_file/1/79ebf468bf4fd373.png
1559	嗅	事物的动作	一手食、中指伸直，指尖朝鼻孔点一下，同时头部微抬。|https://d.bmcx.com/shouyu/_file/a/388692656468b527.png
1560	闻	事物的动作	一手食、中指伸直，指尖朝鼻孔点一下，同时头部微抬。|https://d.bmcx.com/shouyu/_file/c/826ba50f17fdfff1.png
1561	靠	事物的动作	靠 左手竖立，掌心向外，右手拇、小指伸直，拇指背贴于左掌心处。|https://d.bmcx.com/shouyu/_file/3/a382965451b84556.png
1562	偎	事物的动作	偎 左手竖立，掌心向外，右手拇、小指伸直，拇指背贴于左掌心处。|https://d.bmcx.com/shouyu/_file/5/5462ba0132e64fe5.png
1563	趴	事物的动作	双手伸开，掌心向外，然后双手由上向下一拍。|https://d.bmcx.com/shouyu/_file/e/a244dfbbeef86d0e.png
1564	滚	事物的动作	双手伸食指，指尖相对，一前一后作滚动状。|https://d.bmcx.com/shouyu/_file/2/ac806b8cd894a0ff.png
1565	转	事物的动作	双手伸食指，一指向上，一指向下，左右间距寸许，两指间在同一平面上交替旋转。|https://d.bmcx.com/shouyu/_file/f/4e3262dba7443548.png
1566	衡量	事物的动作	双手伸平，掌心向下，上下交替微动，同时面带思考状。|https://d.bmcx.com/shouyu/_file/6/94f6597fd26045c1.png
1567	哄	事物的动作	哄 左手拇、小指伸出；右手轻拍左手拇指背，面露微笑，模仿哄小孩状。|https://d.bmcx.com/shouyu/_file/9/56bcc101c3d58191.png
1568	呼吁	事物的动作	（一）同“呼唤”手势（双手五指成“└ ┘”形，分别置于嘴边，头从一侧向另一侧转一下，模仿呼喊动作。）（二）双手握拳，在胸前从左至右连续作请求动作。|https://d.bmcx.com/shouyu/_file/a/45bdf3dfdd7f48ae.png
1569	划分	事物的动作	（一）左手横伸，掌心向上；右手食、中指伸出，在左手掌上划一下。（二）同“分割”手势（一手指尖向下横、竖各划一下。）|https://d.bmcx.com/shouyu/_file/8/aafdb1cde0bc0516.png
1570	晃	事物的动作	一手食、中指朝下，立于另一手食指上，然后微微摇动几下。|https://d.bmcx.com/shouyu/_file/f/ff09bd52718c79fb.png
1571	挥	事物的动作	一手举至头的一侧作挥手动作。|https://d.bmcx.com/shouyu/_file/8/a6ce5a8d06a55b25.png
1572	获得	事物的动作	（一）双手五指弯曲，掌心相对，由外向内收进。（二）双手平伸，掌收向上，边向里收边握拳。|https://d.bmcx.com/shouyu/_file/8/bddf91ebc5426fdf.png
1573	喝彩	事物的动作	（一）双手鼓掌。（二）双手握拳，胳膊用力上举几下，面露欢喜状。|https://d.bmcx.com/shouyu/_file/6/67723650ebd3e9fe.png
1574	寄托	事物的动作	（一）左手伸出拇指；右手伸出食指，然后食指慢慢移向拇指。（二）两手平伸，掌收向上，向上抬一下。|https://d.bmcx.com/shouyu/_file/1/8af7b02901bfd515.png
1575	借鉴	事物的动作	（一）一手先打手指字母“J”的指式，再将手平伸，掌心朝上，向内微移。（二）双手平伸，掌心向上，上下交替掂动几下，表示将自己的东西与别人的相对照。|https://d.bmcx.com/shouyu/_file/b/6b115ff6e2f94930.png
1576	解除	事物的动作	（一）双手五指微曲，指尖相对，然后向两侧移动，并向下张开五指。（二）左手平伸，掌心向上；右手侧伸，从左手掌心上向外刮过。|https://d.bmcx.com/shouyu/_file/9/73f9f3a35ee210bc.png
1577	解散	事物的动作	双手自然微曲，掌心相对，置于胸前，然后向两侧一挥。|https://d.bmcx.com/shouyu/_file/2/9d9172493b3ce929.png
1578	交替	事物的动作	双手食指指尖朝上，一左一右互相交换位置，反复几次。|https://d.bmcx.com/shouyu/_file/a/a7cb07655b8c763b.png
1579	纠缠	事物的动作	（一）双手拇、小指伸直，一前一后向前移动。（二）左手姿势不变，右手拇、食指相捏，绕左手转几圈。|https://d.bmcx.com/shouyu/_file/e/b51dce4c262b5055.png
1580	举	事物的动作	双手虚握，一上一下，然后在胸前作举旗的动作。|https://d.bmcx.com/shouyu/_file/8/ba907d2f1e593515.png
1581	捐献	事物的动作	双手五指并拢，先贴于左右腰部，然后掌心向上向前伸出，如献物状。|https://d.bmcx.com/shouyu/_file/6/1ed8e77fb810b637.png
1582	举办	事物的动作	（一）双手平伸，掌心向上，从两侧向中间作弧形移动，然后同时向上抬起。（二）双手互拍手背。|https://d.bmcx.com/shouyu/_file/a/041756087c76251a.png
1583	开拓	事物的动作	双手侧伸，指尖朝前，先掌心相对，然后边向前移动边左右分开。|https://d.bmcx.com/shouyu/_file/f/691042a5527e8f9f.png
1584	开辟	事物的动作	双手侧伸，指尖朝前，先掌心相对，然后边向前移动边左右分开。|https://d.bmcx.com/shouyu/_file/0/16cf79ba0b5504b9.png
1585	开创	事物的动作	（一）同“开拓”手势（双手侧伸，指尖朝前，先掌心相对，然后边向前移动边左右分开。）（二）一手握拳贴于太阳穴旁，然后向外移动，并张开五指。|https://d.bmcx.com/shouyu/_file/8/9f8938edefb2087c.png
1586	烤	事物的动作	烤 左手五指微曲，指尖朝上，交替上下动几下，如火苗跳动状；右手伸平，掌心向下置于左手侧上方|https://d.bmcx.com/shouyu/_file/2/47575d4f432c1336.png
1587	磕碰	事物的动作	双手虚握，虎口向上，左手不动，右手自上而下朝左手作磕碰动作。|https://d.bmcx.com/shouyu/_file/f/b55e6b44c3fe6c99.png
1588	啃	事物的动作	一手握拳放在嘴边转动，作啃东西状。|https://d.bmcx.com/shouyu/_file/9/69e4cec9ca766db7.png
1589	恐吓	事物的动作	（一）左手伸拇、小指；右手握拳，对着左手挥动几下。（二）一手捂住胸口，眼睁大，口张开，脸露出尺恐状。|https://d.bmcx.com/shouyu/_file/f/6155eea106647897.png
1590	爬	事物的动作	双手五指张开，一前一后（或一上一下）作爬动（或）攀登状。|https://d.bmcx.com/shouyu/_file/c/8fb6d8224a0aa70a.png
1591	攀	事物的动作	双手五指张开，一前一后（或一上一下）作爬动（或）攀登状。|https://d.bmcx.com/shouyu/_file/e/bcdb1c06a3baa486.png
1592	跪	事物的动作	一手食、中指弯曲，指背贴于另一手掌心上。|https://d.bmcx.com/shouyu/_file/c/e0d4b6a4bdd19564.png
1593	挤	事物的动作	一手五指微曲，然后拇指指向四指用力慢慢按动，模拟挤物状。|https://d.bmcx.com/shouyu/_file/b/e4986f8bd004ca36.png
1594	笑	事物的动作	一手拇、食指微弯，放于颏部，脸露笑容。|https://d.bmcx.com/shouyu/_file/3/71025e80fa80524c.png
1595	哭	事物的动作	一手食、中指指于两眼窝处，然后向下划，反复几次，模拟泪水流下状。|https://d.bmcx.com/shouyu/_file/4/227a2cad2f006aaa.png
1596	唠叨	事物的动作	一手手背向外，在嘴前反复依次伸出食、中、无名、小指，表示说个没完。|https://d.bmcx.com/shouyu/_file/1/1a57c37dea09594d.png
1597	吹	事物的动作	一手虚握，放在嘴边作吹状。|https://d.bmcx.com/shouyu/_file/9/485ec6cc49582b13.png
1598	理顺	事物的动作	（一）双手侧伸，掌心相对，由一侧向另一侧一顿一顿移动。（二）右手直立，手背向外，边向左侧转腕边伸出拇指。|https://d.bmcx.com/shouyu/_file/6/74160ff2c9a24e33.png
1599	撩	事物的动作	撩 右手掌心向下，置于头前左侧，然后转腕移动，掌心向上方，模仿撩门帘动作。|https://d.bmcx.com/shouyu/_file/f/933751dae3146514.png
1600	醉	事物的动作	一手打手指字母“J”的指式，放于前额并转动几下，如喝醉了酒状。|https://d.bmcx.com/shouyu/_file/d/59b3509c2a738369.png
1601	捞取	事物的动作	（一）一手五指张开、微曲，掌心向上，然后向一侧快速移动。（二）一手向下微抓，如拿物状，然后向上提起。|https://d.bmcx.com/shouyu/_file/9/69294bf4cb102dab.png
1602	停	事物的动作	停 左手伸掌，掌心向下，右手指尖顶住左掌心，模仿裁判叫暂停的手势。|https://d.bmcx.com/shouyu/_file/4/489c056b3fae5bf3.png
1603	停止	事物的动作	停止 左手伸掌，掌心向下，右手指尖顶住左掌心，模仿裁判叫暂停的手势。|https://d.bmcx.com/shouyu/_file/7/5568e04a5b3d2d0e.png
1604	漏	事物的动作	漏 左手掌心向下，五指分开；右手食指朝下，在左手食、中、无名指指缝间各插一下。|https://d.bmcx.com/shouyu/_file/a/e0bdc0293ede92c0.png
1605	用	事物的动作	一手向前伸出小臂，五指先张开，然后从前向后微移，并收拢五指，表示从外界得到所需物品。以此引申为“用”“使用”之意。|https://d.bmcx.com/shouyu/_file/9/296fa8091cfc79a6.png
1606	痛	事物的动作	一手拇、食、中指作半圆形，抵于前额，模仿头痛状。|https://d.bmcx.com/shouyu/_file/6/c11696cbbde1c83b.png
1607	论述	事物的动作	（一）一手打手指字母“L”的指式，并在嘴前转动两下。（二）一手食指横于嘴前转动几下。|https://d.bmcx.com/shouyu/_file/c/0c75216083df1233.png
1608	阐述	事物的动作	（一）一手打手指字母“L”的指式，并在嘴前转动两下。（二）一手食指横于嘴前转动几下。|https://d.bmcx.com/shouyu/_file/c/c13311c99b88289a.png
1609	抱	事物的动作	双手五指伸开，指尖相对，同时向前上方抱一下，模拟搂人状。|https://d.bmcx.com/shouyu/_file/1/3bb4e061a5effead.png
1610	搂	事物的动作	双手五指伸开，指尖相对，同时向前上方抱一下，模拟搂人状。|https://d.bmcx.com/shouyu/_file/8/c5ceb522824ee547.png
1611	拣	事物的动作	一手拇、食指相对，指尖向前，边移动边开合，反复几次，模拟拣东西动作。|https://d.bmcx.com/shouyu/_file/1/f9d84139190a751f.png
1612	捻	事物的动作	一手拇、食、中指并拢，捻动几下。|https://d.bmcx.com/shouyu/_file/4/7a555e590e079221.png
1613	捋	事物的动作	（一）一手虚握置于另一手袖口处，然后用力向上一划，模仿捋袖子动作。（二）左手弯曲，掌心向上；右手贴于左掌心向外一抹，左手随之平伸，表示把皱物捋平。|https://d.bmcx.com/shouyu/_file/f/da90eee7e6d7908a.png
1614	列席	事物的动作	（一）同“旁边”手势（一手伸食指在另一侧手臂处向外指几下。）（二）双手拇、小指伸出，齐肩宽，同时一顿一顿由前向后移动，表示坐在旁边的座位。|https://d.bmcx.com/shouyu/_file/5/76feab2aa2f1050e.png
1615	搓	事物的动作	双手伸开，掌心互贴相搓。|https://d.bmcx.com/shouyu/_file/8/18ebabf10c804f21.png
1616	骂	事物的动作	一手拇、食、中指指尖朝前置于嘴前，然后向前移动，同时显示口型，并注意表情。|https://d.bmcx.com/shouyu/_file/f/9d3125779fee9b78.png
1617	迈	事物的动作	一手伸开食、中指，指尖朝下，然后食指移到中指前边。|https://d.bmcx.com/shouyu/_file/c/a6f583aaef5623e5.png
1618	描述	事物的动作	一）右手如握笔杆，在左手掌上作写字动作。（二）一手食指横于嘴前转动几下。|https://d.bmcx.com/shouyu/_file/c/667d106fa61015a5.png
1619	陈述	事物的动作	一）右手如握笔杆，在左手掌上作写字动作。（二）一手食指横于嘴前转动几下。|https://d.bmcx.com/shouyu/_file/1/d87f6e315bcb6c18.png
1620	命令	事物的动作	一手食、中指并头绪，向下一挥，表示“命令”。|https://d.bmcx.com/shouyu/_file/e/6cb32b6dd2fc261d.png
1621	命名	事物的动作	（一）同“命令”手势（一手食、中指并头绪，向下一挥，表示“命令”。）（二）一手食指沿另一手中、无名、小指指尖向下划动。|https://d.bmcx.com/shouyu/_file/8/26f024ea9b77f585.png
1622	默哀	事物的动作	一手拇、小指伸出，手背向下，置于胸前，同时表情严肃地低下头。|https://d.bmcx.com/shouyu/_file/6/b03a503c76db2fce.png
1623	纳入	事物的动作	纳入 左手平伸，掌心向上，置于胸部；右手作拿的动作，然后放于左掌收上。|https://d.bmcx.com/shouyu/_file/f/ee23f008a3901043.png
1624	列入	事物的动作	列入 左手平伸，掌心向上，置于胸部；右手作拿的动作，然后放于左掌收上。|https://d.bmcx.com/shouyu/_file/e/7abbe6479efa8134.png
1625	捏	事物的动作	一手拇、食、中指，指尖朝下先张开，然后拢在一起。|https://d.bmcx.com/shouyu/_file/3/8fbda2389279901f.png
1626	凝视	事物的动作	一手伸食、中指置于眼前，眼睛看手指的方向，并停留片刻，模仿“凝视”的神态。|https://d.bmcx.com/shouyu/_file/e/9e15c04aa38e17fe.png
1627	凝聚	事物的动作	（一）双手五指张开，弯曲，指尖相对，由两侧向中间缓缓靠拢，一手将另一手紧紧包住。（二）双手五指微曲，掌收相对，从两边向中间合拢。|https://d.bmcx.com/shouyu/_file/2/3d5694eb0b2479b1.png
1628	徘徊	事物的动作	一手拇、小指伸出，拇指朝上，左右慢慢移动几下。|https://d.bmcx.com/shouyu/_file/8/0f42d5705bce4b5c.png
1629	攀登	事物的动作	（一）双手五指张开，一上一下交替作向上攀的动作。（二）左手手背向上，斜向一侧下方；右手食、中指沿左手背作向上行的动作。|https://d.bmcx.com/shouyu/_file/3/b448c8454de9bca6.png
1630	攀比	事物的动作	（一）同“攀登”手势（双手五指张开，一上一下交替作向上攀的动作。）（二）双手伸出拇指，在胸前上下交替动几下。|https://d.bmcx.com/shouyu/_file/e/02b31c30fa15c0e0.png
1631	抛	事物的动作	一手虚握，在胸前由下向上作抛物状，同时张开五指。|https://d.bmcx.com/shouyu/_file/9/600d53f2ac72f9dc.png
1632	刨	事物的动作	刨 左手虚握，在下；右手五指并拢折成“「”形，在上，然后双手同时向下挥动，模仿用锄头刨土状。|https://d.bmcx.com/shouyu/_file/b/b4c1457d29d09078.png
1633	佩带	事物的动作	（一）右手拇、食指相距约2厘米，从左肩向右下方划至腰间。（二）双手拇、食指相距约2厘米，置于腹部向两边拉开。|https://d.bmcx.com/shouyu/_file/1/30d6c72b4591325f.png
1634	喷	事物的动作	喷 左手虚握成半圆形，掌心向上；右手五指相捏，手腕部置于左手虎口处，然后猛然放开。|https://d.bmcx.com/shouyu/_file/3/4b7d642ca5cfd83a.png
1635	捧	事物的动作	双手靠拢，掌心向上，置于胸前，模仿捧东西动作。|https://d.bmcx.com/shouyu/_file/2/474ea18a26a12d34.png
1636	飘	事物的动作	一手侧伸，左右摆动几下，如旗帜飘扬状。|https://d.bmcx.com/shouyu/_file/a/a6440c7394cf3f0e.png
1637	飘扬	事物的动作	一手侧伸，左右摆动几下，如旗帜飘扬状。|https://d.bmcx.com/shouyu/_file/f/0fdc1f4413b6f6dd.png
1638	撇	事物的动作	一手五指虚捏，掌心向上，用力向外一挥，并放开五指。|https://d.bmcx.com/shouyu/_file/f/b64515f08bc2cecf.png
1639	拼凑	事物的动作	（一）双手平伸，一横一竖，将碰几下。（二）双手虚握，虎口相碰。|https://d.bmcx.com/shouyu/_file/b/729be619b881aee4.png
1640	评议	事物的动作	（一）双手平伸，掌心向上，上下交替动几下。（二）双手食指指尖相对，在嘴前转动几下。|https://d.bmcx.com/shouyu/_file/7/d31cd6e92e54d151.png
1641	泼水	事物的动作	（一）双手拇、食指搭成大圆形，然后作泼水动作。（二）一手平伸，掌心向下，向一侧作波纹状移动。|https://d.bmcx.com/shouyu/_file/2/cef8c24929c68300.png
1642	扑	事物的动作	双手伸开，掌心向外，然后双手手臂前伸，掌心向下，模拟扑的动作。|https://d.bmcx.com/shouyu/_file/c/36db42ffd10d2a6f.png
1643	匍匐	事物的动作	匍匐 两前臂一前一后置于胸前，然后交替向前移动，头向前倾，模仿匍匐的动作。|https://d.bmcx.com/shouyu/_file/e/a091cc1127231e30.png
1644	掐	事物的动作	掐 右手拇、食指指尖相对，在左臂上作掐的动作。|https://d.bmcx.com/shouyu/_file/2/8398c219fa85b062.png
1645	呛	事物的动作	一手打手指字母“Q”的指式，先置于鼻前，然后指尖朝外划动，同时头前倾，张口作咳嗽状。|https://d.bmcx.com/shouyu/_file/8/22e0b1ff21b29730.png
1646	强调	事物的动作	（一）双手握拳放于胸部，同时向下一顿。（二）一手食指从嘴前向外挥出。|https://d.bmcx.com/shouyu/_file/4/e83ba630efe91f89.png
1647	撬	事物的动作	撬 左手平伸，掌心向下；右手食指插在左掌心下，然后向上作撬的动作。|https://d.bmcx.com/shouyu/_file/c/a06051fe45733537.png
1648	敲	事物的动作	一手食指弯曲，向下敲动两下。|https://d.bmcx.com/shouyu/_file/e/d51d102cfc195ad8.png
1649	蜷曲	事物的动作	蜷曲 左手横伸，置于胸前；右手拇、小指伸直，手背先贴于左手掌心然后，然后收拢拇、小指。|https://d.bmcx.com/shouyu/_file/3/0c717e3cf46a8fc5.png
1650	惹	事物的动作	惹 左手伸出拇、小指，直立胸前；右手伸小指，朝左手拇指点一下，然后迅速收回。|https://d.bmcx.com/shouyu/_file/4/fe0787ff65836978.png
1651	任命	事物的动作	（一）一手拍打另一肩部。（二）同“命令”手势（一手食、中指并头绪，向下一挥，表示“命令”。）|https://d.bmcx.com/shouyu/_file/5/217f3b67afd3758f.png
1652	揉	事物的动作	一手按在另一手小臂上，回来揉动。|https://d.bmcx.com/shouyu/_file/1/5135eae39063ab58.png
1653	蠕动	事物的动作	（一）一手食指在另一手提缝间上下钻行蠕动，模仿蚯吲在土中活动情况。（二）双手握拳，在胸前交替转动几下。|https://d.bmcx.com/shouyu/_file/3/f45ad0dfa01adbd8.png
1654	撒	事物的动作	撒 左手五指微曲，掌收朝上。右手五指朝下，先在左手掌心上作撮合动作，然后在身边由后向前作撒物状。|https://d.bmcx.com/shouyu/_file/f/076b9dbe3c14a336.png
1655	洒	事物的动作	一手五指虚握成半圆形，虎口向上。另一手指尖向下插入半圆内，然后赂外撩动几下，如洒水状。|https://d.bmcx.com/shouyu/_file/9/41a0006217e2e1d9.png
1656	散步	事物的动作	一手伸食、中指，指尖朝下，缓慢交替前后来回移动，如散步的样子。|https://d.bmcx.com/shouyu/_file/1/48696da212017d53.png
1657	杀	事物的动作	杀 左手伸出拇指。右手五指并拢，掌心向上，在左手拇指处砍一下。|https://d.bmcx.com/shouyu/_file/3/005016c4e19d7e82.png
1658	删改	事物的动作	一）左手横伸，掌心向上；右手食指在左掌心上斜划一下，接着边绕小圈边向外移动。（二）一手食、中指伸直叉开，转一圈。|https://d.bmcx.com/shouyu/_file/c/a420f1c044700b31.png
1659	商量	事物的动作	（一）双手伸食指，指尖相对，在嘴前转动几下。（二）一手食、中指并拢，在另一手掌心转动。|https://d.bmcx.com/shouyu/_file/c/378e8cd4b8906e4e.png
1660	商议	事物的动作	（一）双手伸食指，指尖相对，在嘴前转动几下。（二）一手食、中指并拢，在另一手掌心转动。|https://d.bmcx.com/shouyu/_file/d/714114574235634c.png
1661	商讨	事物的动作	（一）双手伸食指，指尖相对，在嘴前转动几下。（二）一手食、中指并拢，在另一手掌心转动。|https://d.bmcx.com/shouyu/_file/0/80b34901474c59d7.png
1662	摄像	事物的动作	摄像 左手五指弯曲成“∩”形置于右肩上，右手食指微曲，其余手指握拳，置于右眼前；左眼微闭，头和上身由一侧向另一侧缓慢转动，如持摄像机录像状。|https://d.bmcx.com/shouyu/_file/8/a2cef15d6a87843a.png
1663	呻吟	事物的动作	呻吟 左手拇、食、中指抵于额头，脸露痛苦不安的表情；右手食指自嘴边反复向外伸出几下。|https://d.bmcx.com/shouyu/_file/e/9bbd6516d5989184.png
1664	识别	事物的动作	（一）一手伸食、中指，指尖朝前，上下动几下，表示打量的意思。（二）左手平伸，指尖朝上；右手伸掌插入左手中、无名指指缝，并向两边作分开的动作。|https://d.bmcx.com/shouyu/_file/e/44f8a3212017d920.png
1665	辨别	事物的动作	（一）一手伸食、中指，指尖朝前，上下动几下，表示打量的意思。（二）左手平伸，指尖朝上；右手伸掌插入左手中、无名指指缝，并向两边作分开的动作。|https://d.bmcx.com/shouyu/_file/a/71df9ff14083e4ec.png
1666	使劲	事物的动作	一手握拳举过肩头，手臂用力向里弯动两下。|https://d.bmcx.com/shouyu/_file/a/d067c969cf3496bd.png
1667	示范	事物的动作	一）左手直立，掌心向前；右手伸食、中指，指尖对着左手点几下，似出示物品让人看。（二）左手伸拇指在前；右手五指虚握，指尖对着左手，然后边向后移边捏合五指。|https://d.bmcx.com/shouyu/_file/3/5df858c3a2075c93.png
1668	摔	事物的动作	一手虚握拳，由上向下用力一甩，并放开五指，模仿摔东西的动作。|https://d.bmcx.com/shouyu/_file/5/7260e855cf37c6f2.png
1669	甩	事物的动作	一手伸出，向身体侧下方一甩。|https://d.bmcx.com/shouyu/_file/d/dc2f7bbb4ab0d804.png
1670	拴	事物的动作	一手拇、食指相捏，在另一手食指上绕两下，再一拉，如同打结状。|https://d.bmcx.com/shouyu/_file/f/43930bee5f58d33b.png
1671	涮	事物的动作	一手打手指字母“SH”的指式，指尖朝下，左右摆动几下。|https://d.bmcx.com/shouyu/_file/8/85471ea41831462d.png
1672	撕	事物的动作	双手拇、食指相捏，其他手指握拳，作撕东西动作。|https://d.bmcx.com/shouyu/_file/c/653db8e8cdf1e19e.png
1673	弹	事物的动作	弹 左手平伸，手背向上；右手拇、食指先相捏，指尖朝下，然后在左手背上作弹的动作。|https://d.bmcx.com/shouyu/_file/b/565b4ab46d39e6e1.png
1674	掏	事物的动作	一手五指并拢做从口袋拿东西的动作。|https://d.bmcx.com/shouyu/_file/1/b5345e97972a7e43.png
1675	逃跑	事物的动作	（一）左手平伸，掌心向下；右手伸出拇、小指，手背向上，从左手掌心下迅速穿过。（二）两手握拳放于腰两侧，并前后摆动。|https://d.bmcx.com/shouyu/_file/f/6500eca4a271ae40.png
1676	提倡	事物的动作	（一）一手拇、食、中指相捏，从下向上一提。（二）同“倡导”手势（左手伸拇指；右手五指撮合置于左手旁，然后边向外作弧形移动边放开五指。）|https://d.bmcx.com/shouyu/_file/5/92eefe16e0f5e44d.png
1677	提供	事物的动作	（一）同“倡导”手势（左手伸拇指；右手五指撮合置于左手旁，然后边向外作弧形移动边放开五指。）（二）双手掌心向上，从腰部向外伸出，先互相靠拢，再向两旁分开，表示把东西供给别人。|https://d.bmcx.com/shouyu/_file/e/9d478bb951c07338.png
1678	提醒	事物的动作	（一）同“倡导”手势（左手伸拇指；右手五指撮合置于左手旁，然后边向外作弧形移动边放开五指。）（二）一手食指指尖抵于太阳穴处，同时头微微抬起。|https://d.bmcx.com/shouyu/_file/8/d4419d4819a8d10e.png
1679	提议	事物的动作	（一）同“倡导”手势（左手伸拇指；右手五指撮合置于左手旁，然后边向外作弧形移动边放开五指。）（二）一手食指横伸，从口边向前上方划动。|https://d.bmcx.com/shouyu/_file/1/ab0d5dd3ab5c2fc6.png
1680	探测	事物的动作	探测 左手五指弯曲，掌心向里，扣在左耳上；右手食、中指伸出，指尖朝下，在胸前不同位置点动几下。|https://d.bmcx.com/shouyu/_file/e/9a7f819ad0e452ed.png
1681	探索	事物的动作	（一）一手伸食、中指，在眼前左右移动。（二）一手食、中指并拢，在另一手掌心上转动。|https://d.bmcx.com/shouyu/_file/7/f7e1876783ab72b3.png
1682	舔	事物的动作	舔 右手直伸，掌心向内，置于嘴前。舌头伸出少许，模仿舔的动作|https://d.bmcx.com/shouyu/_file/9/fe37b65b2746ff4b.png
1683	挑剔	事物的动作	（一）左手直立，五指张开，掌心向内；右手拇、食指捏一下左手食指，然后向上一提。（二）左手动作不变；右手伸小指，朝左手各手指点几下。|https://d.bmcx.com/shouyu/_file/8/982d7b1ef430c772.png
1684	挑选	事物的动作	挑选 左手五指张开伸直；右手拇、食指相捏，在左手食、中指间做挑选的动作。|https://d.bmcx.com/shouyu/_file/1/63b41dd2c37adcde.png
1685	同意	事物的动作	（一）双手食指平伸，指尖相对，由两侧向中间交叉移动。（二）一手食指从口边向前上方提起。|https://d.bmcx.com/shouyu/_file/7/95e9fe2b1ec7a140.png
1686	投入	事物的动作	投入 左手拇、食指呈半圆形，虎口向上；右手五指相捏，指尖朝下，从上而下，向左手半圆作投物状。|https://d.bmcx.com/shouyu/_file/3/8e94b0b3c4f42768.png
1687	透露	事物的动作	透露 左手伸掌遮住嘴，头稍偏向一侧；右手食指从左手中、无名指指缝中伸出。|https://d.bmcx.com/shouyu/_file/9/afd4a3e38e2de817.png
1688	吐	事物的动作	一手食指微曲，从口边向下指。|https://d.bmcx.com/shouyu/_file/c/e0bf163591312942.png
1689	托	事物的动作	一手掌心向上，五指并拢，置于同侧肩膀上方，仿托物动作（可根据具体情况模仿托的动作）。|https://d.bmcx.com/shouyu/_file/1/2cf641fc5dca7ee6.png
1690	驮	事物的动作	驮 左手伸拳；右手食、中指叉开置于左手腕部。|https://d.bmcx.com/shouyu/_file/1/b82ff12027abe261.png
1691	挽	事物的动作	一手屈肘作挽臂状。|https://d.bmcx.com/shouyu/_file/8/83b6f6e221ebed30.png
1692	挎	事物的动作	一手屈肘作挽臂状。|https://d.bmcx.com/shouyu/_file/d/4a9253998834ae28.png
1693	搀	事物的动作	一手屈肘作挽臂状。|https://d.bmcx.com/shouyu/_file/0/82a15ea55ec7bb24.png
1694	眺望	事物的动作	一手伸食、中指置于眼前，头略抬起，眼睛同手指朝一个方向向远处眺望。|https://d.bmcx.com/shouyu/_file/d/d8bc57f328a4071c.png
1695	望	事物的动作	一手伸食、中指置于眼前，头略抬起，眼睛同手指朝一个方向向远处眺望。|https://d.bmcx.com/shouyu/_file/9/fadb30a9741ee373.png
1696	喂	事物的动作	喂 左手伸出拇、小指，拇指朝上；右手五指相捏，往左手拇指处做喂东西状。|https://d.bmcx.com/shouyu/_file/b/2a9b3e484cff4f1b.png
1697	围绕	事物的动作	围绕 左手伸出拇、小指，直立不动；右手五指张开、微曲，围着左手绕一圈。|https://d.bmcx.com/shouyu/_file/6/a71118bc62a744ec.png
1698	吻	事物的动作	双手五指撮合，左手在外，右手在里，右手指尖先朝向嘴部，然后右手转动180，与左手指尖相碰。|https://d.bmcx.com/shouyu/_file/2/56ec3d2cadd18a8f.png
1699	刎	事物的动作	刎 右手平伸，掌心向下，置于脖颈处，自左向右一划。|https://d.bmcx.com/shouyu/_file/8/a019e0cd7b8888f8.png
1700	下垂	事物的动作	一手食指立于另一手横伸的食指上，并同时慢慢下移。|https://d.bmcx.com/shouyu/_file/a/a202274669d07dd9.png
1701	削	事物的动作	双手伸出食指，一手在另一手食指尖处作削东西状。|https://d.bmcx.com/shouyu/_file/5/483d2168fabc357b.png
1702	镶嵌	事物的动作	镶嵌 左手虚握成半圆形，右手五指撮合卡在半圆形的空隙处，然后向里一动，指尖抵在左掌心上。|https://d.bmcx.com/shouyu/_file/1/177a2fa3bacf4349.png
1703	欣赏	事物的动作	欣赏 左手打手指字母“X”的指式，置于眼前并微转；眼睛注视右手的动作，同时面带微笑，模仿欣赏的神态。|https://d.bmcx.com/shouyu/_file/9/515c68aae7c63b8b.png
1704	许愿	事物的动作	许愿 左手手背向上横伸置于胸前；右手食指先直立于嘴部，然后边向前移动边伸出中、无名、小指，右手手腕与左手食指相碰。（此为美国手语）|https://d.bmcx.com/shouyu/_file/4/a7e1c69821b74461.png
1705	宣布	事物的动作	（一）双手五指弯曲成半圆形，虎口贴于嘴边，再向左右外伸，反复几次。（二）手指字母“B”的指式。|https://d.bmcx.com/shouyu/_file/7/11c1abc6e3df2edb.png
1706	寻找	事物的动作	一手食、中指伸出，在面前转动，由一侧移向另一侧，目光随之移动。|https://d.bmcx.com/shouyu/_file/e/006aa6c7dba9675b.png
1707	压	事物的动作	压 左手食拇指；右手平伸，掌心向下，用力将左手拇指往下按。|https://d.bmcx.com/shouyu/_file/b/097334a04387c8dc.png
1708	腌	事物的动作	（一）一手打手指字母“X”的指式，放在嘴前上下微动。（二）一手放在另一手背上，往下按一下。|https://d.bmcx.com/shouyu/_file/2/d3cb578cfa189280.png
1709	沿着	事物的动作	沿着 左手伸食指，指尖朝前不动；右手伸食顺着左手食指慢慢向前移动。|https://d.bmcx.com/shouyu/_file/d/c5aa817a3e416eed.png
1710	掩盖	事物的动作	（一）双手伸开，掌心向上，同时由两侧向中间移动，并翻掌。（二）左手握成半圆形，虎口向上；右手手掌伸开，自上而下覆盖在左手虎口上。|https://d.bmcx.com/shouyu/_file/6/178bb16609c0f8e9.png
1711	仰望	事物的动作	仰望 状仰起，一手食、中指指尖朝前，置于眼前，向斜上方伸出。|https://d.bmcx.com/shouyu/_file/d/dac23f66cbda979c.png
1712	移	事物的动作	一手五指并拢，指尖朝下，从一侧向另一侧移动。|https://d.bmcx.com/shouyu/_file/7/f13b0c223d0fcd7d.png
1713	引导	事物的动作	（一）一手食指弯曲，指尖朝上，由外向里拉动。（二）左手伸拇指；右手伸出食指在左手拇指后边左右微动几下。|https://d.bmcx.com/shouyu/_file/0/9b25a929d70c669a.png
1714	预测	事物的动作	（一）一手食指轻打一下另一手拇指。（二）左手直立，手指张开，手背向外；右手食指在左手食、中指指缝中点两下，脸露思考状。|https://d.bmcx.com/shouyu/_file/c/7c4f7e0f21460212.png
1715	砸	事物的动作	一手握拳，用力向砸另一手背。|https://d.bmcx.com/shouyu/_file/3/bfc9e584464686d9.png
1716	遭受	事物的动作	双手平伸，掌心向上，边向胸前移动边收拢拇、食、中、无名指，表示得到不好的东西。|https://d.bmcx.com/shouyu/_file/e/dab07450ba06b273.png
1717	摘	事物的动作	一手拇、食指相捏，其余三指握拳，在头的一侧上方往下揪一下（可视所摘物体不同模仿摘的动作）。|https://d.bmcx.com/shouyu/_file/e/4c44739f03ad14c1.png
1718	瞻仰	事物的动作	（一）左手上举置于额角，模仿敬礼的动作 。（二）一手伸食、中指，从眼部向前微伸一下。|https://d.bmcx.com/shouyu/_file/2/011fb2a015b0b0ad.png
1719	蘸	事物的动作	一手拇、食指捏成小圆，另一手食指在小圆中点一下。|https://d.bmcx.com/shouyu/_file/0/d1e1169c0ee8e7f7.png
1720	责备	事物的动作	一手伸出食指，向前点几下，脸露责备状。|https://d.bmcx.com/shouyu/_file/3/6b4ec0043a587604.png
1721	折叠	事物的动作	双手五指互相夹位，形成“∧”形，然后合并，反复几次。|https://d.bmcx.com/shouyu/_file/3/30a802c86e4c26da.png
1722	证明	事物的动作	（一）双手平伸，掌心向上，从两侧向中间碰一下。（二）一手掌心从另一手掌心上擦过，并伸出拇指。|https://d.bmcx.com/shouyu/_file/b/d8029a1ccb68d4ba.png
1723	证实	事物的动作	（一）双手平伸，掌心向上，从两侧向中间碰一下。（二）一手掌心从另一手掌心上擦过，并伸出拇指。|https://d.bmcx.com/shouyu/_file/4/45760fde2648ef08.png
1724	征求	事物的动作	（一）一手伸平，掌微侧，在胸前转一圈，表示征集之意。（二）双手抱拳，微动两下。|https://d.bmcx.com/shouyu/_file/d/6fedcbbed428bd3b.png
1725	支援	事物的动作	（一）左手食指直立；右手五指并拢，指尖抵于左手食指根部，并向前一推。（二）双手掌心向外，拍动两下。|https://d.bmcx.com/shouyu/_file/7/ce4fd30063c435cb.png
1726	阻拦	事物的动作	（一）一手向前一推。（二）同“挡”的手势（左手侧伸，指尖朝前；右手在左手前由上而下一切。）|https://d.bmcx.com/shouyu/_file/1/9361100b79b3ac96.png
1727	瞩目	事物的动作	双手掌心向下，手指张开，从两侧边向中间相交，边缩回拇、无名、小指，表示很多人从不同的方向注视着同一事物。|https://d.bmcx.com/shouyu/_file/b/75e2dcfb97a7619f.png
1728	拽	事物的动作	双手握拳，置于胸前，往怀里猛一拽（可视具体情况模仿拽的动作）。|https://d.bmcx.com/shouyu/_file/2/870af7d18ade7c4b.png
1729	装卸	事物的动作	（一）双手指尖相对，掌心向上，五指微曲，由下向斜上方移动，如装物品状。（二）双手姿势不变，由一侧肩的上方向斜下方移动，如卸物品状。|https://d.bmcx.com/shouyu/_file/2/3c4eecc453274b6a.png
1730	撞	事物的动作	撞 左手握拳不动；右手侧伸，手背向外，做向左拳撞击的动作。|https://d.bmcx.com/shouyu/_file/4/ac6d6da1f873e66f.png
1731	冲撞	事物的动作	冲撞 左手握拳不动；右手侧伸，手背向外，做向左拳撞击的动作。|https://d.bmcx.com/shouyu/_file/2/ccf909adeb82c3bd.png
1732	讲	事物的动作	一手食指横于嘴前转动几下，表示说话。|https://d.bmcx.com/shouyu/_file/7/9c19c13e0cb786e9.png
1733	喝水	事物的动作	一手五指虚握，如拿杯子状，然后放在嘴边作喝水状。|https://d.bmcx.com/shouyu/_file/a/f9beb6059d5e8e4e.png
1734	喝茶	事物的动作	一手五指虚握，如拿杯子状，然后放在嘴边作喝水状。|https://d.bmcx.com/shouyu/_file/a/f9beb6059d5e8e4e.png
1735	歌唱	事物的动作	一手食指指尖抵在喉部，嘴微张，头向两侧微摆，模仿唱歌状。|https://d.bmcx.com/shouyu/_file/1/c96801adbc95a12b.png
1736	唱歌	事物的动作	一手食指指尖抵在喉部，嘴微张，头向两侧微摆，模仿唱歌状。|https://d.bmcx.com/shouyu/_file/3/1b4113e79c7dfc58.png
1737	唱	事物的动作	一手食指指尖抵在喉部，嘴微张，头向两侧微摆，模仿唱歌状。|https://d.bmcx.com/shouyu/_file/c/5203fe743c579244.png
1738	打开	事物的动作	双手并排，掌心向外，然后向内翻掌并拉开，掌心向内。|https://d.bmcx.com/shouyu/_file/d/04ac209d7a0f2727.png
1739	加油	事物的动作	一手握拳屈肘，向内弯动一下。同努力的手势（二），此手势供参考。|https://d.bmcx.com/shouyu/_file/8/3ca5c95279ea9054.png
1740	到达	事物的动作	一手拇、小指伸直，向前移动，然后一顿，表示“到达”之意。|https://d.bmcx.com/shouyu/_file/5/17a2fe7fc20ef7b0.png
1741	抵达	事物的动作	一手拇、小指伸直，向前移动，然后一顿，表示“到达”之意。|https://d.bmcx.com/shouyu/_file/5/17a2fe7fc20ef7b0.png
1200	繁杂	事物的特性	（一）一手侧立，五指伸开，微曲，微微抖动几下。（二）双手五指撮合，指尖相对，交替转动几下。|https://d.bmcx.com/shouyu/_file/0/e9dfe4bf2f776e3c.png
1201	烦杂	事物的特性	（一）一手侧立，五指伸开，微曲，微微抖动几下。（二）双手五指撮合，指尖相对，交替转动几下。|https://d.bmcx.com/shouyu/_file/3/0bff57c636aa5ca6.png
1202	方便	事物的特性	（一）手指字母“F”的指式。（二）一手拇、食指相捏，上下动几下。|https://d.bmcx.com/shouyu/_file/2/86479144e9763076.png
1203	防止	事物的特性	（一）双手直立，掌心向外，指尖朝上由胸前向外推出。（二）一手侧伸，在另一掌心上切一下。|https://d.bmcx.com/shouyu/_file/8/df6e8900be08e012.png
1204	肥沃	事物的特性	一）双手五指微曲，手背向上，往上微动。（二）一手打手指字母“W”、“O”的指式。|https://d.bmcx.com/shouyu/_file/7/c6fced83a6ed87d0.png
1205	分明	事物的特性	（一）左手掌心向上不动；右手侧立在左掌心上，左右微动几下。（二）一手掌心从另一手掌心上擦过，并伸出拇指。|https://d.bmcx.com/shouyu/_file/5/cd8407a65672af47.png
1206	腐烂	事物的特性	（一）一手在鼻孔前扇动几下。（二）一手拇指与四指相对，手背向上，缓慢捻动两下。|https://d.bmcx.com/shouyu/_file/3/9c63b97cdc7e8614.png
1207	光滑	事物的特性	（一）一手五指并拢，掌心向内，用手腕抖动一下。（二）左手斜伸，掌心向下不动；右手掌贴在左手背上向下滑动。|https://d.bmcx.com/shouyu/_file/f/071b3d3dd01aa98c.png
1208	洪亮	事物的特性	一手伸食指指耳部，然后掌心向外，放开五指，表示声音很亮。|https://d.bmcx.com/shouyu/_file/8/252a831e908af0d8.png
1209	响亮	事物的特性	一手伸食指指耳部，然后掌心向外，放开五指，表示声音很亮。|https://d.bmcx.com/shouyu/_file/d/962b3ee861447ad1.png
1210	滑稽	事物的特性	一手五指撮合置于鼻头处，并微转动两下，模仿滑稽演员的红鼻头|https://d.bmcx.com/shouyu/_file/b/89cc629bbd10569f.png
1211	灰	事物的特性	一手指手指字母“H”的指式，沿胸的一侧划下。|https://d.bmcx.com/shouyu/_file/2/7ecb06643957f9da.png
1212	混	事物的特性	混 左手平伸，掌心向下，五指作波纹状点动；右手伸小指，在左手背上转几圈。|https://d.bmcx.com/shouyu/_file/9/ca695bc241cde420.png
1213	浑浊	事物的特性	浑浊 左手平伸，掌心向下，五指作波纹状点动；右手伸小指，在左手背上转几圈。|https://d.bmcx.com/shouyu/_file/b/3dc9cd372460c578.png
1214	寂静	事物的特性	（一）手指字母“J”的指示。（二）双手五指先向上张开，掌心向内，然后向下缓缓收拢，表示喧闹之声逐渐寂静下来。|https://d.bmcx.com/shouyu/_file/b/4c3d864d864ee008.png
1215	吉祥	事物的特性	（一）一手伸食指指眉间，面带笑容。（二）一手伸出拇指。|https://d.bmcx.com/shouyu/_file/2/678bf9b7a7a6eee0.png
1216	柔和	事物的特性	（一）右手拇食指捏住左手食指，轻轻扳动几下，左手食指随之弯曲，显示柔软。（二）手指字母“H”的指式。|https://d.bmcx.com/shouyu/_file/4/03aa370d52fc82be.png
1217	臊	事物的特性	一手打手指字母“S”的指式，置于鼻前划一下。|https://d.bmcx.com/shouyu/_file/1/821bf74ce8ba578a.png
1218	舒服	事物的特性	一手打手指字母“SH”的指式，贴于胸部轻轻转动一圈，同时面露轻松愉快的表情。|https://d.bmcx.com/shouyu/_file/1/28d1b01cf3675bd1.png
1219	爽快	事物的特性	（一）双手拇、食指在胸前搭成“?”形，再向两侧拉开。（二）一手拇、食指相捏，很快地从一侧向另一侧作快速挥动。|https://d.bmcx.com/shouyu/_file/3/0439da2fe38f782d.png
1220	透明	事物的特性	（一）左手侧伸，掌心向里；右手食指从左手指缝间插入，同时眼睛要看右手动的方向。（二）一手五指撮合向上作弧形移动，同时张开五指。|https://d.bmcx.com/shouyu/_file/1/fdf9a6425d5efe22.png
1221	凸	事物的特性	双手十指搭成“[]”，然后，上面的四指向上作凸起动作，手成“?”形。|https://d.bmcx.com/shouyu/_file/e/384edb91150e9d2a.png
1222	弯	事物的特性	弯 两手握拳置于胸前由中间向两旁作弧形动作。|https://d.bmcx.com/shouyu/_file/8/c9b35cf1871dfd3e.png
1223	完美	事物的特性	（一）一手打手指字母“W”的指式，上下绕一圈，然后伸出拇指，表示齐全。（二）一手食、中指先置于鼻部，然后下移并缩回食、中指，伸出拇指。|https://d.bmcx.com/shouyu/_file/e/c967b060d6fba26a.png
1224	完善	事物的特性	（一）一手打手指字母“W”的指式，上下绕一圈，然后伸出拇指，表示齐全。（二）一手食、中指先置于鼻部，然后下移并缩回食、中指，伸出拇指。|https://d.bmcx.com/shouyu/_file/f/9f5a30eed91343fa.png
1225	凶恶	事物的特性	（一）左手拇、食指成“凵”形；右手食、中指相叠置于“凵”中，组成“凶”字形。（二）一手五指虚握，掌心向内，在脸前向外一顿，同时露出凶恶的表情。|https://d.bmcx.com/shouyu/_file/d/5d4883787e7866d2.png
1226	醒	事物的特性	醒 头侧向一边，眼先闭上，双手拇、食指相捏置于眼角处，然后两指和眼睛同时张开，头抬正。|https://d.bmcx.com/shouyu/_file/3/281f68e697a58121.png
1227	颜色	事物的特性	一手四指紧贴嘴唇，指尖轻动几下。|https://d.bmcx.com/shouyu/_file/b/f8b0395e983183b0.png
1228	彩色	事物的特性	一手四指紧贴嘴唇，指尖轻动几下。|https://d.bmcx.com/shouyu/_file/9/0abab37c034b472b.png
1229	阴暗	事物的特性	（一）一手伸出小指，指尖朝上，在前上方转一圈。（二）一手五指张开，向对侧作弧形移动，五指同时收拢。|https://d.bmcx.com/shouyu/_file/7/827ce6ee3a187bd5.png
1230	英俊	事物的特性	（一）一手捂住胸部，同时挺胸抬头。（二）一手伸食指，指尖绕胸部划一圈，然后伸出大拇指。|https://d.bmcx.com/shouyu/_file/2/7c2bfb371e41b1b3.png
1231	悠久	事物的特性	（一）右手打手指字母“Y”的指式，在胸前从左向右移一下。（二）同“耐久”手势（右手拇、食指伸出，拇指指尖抵于左掌心，食指向下转动后，再向右拉开。|https://d.bmcx.com/shouyu/_file/3/80fe08718b62e113.png
1232	悠扬	事物的特性	（一）同“悠久”手势（右手打手指字母“Y”的指式，在胸前从左向右移一下。）（二）一手平伸，掌心向上，在头的一侧轻轻向外转动几圈。|https://d.bmcx.com/shouyu/_file/8/e4d7625eed81af4c.png
1233	匀称	事物的特性	（一）双手伸食指，指尖同时自肩部沿身体两则划至大腿，表示躯体的对称曲线。（二）双手拇指与四指相贴，指尖相对。|https://d.bmcx.com/shouyu/_file/a/e52f9134e0cf8ab5.png
1234	崭新	事物的特性	（一）一手拇指抵于食指根部，向下一沉。（二）一手伸出拇指，从另一手背向外划过。|https://d.bmcx.com/shouyu/_file/b/30dce378580df7b2.png
1235	壮丽	事物的特性	（一）双手握拳，在胸前相对，并向下一顿。（二）同“完美”手势（一手食、中指先置于鼻部，然后下移并缩回食、中指，伸出拇指。)|https://d.bmcx.com/shouyu/_file/6/019a9a3be3376d08.png
1236	棕	事物的特性	一手打手指字母“Z”的指式，沿胸的一侧划下。|https://d.bmcx.com/shouyu/_file/3/438a9d97c45e772c.png
1237	褶子	事物的特性	双手掌心向内，五指并拢，指尖朝下，然后由两侧向中间作折叠移动。|https://d.bmcx.com/shouyu/_file/d/2829b635a4379fe1.png
1238	褶皱	事物的特性	双手掌心向内，五指并拢，指尖朝下，然后由两侧向中间作折叠移动。|https://d.bmcx.com/shouyu/_file/3/ef46e1bca4b78941.png
1239	特征	事物的特性	（一）左手伸平，手背向上，右手食指从左手小指边向上伸出。（二）双手掌心向内并排，左手不动，右手向后移动一下。|https://d.bmcx.com/shouyu/_file/b/7f48768c23447800.png
1240	特性	事物的特性	（一）同“特征”手势（一）（二）一手食、中指弹打另一手食指。|https://d.bmcx.com/shouyu/_file/9/5ea29d6488583538.png
1241	特点	事物的特性	（一）同“特征”手势（一）（二）一手食指往另一手掌心上点一下。|https://d.bmcx.com/shouyu/_file/0/e715cc1240ba28ed.png
1242	长	事物的特性	双手食指相对，从中间向两侧拉开。|https://d.bmcx.com/shouyu/_file/d/0cebcd97212cd780.png
1243	短	事物的特性	双手伸出食指，指面相对，由两侧向中间靠拢至相距寸许。|https://d.bmcx.com/shouyu/_file/d/75f9c6d48539ac12.png
1244	高	事物的特性	一手平伸，掌心向下，向上举过头。|https://d.bmcx.com/shouyu/_file/9/094bc5720c812bbe.png
1245	矮	事物的特性	一手平伸，掌心向下，往下微。|https://d.bmcx.com/shouyu/_file/4/217380eb19222c5e.png
1246	宽	事物的特性	双手伸掌侧立，掌心相对，由中间向两侧移动。|https://d.bmcx.com/shouyu/_file/5/62ff579a2a2aebf0.png
1247	广	事物的特性	双手伸掌侧立，掌心相对，由中间向两侧移动。|https://d.bmcx.com/shouyu/_file/e/5cc209fabae42558.png
1248	窄	事物的特性	双手伸掌侧立，掌心相对，由两侧向中间微移，相距较近。|https://d.bmcx.com/shouyu/_file/c/826c08ecabe34903.png
1249	狭	事物的特性	双手伸掌侧立，掌心相对，由两侧向中间微移，相距较近。|https://d.bmcx.com/shouyu/_file/3/3d7a854265f6e8b6.png
1250	深	事物的特性	深 左手平伸不动，右手伸食指，从左手拇指边朝下伸。|https://d.bmcx.com/shouyu/_file/4/20a5a9c756bc5f65.png
1251	浅	事物的特性	浅 左手平伸不动，右手拇、食指相握，指尖向下，从左手食、中指朝下点动。|https://d.bmcx.com/shouyu/_file/a/00da5384806d7c9f.png
1252	涨	事物的特性	双手五指平伸，指尖相对，然后向上升起。|https://d.bmcx.com/shouyu/_file/d/95ac667dc37b8019.png
1253	落	事物的特性	落 左手平伸，掌心向上不动，右手拇、食指捏成小圈形由上向下移至左手掌心上。|https://d.bmcx.com/shouyu/_file/d/91d3d0ef7a4253aa.png
1254	厚	事物的特性	一手四指在上，拇指在下，相距两寸许。手指间的空间象征一定的“厚度”。|https://d.bmcx.com/shouyu/_file/a/324664a9550c5150.png
1255	薄	事物的特性	一手拇、食指相对靠近。以两指间很小的空隙来象征“薄”的意思。|https://d.bmcx.com/shouyu/_file/6/c2d75e20b77e2252.png
1256	粗	事物的特性	手指字母“C”的指式。|https://d.bmcx.com/shouyu/_file/0/49564a33a71bf9b7.png
1257	细	事物的特性	双手拇、小指相捏，从中间向两旁微微拉开。|https://d.bmcx.com/shouyu/_file/e/897106940f437591.png
1258	胖	事物的特性	双手拇、食指各搭成“└”形，置于两颊处，然后同时向两侧移动，象征“脸胖”。。|https://d.bmcx.com/shouyu/_file/1/67fab2d3eaebb005.png
1259	肥	事物的特性	双手拇、食指各搭成“└”形，置于两颊处，然后同时向两侧移动，象征“脸胖”。。|https://d.bmcx.com/shouyu/_file/7/91cc22ebbb9ad594.png
1260	瘦	事物的特性	一手夹住两颊，向下收拢五指，象征“脸瘦”。|https://d.bmcx.com/shouyu/_file/c/530314df4035616a.png
1261	直	事物的特性	一手五指并拢向前伸直。|https://d.bmcx.com/shouyu/_file/7/7790fd4787093ff7.png
1262	曲	事物的特性	一手伸直，向前作曲线形移动|https://d.bmcx.com/shouyu/_file/9/55d64dbd371b39d5.png
1263	曲折	事物的特性	一手伸直，向前作曲线形移动|https://d.bmcx.com/shouyu/_file/5/a9d5de9077014469.png
1264	好	事物的特性	一手握拳，向上伸出拇指。|https://d.bmcx.com/shouyu/_file/4/a9e6c888edf50dfc.png
1265	正	事物的特性	双手伸掌，指尖向上，掌心相对，向前微移。|https://d.bmcx.com/shouyu/_file/d/ab469fea588693a2.png
1266	歪	事物的特性	双手掌心相对，指尖向上，同时向一侧斜一下。|https://d.bmcx.com/shouyu/_file/a/0291e9960f381d2a.png
1267	斜	事物的特性	双手掌心相对，指尖向上，同时向一侧斜一下。|https://d.bmcx.com/shouyu/_file/8/099d959aa082e62b.png
1268	方	事物的特性	双手拇、食指搭成“└　┐”方形。|https://d.bmcx.com/shouyu/_file/4/a5df54c9a3cebc3a.png
1269	圆	事物的特性	双手拇、食指微弯，搭成圆形|https://d.bmcx.com/shouyu/_file/f/fae1a29e91c42b0e.png
1270	尖	事物的特性	一手拇、食指捏住另一手食指尖，向上移动，然后两指相捏。|https://d.bmcx.com/shouyu/_file/4/49f284f7f5a228c3.png
1271	锋利	事物的特性	一手拇、食指捏住另一手食指尖，向上移动，然后两指相捏。|https://d.bmcx.com/shouyu/_file/3/5739021bf4c8be28.png
1272	尖锐	事物的特性	一手拇、食指捏住另一手食指尖，向上移动，然后两指相捏。|https://d.bmcx.com/shouyu/_file/9/897f8c3f1e5b6714.png
1273	钝	事物的特性	一手平伸，掌心向下，盖在另一手食指尖上转动几下|https://d.bmcx.com/shouyu/_file/f/3372ea025c6c0a1e.png
1274	秃	事物的特性	一手平伸，掌心向下，盖在另一手食指尖上转动几下|https://d.bmcx.com/shouyu/_file/d/9248df76e0e16a89.png
1275	大	事物的特性	双手掌心相对，同时向两侧挥动。|https://d.bmcx.com/shouyu/_file/2/59e5d732e540be95.png
1276	小	事物的特性	一手拇指捏小指指尖。|https://d.bmcx.com/shouyu/_file/8/139020994309ca81.png
1277	挺	事物的特性	一手五指并拢，手掌向上伸直（或向下伸直亦可）。|https://d.bmcx.com/shouyu/_file/d/b6869676e060defd.png
1278	平	事物的特性	双手平伸，掌心向下，先靠拢，然后由中间向两侧平行移动。|https://d.bmcx.com/shouyu/_file/d/ef17b68870b428b0.png
1279	平等	事物的特性	双手平伸，掌心向下，先靠拢，然后由中间向两侧平行移动。|https://d.bmcx.com/shouyu/_file/b/dd0bbcb90fc35cb4.png
1280	皱	事物的特性	一手中、无名、小指横在额前划一下，象征额上的皱纹。|https://d.bmcx.com/shouyu/_file/d/73e85215b2d07e79.png
1281	沾	事物的特性	一手伸食指，在另一手拳背上轻点一下。|https://d.bmcx.com/shouyu/_file/c/f2497d80927c97c4.png
1282	干	事物的特性	双手五指平伸，指尖相对，然后向上升起|https://d.bmcx.com/shouyu/_file/3/ca1335c544d2d69c.png
1283	湿	事物的特性	一手拇指与四指相对，并捏动几下，象征指间有水分的样子，以此表示“湿”的意思。|https://d.bmcx.com/shouyu/_file/4/c2b3ec973e9d8915.png
1284	少	事物的特性	一手拇、食指相捏，拇指弹动食指尖。|https://d.bmcx.com/shouyu/_file/2/4c192291967ada4b.png
1285	单	事物的特性	一手食指伸直，贴于胸前向上一动，表示“单个”。|https://d.bmcx.com/shouyu/_file/e/89b8705e7fda810d.png
1286	双	事物的特性	一手食、中指伸直，并互相夹动一下，表示“双数”。|https://d.bmcx.com/shouyu/_file/c/14ba0b132bf04d9c.png
1287	密	事物的特性	双手食指并齐，手背向外，指尖向上。|https://d.bmcx.com/shouyu/_file/2/270f2ddb0e257f4a.png
1288	疏	事物的特性	双手食指分开，掌心向内，指尖向上。|https://d.bmcx.com/shouyu/_file/8/f78952daaf2fc16a.png
1289	空	事物的特性	一手从另一手掌心上刮过，表示空洞无物的意思。|https://d.bmcx.com/shouyu/_file/8/bc4a099fc671447a.png
1290	实	事物的特性	一手食、中指相迭，弹打另一手食指。|https://d.bmcx.com/shouyu/_file/c/98f8ba5e66d33227.png
1291	紧	事物的特性	一手五指紧握，微微抖动。|https://d.bmcx.com/shouyu/_file/7/19f0ce5adc60024d.png
1292	松	事物的特性	一手握拳，再稍微张开五指|https://d.bmcx.com/shouyu/_file/6/82c05574a9264b07.png
1293	胀	事物的特性	双手五指微曲，指尖相对，由中间向两侧移动，同时松开五指。|https://d.bmcx.com/shouyu/_file/a/f05c52af33b8f23a.png
1294	缩	事物的特性	双手五指微曲，指尖相对，由两侧向中间靠拢，如抱拳状，表示“收缩”。|https://d.bmcx.com/shouyu/_file/d/d1889f9317109cbc.png
1295	硬	事物的特性	硬 右手拇、食指捏住左手食指尖，扳动几下，但左手食指仍挺直不动，表示坚硬。|https://d.bmcx.com/shouyu/_file/1/c0ba68e4ed0139ef.png
1296	坚硬	事物的特性	坚硬 右手拇、食指捏住左手食指尖，扳动几下，但左手食指仍挺直不动，表示坚硬。|https://d.bmcx.com/shouyu/_file/2/38860e33f2117d21.png
1297	软	事物的特性	软 右手拇、食指捏住左手食指，轻轻扳动几下，左手食指随之弯曲，显示出柔软。|https://d.bmcx.com/shouyu/_file/2/12fd982f2583431d.png
1298	柔软	事物的特性	柔软 右手拇、食指捏住左手食指，轻轻扳动几下，左手食指随之弯曲，显示出柔软。|https://d.bmcx.com/shouyu/_file/8/d19bf296771965d2.png
1299	强	事物的特性	双手握拳放于胸部，同时向下一顿。|https://d.bmcx.com/shouyu/_file/5/323b4b86e95dacfa.png
1300	弱	事物的特性	一手拇、小指直立于另一手掌心上，左右微微摇动，表示软弱。|https://d.bmcx.com/shouyu/_file/f/ff4ed049bd50b440.png
1301	浓	事物的特性	一手先伸食指，指一下口部，再伸拇指捏住食指跟部，表示味道浓之意。|https://d.bmcx.com/shouyu/_file/a/fa461a2bec731f72.png
1302	淡	事物的特性	一手先伸食指，指一下口部，再伸拇指捏住食指指尖，表示味道淡之意。|https://d.bmcx.com/shouyu/_file/5/6d714f7479a6090f.png
1303	粘	事物的特性	一手拇、食、中三指相捏，再慢慢地张开，好似手指间有很粘的物体。|https://d.bmcx.com/shouyu/_file/d/4ff6d20e4d5bef3c.png
1304	重	事物的特性	双手微曲，掌心向上，同时朝下一顿。|https://d.bmcx.com/shouyu/_file/d/c6cbaad69a80a04a.png
1305	稀	事物的特性	一手食、中指斜插入另一手握成的半圆形中，较快地搅动几下，表示容器中的液体很稀。|https://d.bmcx.com/shouyu/_file/2/2285856cebef4702.png
1306	轻	事物的特性	一手微曲，掌心向上，朝上轻轻抬一下|https://d.bmcx.com/shouyu/_file/6/85bda96c6896e31c.png
1307	生	事物的特性	一手连续打出手指字母“SH”“NG”的指式。|https://d.bmcx.com/shouyu/_file/9/f4111a4780cfe5a7.png
1308	熟	事物的特性	一手拇、食指捏住另一手小指，轻轻摇动几下。|https://d.bmcx.com/shouyu/_file/f/25a1863aba1b1f98.png
1309	老	事物的特性	一手伸出拇、食指，在额下作捋胡须的动作。|https://d.bmcx.com/shouyu/_file/f/43818a5fa5dfeaea.png
1310	嫩	事物的特性	一手拇、食指捏住另一手小指，轻轻摇动几下。|https://d.bmcx.com/shouyu/_file/5/8f16e68a6b6d7f2b.png
1311	亮	事物的特性	一手五指撮合，向上作弧形移动，同时张开五指。|https://d.bmcx.com/shouyu/_file/2/e5dff72a9e327d75.png
1312	明	事物的特性	一手五指撮合，向上作弧形移动，同时张开五指。|https://d.bmcx.com/shouyu/_file/8/ad355b06a9b2b753.png
1313	暗	事物的特性	一手五指张开，向对侧作弧形移动，五指同时收拢。|https://d.bmcx.com/shouyu/_file/b/0ba93191494c90fe.png
1314	远	事物的特性	一手拇指暗于食指跟部，向前方移动，表示“远”的意思。|https://d.bmcx.com/shouyu/_file/3/ff870cf10d6be462.png
1315	近	事物的特性	双手拇、食指相捏，相互靠近，表示距离接近，引申为“近”的意思。|https://d.bmcx.com/shouyu/_file/f/03bede5c9f048890.png
1316	快	事物的特性	一手拇、食指相捏，很快地从一侧向另一侧作快速挥动，象征物体运动速度很快。|https://d.bmcx.com/shouyu/_file/5/390576c7856e5e36.png
1317	慢	事物的特性	一手掌心向下，慢慢地上下微动几下，象征物体运动速度缓慢。|https://d.bmcx.com/shouyu/_file/0/92c62ab6d8bddb3f.png
1318	升	事物的特性	升 左手竖立，掌心向外，右手食指尖向上，贴于左手掌心由下向上移动。|https://d.bmcx.com/shouyu/_file/1/a0f7c0099d801334.png
1319	降	事物的特性	降 左手竖立，掌心向外；右手食指尖向上，贴于左手掌心由上向下移动。|https://d.bmcx.com/shouyu/_file/4/25ff0893d94f19c2.png
1320	冷	事物的特性	双手握拳曲肘，臂部贴在身上微动，如冷得发抖状。|https://d.bmcx.com/shouyu/_file/e/d98268ea79a59309.png
1321	凉	事物的特性	双手握拳曲肘，臂部贴在身上微动，如冷得发抖状。|https://d.bmcx.com/shouyu/_file/7/35abd7d0289fddc2.png
1322	暖	事物的特性	双手微曲，掌心向上，由腹部慢慢地移到胸部。|https://d.bmcx.com/shouyu/_file/1/6ff43a73775ce394.png
1323	暖和	事物的特性	双手微曲，掌心向上，由腹部慢慢地移到胸部。|https://d.bmcx.com/shouyu/_file/9/d63ba5556064988c.png
1324	饱	事物的特性	一手五指并拢，掌心向下，自下向上移到喉部，表示吃饱了。|https://d.bmcx.com/shouyu/_file/d/87a79ba5cd1deadf.png
1325	满	事物的特性	一手五指并拢，掌心向下，自下向上移到喉部，表示吃饱了。|https://d.bmcx.com/shouyu/_file/e/d686450b76669bac.png
1326	饿	事物的特性	一手捂于胃部，上身微前倾，脸部显出饥饿的神态|https://d.bmcx.com/shouyu/_file/8/8850058f638ef0c8.png
1327	新	事物的特性	一手伸出拇指，从另一手背上向外划过，表示“全好”之意，此引申为“新”。|https://d.bmcx.com/shouyu/_file/b/4e0d691e17b92c69.png
1328	旧	事物的特性	一手伸出小指，从另一手背上向外划过，表示“不好”之意，此引申为“旧”。|https://d.bmcx.com/shouyu/_file/f/3eedb3fb6d12e4fb.png
1329	破	事物的特性	双手拇、食指相捏，指尖相对，然后向外上方扳动。|https://d.bmcx.com/shouyu/_file/b/8eb4fc9c3f45928e.png
1330	脏	事物的特性	一手伸出小指，在胸前由上向下挥动一下，表示衣服很脏之意。|https://d.bmcx.com/shouyu/_file/8/0e122d463be286b1.png
1331	乱	事物的特性	双手五指撮合，指尖相对，交替转动几下，表示“杂乱”之意。|https://d.bmcx.com/shouyu/_file/c/685b49d7f6b07f59.png
1332	美	事物的特性	一手食、中指先置于鼻部，然后下移并收缩，伸出拇指，表示美、美丽、漂亮、好看的意思。|https://d.bmcx.com/shouyu/_file/9/19ced6ba90e42580.png
1333	美丽	事物的特性	一手食、中指先置于鼻部，然后下移并收缩，伸出拇指，表示美、美丽、漂亮、好看的意思。|https://d.bmcx.com/shouyu/_file/6/1963076f23749e1d.png
1334	漂亮	事物的特性	一手食、中指先置于鼻部，然后下移并收缩，伸出拇指，表示美、美丽、漂亮、好看的意思。|https://d.bmcx.com/shouyu/_file/0/349cc3d904044fc5.png
1335	好看	事物的特性	一手食、中指先置于鼻部，然后下移并收缩，伸出拇指，表示美、美丽、漂亮、好看的意思。|https://d.bmcx.com/shouyu/_file/8/43b10bf526aa618d.png
1336	丑	事物的特性	一手伸小指，饶鼻子转一圈，表示“难看、丑陋”的意思。|https://d.bmcx.com/shouyu/_file/4/dbb8a13ab0b15c6b.png
1337	难看	事物的特性	一手伸小指，饶鼻子转一圈，表示“难看、丑陋”的意思。|https://d.bmcx.com/shouyu/_file/4/c2a3b831fbae9814.png
1338	丑陋	事物的特性	一手伸小指，饶鼻子转一圈，表示“难看、丑陋”的意思。|https://d.bmcx.com/shouyu/_file/3/8201d3b7fba457cb.png
1339	真	事物的特性	一手食指弹打一下另一手食指。|https://d.bmcx.com/shouyu/_file/2/89fe5b67422d840d.png
1340	假	事物的特性	一手伸掌，在嘴前微微扇动几下，脸露不相信神态。|https://d.bmcx.com/shouyu/_file/b/bc47d146961bfab4.png
1341	黄	事物的特性	一手打手指字母“H”的指式，并摸摸脸颊。皮肤是黄色的，以此表示“黄”。|https://d.bmcx.com/shouyu/_file/0/dbda8bc7f5c7b543.png
1342	蓝	事物的特性	一手打手指字母“L”的指式，并沿胸侧划下，象征蓝色料子，以此表示“蓝”。|https://d.bmcx.com/shouyu/_file/d/a711507924fa5b11.png
1343	青	事物的特性	一手打手指字母“Q”的指式，并沿胸侧划下，象征青色料子，以此表示“青”。|https://d.bmcx.com/shouyu/_file/4/8e2cd5bec73aca6a.png
1344	绿	事物的特性	一手打手指字母“L”的指式，再打手指字母“U”的指式，手指前后振动两下。|https://d.bmcx.com/shouyu/_file/7/0f4f5d8365232825.png
1345	紫	事物的特性	一手打手指字母“Z”的指式，并摸嘴唇。|https://d.bmcx.com/shouyu/_file/b/b646d31d27f12d79.png
1346	白	事物的特性	一手从另一手背上划过，并打出手指字母“B”的指式|https://d.bmcx.com/shouyu/_file/4/0fbafe13e6a776ce.png
1347	黑	事物的特性	一手打手指字母“H”的指式，并在头发上摸一下。|https://d.bmcx.com/shouyu/_file/1/ad8cbed6c5f65cf7.png
1348	香	事物的特性	一手拇、食指在鼻孔前捻动，然后伸出拇指，表示气味好闻。|https://d.bmcx.com/shouyu/_file/2/17026cfe46fca706.png
1349	臭	事物的特性	一手在鼻孔前扇动几下，表示气味不好闻。|https://d.bmcx.com/shouyu/_file/8/c3ea8dbbd2a9d08b.png
1350	腥	事物的特性	一手打手指字母“X”的指式，并在鼻孔前左右摆动，表示气味腥。|https://d.bmcx.com/shouyu/_file/6/6f6248e2790c6354.png
1351	甜	事物的特性	一手食指点两下臌起的腮部，与“糖”的手势相同。|https://d.bmcx.com/shouyu/_file/0/366714380ec8b7d2.png
1352	咸	事物的特性	一手打手指字母“X”的指式，并在嘴前上下微动，脸上流露出尝到咸味的表情。与“盐”的手势相同。|https://d.bmcx.com/shouyu/_file/a/c15fd43db95ed199.png
1353	酸	事物的特性	一手拇、食指相捏，放于口边，两腮向内缩，模拟尝到酸状。|https://d.bmcx.com/shouyu/_file/1/7e200bb3d13cba36.png
1354	苦	事物的特性	一手拇、食指握成小圆圈，放于口边，脸露苦状。|https://d.bmcx.com/shouyu/_file/b/8c5d958a2e6fa10c.png
1355	辣	事物的特性	一手五指并拢，指尖对着嘴部，然后手指向前张开，嘴微动，脸露辛辣状。|https://d.bmcx.com/shouyu/_file/6/b000807d3242e651.png
1356	涩	事物的特性	一手打手指字母“S”的指式，并贴于嘴唇处，脸露愁眉苦脸的表情。|https://d.bmcx.com/shouyu/_file/d/cd01d90121100371.png
1357	脆	事物的特性	双手五指与四指相捏，手背向下，指尖相触，然后向上一挑，象征发脆的食物被弄裂了。|https://d.bmcx.com/shouyu/_file/b/4b9d4f9d013a8ca4.png
1358	烂	事物的特性	一手拇指与四指相对，手背向下，缓慢捻动两下，表示食物烂糊。|https://d.bmcx.com/shouyu/_file/c/f4984b78830fcdf3.png
1177	左	空间	左 右手拍一下左臂，表示左。|https://d.bmcx.com/shouyu/_file/6/a927e26026164a34.png
1178	前	空间	一手伸食指，指向正前方。|https://d.bmcx.com/shouyu/_file/3/6caf3df1c3e37078.png
1179	后	空间	一手伸食指，指尖向肩后指。|https://d.bmcx.com/shouyu/_file/f/4dbdcdaf785dfad4.png
1180	正	空间	正 左掌直伸，四指并拢，掌心向外。右手伸食指指左手掌心，表示正面。|https://d.bmcx.com/shouyu/_file/5/10ba2a17bd1935cb.png
1181	正面	空间	正面 左掌直伸，四指并拢，掌心向外。右手伸食指指左手掌心，表示正面。|https://d.bmcx.com/shouyu/_file/4/3ec927e56af6f0a0.png
1182	反	空间	反 左手横伸，手背向外。右手伸食指，指尖向上，放于左手掌后并向下移，表示里面。|https://d.bmcx.com/shouyu/_file/e/635339ad52f2d3a5.png
1183	反面	空间	反面 左手横伸，手背向外。右手伸食指，指尖向上，放于左手掌后并向下移，表示里面。|https://d.bmcx.com/shouyu/_file/e/ca23adf77152e004.png
1184	表面	空间	表面 两手四指并拢，拇指自然向上，一前一后横放向迭，前手拍一下后手背。|https://d.bmcx.com/shouyu/_file/a/44dd30df72412107.png
1185	内	空间	内 左手横立；右手食指直立，在左手掌内由上向下移动，表示里面|https://d.bmcx.com/shouyu/_file/0/0bcdb1d9c9e2447d.png
1186	里面	空间	里面 左手横立；右手食指直立，在左手掌内由上向下移动，表示里面|https://d.bmcx.com/shouyu/_file/1/ed49eaee066048b9.png
1187	外	空间	外 左手横伸，手背向外。右手伸食指，指尖向下，在左手背外向下指，表示外面。|https://d.bmcx.com/shouyu/_file/6/347f2040eb205241.png
1188	外面	空间	外面 左手横伸，手背向外。右手伸食指，指尖向下，在左手背外向下指，表示外面。|https://d.bmcx.com/shouyu/_file/2/6bb999a99308c760.png
4531	户口	行政区划	（一）双手相搭成“＾”形。（二）一手食指在口部转一圈。|https://d.bmcx.com/shouyu/_file/a/c15b58bc92e277a2.png
4532	北京市	行政区划	北京市 右手伸食、中指，自左肩斜划向右腰部（当地人的习惯打法）。|https://d.bmcx.com/shouyu/_file/8/6950adcfcef243d4.png
4533	上海市	行政区划	双手握拳，小指一上一下互相勾住（原是英文字母“S”的双拼指式，上海人的习惯打法）。|https://d.bmcx.com/shouyu/_file/d/88fefa3d4bd7373d.png
4534	天津市	行政区划	一手食、中指并齐，在太阳穴处向上指（当地人的习惯打法）。|https://d.bmcx.com/shouyu/_file/7/21a920d1a62491e5.png
4535	河北省	行政区划	（一）双手向前侧伸，掌心相对，相距约五六寸，斜着向前作曲线状移动（即“河”手势）。（二）右手五指并拢，在头部右侧向上指（即“北”手势）。|https://d.bmcx.com/shouyu/_file/9/152af3d1c6f560a8.png
4536	山西省	行政区划	（一）一手拇、食、小指指尖向上，如“山”字形。（二）右手五指并拢，指尖指向左边（即“西”手势）。|https://d.bmcx.com/shouyu/_file/8/a40c3f2a7e307059.png
4537	内蒙古	行政区划	（一）左手横放，手背向外不动。右手食指指尖向上，放于左掌内并向下移，表示“内”。（二）一手虚握，指尖向下，于额部绕头一圈并放开五指，如蒙族人以布缠头状。|https://d.bmcx.com/shouyu/_file/3/37d25983f9a39a7f.png
4538	辽宁省	行政区划	（一）双手伸拇、食指相搭成“辽”字形。（二）手指字母“N”的指式。|https://d.bmcx.com/shouyu/_file/2/bc8aff9449780dea.png
4539	辽宁	行政区划	（一）双手伸拇、食指相搭成“辽”字形。（二）手指字母“N”的指式。|https://d.bmcx.com/shouyu/_file/8/970885ea91306d2b.png
4540	山西	行政区划	（一）一手拇、食、小指指尖向上，如“山”字形。（二）右手五指并拢，指尖指向左边（即“西”手势）。|https://d.bmcx.com/shouyu/_file/d/e8af711bbb726343.png
4541	河北	行政区划	（一）双手向前侧伸，掌心相对，相距约五六寸，斜着向前作曲线状移动（即“河”手势）。（二）右手五指并拢，在头部右侧向上指（即“北”手势）。|https://d.bmcx.com/shouyu/_file/1/299b800750216bc2.png
4542	天津	行政区划	一手食、中指并齐，在太阳穴处向上指（当地人的习惯打法）。|https://d.bmcx.com/shouyu/_file/9/a4606b7eebbe40a9.png
4543	上海	行政区划	双手握拳，小指一上一下互相勾住（原是英文字母“S”的双拼指式，上海人的习惯打法）。|https://d.bmcx.com/shouyu/_file/0/c9c5de1e3ded8ae8.png
4544	北京	行政区划	北京 右手伸食、中指，自左肩斜划向右腰部（当地人的习惯打法）。|https://d.bmcx.com/shouyu/_file/3/ef810064ddb66126.png
4545	吉林省	行政区划	（一）手指字母“J”的指式。（二）双手伸拇、食指搭成圆形，连续上举两次（即“林”手势）。|https://d.bmcx.com/shouyu/_file/f/857c084566093e1e.png
4546	吉林	行政区划	（一）手指字母“J”的指式。（二）双手伸拇、食指搭成圆形，连续上举两次（即“林”手势）。|https://d.bmcx.com/shouyu/_file/b/89db926c44770b12.png
4547	黑龙江省	行政区划	（一）一手打手指字母“H”的指式，并在头发边摸一下。（二）双手拇、食指相捏，从上嘴唇两边引出两条线如“龙须”状。（三）双手掌心相对，相距一尺余，斜着向前作曲线移动。|https://d.bmcx.com/shouyu/_file/f/856c68fff53b0dcc.png
4548	黑龙江	行政区划	（一）一手打手指字母“H”的指式，并在头发边摸一下。（二）双手拇、食指相捏，从上嘴唇两边引出两条线如“龙须”状。（三）双手掌心相对，相距一尺余，斜着向前作曲线移动。|https://d.bmcx.com/shouyu/_file/d/c078d6cf8ed8cf6d.png
4549	江苏省	行政区划	（一）双手掌心相对，相距一尺余，斜着向前作曲线移动。（二）一手掌心向上，拇指与四指相捏。|https://d.bmcx.com/shouyu/_file/5/f19a5338ce63e1ea.png
4550	江苏	行政区划	（一）双手掌心相对，相距一尺余，斜着向前作曲线移动。（二）一手掌心向上，拇指与四指相捏。|https://d.bmcx.com/shouyu/_file/a/224919a1a42d05a6.png
4551	浙江省	行政区划	（一）手指字母“ZH”的指式。（二）双手掌心相对，相距一尺余，斜着向前作曲线移动。|https://d.bmcx.com/shouyu/_file/1/cb39388771fbadac.png
4552	浙江	行政区划	（一）手指字母“ZH”的指式。（二）双手掌心相对，相距一尺余，斜着向前作曲线移动。|https://d.bmcx.com/shouyu/_file/f/2940c267cf0663ff.png
4553	安徽省	行政区划	安徽省 右手食、中指并拢，在左手掌心上作研磨动作。这是以著名的“徽墨”来代表安徽省。|https://d.bmcx.com/shouyu/_file/d/b5c57e90c59d2db3.png
4554	安徽	行政区划	安徽 右手食、中指并拢，在左手掌心上作研磨动作。这是以著名的“徽墨”来代表安徽省。|https://d.bmcx.com/shouyu/_file/7/71ebd9e2ee046661.png
4555	福建省	行政区划	（一）右手五指分开，贴在胸腹间转一圈。（二）双手五指并拢，指尖向上，从胸部左右向头顶移动，搭成“＾”形。|https://d.bmcx.com/shouyu/_file/0/6bcc873f206b15ff.png
4556	江西省	行政区划	（一）双手掌心相对，相距一尺余，斜着向前作曲线移动。（二）右手五指并拢，指尖指向左边（即“西”手势）。|https://d.bmcx.com/shouyu/_file/f/381e1d0dfd28a726.png
4557	江西	行政区划	（一）双手掌心相对，相距一尺余，斜着向前作曲线移动。（二）右手五指并拢，指尖指向左边（即“西”手势）。|https://d.bmcx.com/shouyu/_file/f/1299ab1870482d7e.png
4558	山东省	行政区划	（一）一手拇、食、小指指尖向上，如“山”字形。（二）右手伸直，五指并拢，指尖指向右边。|https://d.bmcx.com/shouyu/_file/4/f6a14abb33714962.png
4559	山东	行政区划	（一）一手拇、食、小指指尖向上，如“山”字形。（二）右手伸直，五指并拢，指尖指向右边。|https://d.bmcx.com/shouyu/_file/4/d3bf47ca12f4e5c5.png
4560	河南省	行政区划	一）双手向前侧伸，掌心相对，相距约五六寸，斜着向前作曲线状移动（即“河”手势）。（二）右手伸直，五指并拢，指尖在胸腹部向下指。|https://d.bmcx.com/shouyu/_file/4/a7253e92630b313e.png
4561	河南	行政区划	一）双手向前侧伸，掌心相对，相距约五六寸，斜着向前作曲线状移动（即“河”手势）。（二）右手伸直，五指并拢，指尖在胸腹部向下指。|https://d.bmcx.com/shouyu/_file/d/e091c643ce25a752.png
4562	北	行政区划	北 右手五指并拢，在头部右侧向上指（即“北”手势）。|https://d.bmcx.com/shouyu/_file/6/c7eaf3b8bfbf1378.png
4563	南	行政区划	南 右手伸直，五指并拢，指尖在胸腹部向下指。|https://d.bmcx.com/shouyu/_file/f/ff64ceecf0e5238d.png
4564	西	行政区划	西 右手五指并拢，指尖指向左边（即“西”手势）。|https://d.bmcx.com/shouyu/_file/d/0faaf3cf62719b69.png
4565	东	行政区划	东 右手伸直，五指并拢，指尖指向右边。|https://d.bmcx.com/shouyu/_file/4/e68548396f4782d3.png
4566	湖北省	行政区划	（一）双手伸拇、食指，指尖相对，搭成一个大圆。然后左手不动，右手变为伸掌，掌心向下，在圆中作波纹状移动。（二）右手五指并拢，在头部右侧向上指（即“北”手势）。|https://d.bmcx.com/shouyu/_file/6/f07bc0ba52f20da8.png
4567	湖北	行政区划	（一）双手伸拇、食指，指尖相对，搭成一个大圆。然后左手不动，右手变为伸掌，掌心向下，在圆中作波纹状移动。（二）右手五指并拢，在头部右侧向上指（即“北”手势）。|https://d.bmcx.com/shouyu/_file/d/712a22caa5586a71.png
4568	湖南省	行政区划	（一）双手伸拇、食指，指尖相对，搭成一个大圆。然后左手不动，右手变为伸掌，掌心向下，在圆中作波纹状移动。（二）右手伸直，五指并拢，指尖在胸腹部向下指。|https://d.bmcx.com/shouyu/_file/e/372f6b08ee0c9b18.png
4569	湖南	行政区划	（一）双手伸拇、食指，指尖相对，搭成一个大圆。然后左手不动，右手变为伸掌，掌心向下，在圆中作波纹状移动。（二）右手伸直，五指并拢，指尖在胸腹部向下指。|https://d.bmcx.com/shouyu/_file/3/c7777ffa7ab88f54.png
4570	广东省	行政区划	（一）双手掌心向上，在腰部两侧碰几下（习惯打法）。（二）右手伸直，五指并拢，指尖指向右边。|https://d.bmcx.com/shouyu/_file/b/ce5a8d435bb118fa.png
4571	广东	行政区划	（一）双手掌心向上，在腰部两侧碰几下（习惯打法）。（二）右手伸直，五指并拢，指尖指向右边。|https://d.bmcx.com/shouyu/_file/e/6b92e45dd2f74623.png
4572	广西壮族自治区	行政区划	（一）双手掌心向上，在腰部两侧碰几下（习惯打法）。（二）右手五指并拢，指尖指向左边（即“西”手势）。|https://d.bmcx.com/shouyu/_file/3/979b4398152f44c1.png
4573	广西	行政区划	（一）双手掌心向上，在腰部两侧碰几下（习惯打法）。（二）右手五指并拢，指尖指向左边（即“西”手势）。|https://d.bmcx.com/shouyu/_file/d/cce749dacc589f89.png
4574	四川省	行政区划	（一）一手食、中、无名、小指指尖分开向上（数目字“4”的手势）。（二）一手中、无名、小指指尖向下，象征“川”字形。|https://d.bmcx.com/shouyu/_file/3/1e9067898536dab0.png
4575	贵州省	行政区划	（一）左手拇、食指捏成小圆，右手食指在小圆中划一直线，再在底部划一横线，象征贵字的“虫”形。（二）一手中、无名、小指与另一手食指搭成“州”字形。|https://d.bmcx.com/shouyu/_file/3/ae353a1e940ba8c0.png
4576	贵州	行政区划	（一）左手拇、食指捏成小圆，右手食指在小圆中划一直线，再在底部划一横线，象征贵字的“虫”形。（二）一手中、无名、小指与另一手食指搭成“州”字形。|https://d.bmcx.com/shouyu/_file/3/4993be0484949eba.png
4577	云南省	行政区划	（一）一手五指微曲，掌心向下，在头部上方转一圈，表示天上有云。（二）右手伸直，五指并拢，指尖在胸腹部向下指。|https://d.bmcx.com/shouyu/_file/5/0e70170b68285062.png
4578	云南	行政区划	（一）一手五指微曲，掌心向下，在头部上方转一圈，表示天上有云。（二）右手伸直，五指并拢，指尖在胸腹部向下指。|https://d.bmcx.com/shouyu/_file/9/9af00d945a0b3b52.png
4579	西藏自治区	行政区划	（一）右手五指并拢，指尖指向左边（即“西”手势）。（二）左手掌心向下，五指微曲成半圆形。右手拇、食指捏成小圆，向左掌心内塞进，象征“贮藏”之意。|https://d.bmcx.com/shouyu/_file/1/844f0e4fa85ebc34.png
4580	西藏	行政区划	（一）右手五指并拢，指尖指向左边（即“西”手势）。（二）左手掌心向下，五指微曲成半圆形。右手拇、食指捏成小圆，向左掌心内塞进，象征“贮藏”之意。|https://d.bmcx.com/shouyu/_file/6/d653408ff61a231f.png
4581	陕西省	行政区划	双手伸拇、食、小指，手背向上叠在一起。在下的不动，在上的向上移，象征一座宝塔（陕西西安以大雁塔著名，故以塔来表示陕西）。|https://d.bmcx.com/shouyu/_file/6/67f54eb640faa3de.png
4582	陕西	行政区划	双手伸拇、食、小指，手背向上叠在一起。在下的不动，在上的向上移，象征一座宝塔（陕西西安以大雁塔著名，故以塔来表示陕西）。|https://d.bmcx.com/shouyu/_file/1/b39dc689910ab472.png
4583	甘肃省	行政区划	一手伸出食指，指尖向上，贴于嘴部并向上前方移动，模仿啃去甘蔗皮的动作，以此代表甘肃。|https://d.bmcx.com/shouyu/_file/0/161ada1afc2545b6.png
4584	甘肃	行政区划	一手伸出食指，指尖向上，贴于嘴部并向上前方移动，模仿啃去甘蔗皮的动作，以此代表甘肃。|https://d.bmcx.com/shouyu/_file/9/53e77a655a2d9b95.png
4585	青海省	行政区划	（一）手指字母“Q”的指式并从胸部上方向腰部划下。（二）双手平伸，掌心向下，向两边作波浪形移动，动作幅度要大。|https://d.bmcx.com/shouyu/_file/f/cc161fe694b81165.png
4586	青海	行政区划	（一）手指字母“Q”的指式并从胸部上方向腰部划下。（二）双手平伸，掌心向下，向两边作波浪形移动，动作幅度要大。|https://d.bmcx.com/shouyu/_file/2/b5a54f94811ac3be.png
4587	宁夏回族自治区	行政区划	（一）手指字母“N”的指式。（二）左手握拳不动，右手伸食指在左拳中指骨节处点一下（即“夏天”手势）。|https://d.bmcx.com/shouyu/_file/e/68b217f06af9c109.png
4588	宁夏	行政区划	（一）手指字母“N”的指式。（二）左手握拳不动，右手伸食指在左拳中指骨节处点一下（即“夏天”手势）。|https://d.bmcx.com/shouyu/_file/4/5965621e2796d5e3.png
4589	新疆维吾尔自治区	行政区划	双手上举，五指微曲，拇指和中指互捻，同时双手灵活转动，模仿新疆舞的动作。|https://d.bmcx.com/shouyu/_file/6/79fc2b547c485e5c.png
4590	新疆	行政区划	双手上举，五指微曲，拇指和中指互捻，同时双手灵活转动，模仿新疆舞的动作。|https://d.bmcx.com/shouyu/_file/e/53a14cf17039d5f3.png
4591	台湾省	行政区划	一手五指虚握，虎口向上，置于嘴边，并在原位置转动，模仿啃甘蔗动作（台湾本地手势）。|https://d.bmcx.com/shouyu/_file/a/29645683fba75efb.png
4592	台湾	行政区划	一手五指虚握，虎口向上，置于嘴边，并在原位置转动，模仿啃甘蔗动作（台湾本地手势）。|https://d.bmcx.com/shouyu/_file/0/0b867d153d900678.png
4593	香港	行政区划	（一）一手拇、食指相捏，置于鼻下，作嗅闻状，然后移向胸前并伸出拇指，表示香气。（二）左掌侧立不动。右掌平伸，掌心向上，缓慢向左掌靠拢，象征船舶码头。|https://d.bmcx.com/shouyu/_file/d/823c54bf2dd28003.png
4594	澳门	行政区划	（一）（二）手指字母“A”“O”的指式。（三）双掌直立，五指并拢，掌心向外，从两旁向中间靠拢，象征两扇大门。|https://d.bmcx.com/shouyu/_file/d/39831b14a90f6086.png
4595	澳门特别行政区	行政区划	（一）（二）手指字母“A”“O”的指式。（三）双掌直立，五指并拢，掌心向外，从两旁向中间靠拢，象征两扇大门。|https://d.bmcx.com/shouyu/_file/2/e599948587cf28b4.png
4596	石家庄	行政区划	（一）左手握拳不动。右手食、中指弯曲，以指骨节敲打左拳背，表示坚硬的石头。（二）双手搭成“＾”形。|https://d.bmcx.com/shouyu/_file/4/922ea23e077c5074.png
4597	太原	行政区划	（一）一手食指书空“太”字。（二）一手拇、食指捏成小圆形，象征“圆”（“原”与“圆”同音，此处借用）。|https://d.bmcx.com/shouyu/_file/9/7a57931b1149f498.png
4598	呼和浩特	行政区划	（一）一手拇、食指捏成小圆圈，贴在嘴上并向外移动，象征呼气。（二）双手伸食指，指背向上，指尖相对，作“长城”形向两旁分开，象征城垛。|https://d.bmcx.com/shouyu/_file/7/d4d626225dd4c1af.png
4599	沈阳	行政区划	一手食指弯曲如钩，贴在太阳穴上。|https://d.bmcx.com/shouyu/_file/8/c44ef80e080d99d2.png
4600	长春	行政区划	（一）双手伸食指，指尖相对，从中间向两边拉开，即“长”手势。（二）左手握拳不动。右手伸食指在左拳食指骨节处点一下（即“春天”手势）。|https://d.bmcx.com/shouyu/_file/5/5a7dd8df20d7567c.png
4601	哈尔滨	行政区划	一手打手指字母“H”的指式，在耳朵上轻拨一下，并注意显示口型。|https://d.bmcx.com/shouyu/_file/c/d63ba423e2f05313.png
4602	南京	行政区划	双手四指并拢微曲，手背向上，分置左右，作弧形向下移，最后双手指背互相紧贴，象征两坐山之间的平地（南京在紫金山下，故以此手势代表）。|https://d.bmcx.com/shouyu/_file/f/9e1db02fe74fbd3f.png
4603	杭州	行政区划	一手伸掌，四指并拢微曲，指尖向上，以掌心贴于太阳穴处（习惯打法）。|https://d.bmcx.com/shouyu/_file/f/0de240d85b708f84.png
4604	合肥	行政区划	（一）双手伸掌，五指并拢微曲，指尖向上，掌心相对，从两边向中间合拢，表示“合并”之意。（二）左掌平伸，手背向上不动。右手拇指在下，四指在上成“[”形，在左手背上由一端移至另一端，模仿擦肥皂动作。|https://d.bmcx.com/shouyu/_file/f/2b184391cd8705a3.png
4605	福州	行政区划	（一）右手五指分开，贴在胸腹间转一圈。（二）一手中、无名、小指与另一手食指搭成“州”字形。|https://d.bmcx.com/shouyu/_file/a/667025cbecc8abf0.png
4606	南昌	行政区划	（一）右手伸直，五指并拢，指尖在胸腹部向下指。（二）左手拇、食指捏成小圆，右手食指横放在小圆中间如“日”字形。此手势连打两次，即“昌”字。|https://d.bmcx.com/shouyu/_file/c/9d99b2705ef5cb3e.png
4607	济南	行政区划	（一）手指字母“J”的指式。（二）右手伸直，五指并拢，指尖在胸腹部向下指|https://d.bmcx.com/shouyu/_file/6/4eafb879e39e7848.png
4608	郑州	行政区划	一手五指撮合，捏住另一手食指指尖（习惯打法）。|https://d.bmcx.com/shouyu/_file/9/1fa30832d53a8282.png
4609	武汉	行政区划	一手伸拇、食、小指，置于另一手掌心上（表示“武汉三镇”）。|https://d.bmcx.com/shouyu/_file/a/e84617e5c5e79450.png
4610	长沙	行政区划	（一）双手伸食指，指尖相对，从中间向两边拉开。（二）一手拇指与食、中指互捻，如捻沙子状。|https://d.bmcx.com/shouyu/_file/a/e583fe79bbdda700.png
4611	广州	行政区划	（一）双手掌心向上，在腰部两侧碰几下（习惯打法）。（二）一手中、无名、小指与另一手食指搭成“州”字形。|https://d.bmcx.com/shouyu/_file/9/8cd32c612fee1122.png
4612	南宁	行政区划	（一）右手伸直，五指并拢，指尖在胸腹部向下指。（二）手指字母“N”的指式。|https://d.bmcx.com/shouyu/_file/8/cbf82ce39beceacc.png
4613	贵阳	行政区划	（一）左手拇、食指捏成小圆，右手食指在小圆中划一直线，再在底部划一横线，象征贵字的“虫”形。（二）双手拇、食指弯曲相对，成大圆形，置于头前上方，然后左手不动，右手五指虚握向下再放开。|https://d.bmcx.com/shouyu/_file/8/9eb65e51ed6e032c.png
4614	昆明	行政区划	（一）双手平伸，手背向上，一前一后交替转动几下。（二）双手虚撮，指尖相接，手背向外，置于胸前，向上左右分开，改为掌心向外，五指同时放开。|https://d.bmcx.com/shouyu/_file/0/51f65a102d25847e.png
4615	拉萨	行政区划	双手搭成“＾”形（即“房屋”手势），然后左右分开，各握拳伸拇、小指，指尖向上如屋檐形（拉萨多寺庙，故以寺庙屋檐象征拉萨）。|https://d.bmcx.com/shouyu/_file/2/00aba076747e9d37.png
4616	西安	行政区划	（一）右手五指并拢，指尖指向左边（即“西”手势）。（二）一手伸掌，手背向上，在胸前向下按。|https://d.bmcx.com/shouyu/_file/0/b47c3ef332210dca.png
4617	兰州	行政区划	（一）一手打手指字母“L”的指式，并从胸部向下划。（二）一手中、无名、小指与另一手食指搭成“州”字形。|https://d.bmcx.com/shouyu/_file/2/c4ab7aff2c617618.png
4618	西宁	行政区划	（一）右手五指并拢，指尖指向左边（即“西”手势）。（二）手指字母“N”的指式|https://d.bmcx.com/shouyu/_file/c/9ef422e4763d5617.png
4619	银川	行政区划	（一）左手握拳，虎口向上不动。右手打手指字母“Y”的指式，以腕部敲一下左拳。（二）一手中、无名、小指指尖向下，象征“川”字形。|https://d.bmcx.com/shouyu/_file/f/51347c2890443b54.png
4620	乌鲁木齐	行政区划	（一）一手食、中指指尖分开，指向双眼，然后向下移并握拳伸出拇指（即美丽、好看）。（二）双手伸食指，指背向上，指尖相对，作“长城”形向两旁分开，象征城垛。|https://d.bmcx.com/shouyu/_file/d/9fdbf21142c92b67.png
4621	台北	行政区划	一）一手五指虚握，虎口向上，置于嘴边，并在原位置转动，模仿啃甘蔗动作（台湾本地手势）。（二）右手伸掌，五指并拢，指尖在头部右侧向上指。|https://d.bmcx.com/shouyu/_file/5/74cb0b4939dda3d9.png
4622	鞍山	行政区划	（一）右手食、中指弯曲，搭在左手横伸的食指上。（二）一手手背向外，拇、食、小指伸出，指尖朝上，仿“山”字形。|https://d.bmcx.com/shouyu/_file/2/cd067bfd112ba6ed.png
4623	本溪	行政区划	本溪 右手五指并拢，指尖朝前，置于额头，然后五指放开，表示矿灯。（当地习惯打法）|https://d.bmcx.com/shouyu/_file/7/d44cee75c176bc55.png
4624	柴达木	行政区划	（一）双手虚握成半圆形叠在一起，分别向上下移动。（二）手指字母“D”的指式。（三）双手搭成大圆形，向上伸出。|https://d.bmcx.com/shouyu/_file/5/461c773de5bfd1dd.png
4625	承德	行政区划	（一）双手并排伸开，掌心向上，然后向内移动，同时收拢五指。（二）手指字母“D”的指式。|https://d.bmcx.com/shouyu/_file/3/f99fb77ee34e219d.png
4626	重庆	行政区划	重庆 左手横伸，手背向上；右手食、中、无名、小指张开，指尖朝前，在左手背上碰几下。（当地习惯打法）|https://d.bmcx.com/shouyu/_file/4/85e13e6d8bbe6b99.png
4627	敦煌	行政区划	敦煌 左手拇、小指伸出，手背向外；右手食、中指叉开，从左手拇、小指间向右作曲线移动，模拟飞天的形象。|https://d.bmcx.com/shouyu/_file/7/e7ca5415d9f07fe3.png
4628	抚顺	行政区划	（一）一手抚摸另一手拇指背面。（二）一手直立，掌心侧向，向一侧移动。|https://d.bmcx.com/shouyu/_file/8/fb3bcc1f4af40ab3.png
4629	高雄	行政区划	（一）一手平伸，掌心向下，向上举过头。（二）双手握拳在胸前向下一顿。|https://d.bmcx.com/shouyu/_file/6/cba54cf7639869ee.png
4630	桂林	行政区划	（一）手指字母“G”的指式。（二）双手拇、食指搭成圆形，连续上举两次。|https://d.bmcx.com/shouyu/_file/8/ff76816890dc2636.png
4631	海南省	行政区划	（一）双手平伸，掌心向下，向两旁作波浪状移动。（二）右手伸平，指尖朝下。（三）一手打手指字母“SH”的指式，并平行转一圈。|https://d.bmcx.com/shouyu/_file/b/59578b3a53632306.png
4632	郊区	行政区划	（一）左手五指微曲，掌心向下；右手平伸，掌心向上，沿左手指边缘转半圈。（二）左手拇、食指成“[”形，右手食、中指相叠成“×”形置于“[”中，组成“区”字。|https://d.bmcx.com/shouyu/_file/5/b0b141dbadf45a7e.png
4633	景德镇	行政区划	（一）一手伸平，掌心向里，在面前转动一下，表示一种景象。（二）手指字母“D”的指式。（三）一手打手指字母“ZH”的指式并转一圈|https://d.bmcx.com/shouyu/_file/8/586ad6254f63d011.png
4634	开封	行政区划	双手伸出食、中指，手背向上，搭成“开”字形，然后向下手交换位置，再相搭一次。|https://d.bmcx.com/shouyu/_file/f/27181c73e2662fe8.png
4635	漠河	行政区划	（一）手指字母“M”、“O”的指式。（二）双手侧伸，掌心相对，间距约20厘米，向前作曲线形移动。|https://d.bmcx.com/shouyu/_file/f/33908be335b1c225.png
4636	农村	行政区划	（一）双手五指弯曲，掌心向下，向后波动几下。（二）双手相搭成“＾”形，并转一圈。|https://d.bmcx.com/shouyu/_file/3/5425826897d01fad.png
4637	攀枝花	行政区划	（一）双手五指张开，一上一下交替作向上攀的动作。（二）手指字母“ZH”的指式。（三）右手五指虚握，指尖朝上放开五指。|https://d.bmcx.com/shouyu/_file/4/24813d769f88f474.png
4638	秦皇岛	行政区划	（一）手指字母“Q”的指式。（二）左手中、无名’小指与右手食指搭成“王”字置于前额。（三）左手拇、食指捏成小圆圈，虎口向上；右手平伸，掌心向下，绕左手作波纹状转一圈。|https://d.bmcx.com/shouyu/_file/5/5c7f75f8c9b91170.png
4639	区域	行政区划	（一）左手拇、食指成“[”形，右手食、中指相叠成“×”形置于“[”中，组成“区”字。（二）一手伸食指，指尖朝下，在胸前划一圈。|https://d.bmcx.com/shouyu/_file/4/00f3093ddc188664.png
4640	瑞金	行政区划	（一）手指字母“R”的指式。（二）一手食指在另一手中指或无名指指跟部点几下。|https://d.bmcx.com/shouyu/_file/7/5a3b633b94de6b51.png
4641	三亚	行政区划	（一）一手中、无名、小指直立。（二）左手食、小指横伸；右手食、中指直立于左手食、小指间，再在两侧同时点一下，模仿“亚”字形。|https://d.bmcx.com/shouyu/_file/7/7cfe09c1a671123a.png
4642	汕头	行政区划	汕头 右手拇、食、小指直立，手背向外置于太阳穴处。（当地习惯打法）|https://d.bmcx.com/shouyu/_file/4/63429bd83a0a8c07.png
4643	深圳	行政区划	（一）左手平伸，掌心向下；右手食指从左手拇指出向下伸。（二）双手伸食、中指，指尖相对，掌心向内，然后同时向下移动，表示“关卡”的意思。|https://d.bmcx.com/shouyu/_file/e/aba430f6ce412515.png
4644	苏州	行政区划	（一）一手打手指字母“S”、“U”的指式。（二）一手中、无名、小指与另一手食指搭成“州”字形。|https://d.bmcx.com/shouyu/_file/b/86fa8afc4cf75270.png
4645	韶山	行政区划	（一）一手打手指字母“SH”的指式。（二）一手手背向外，拇、食、小指伸出，指尖朝上，仿“山”字形。|https://d.bmcx.com/shouyu/_file/4/79154a93483fce7f.png
4646	无锡	行政区划	一手五指微曲张开，指尖向上，置于另一侧胸前。（当地习惯打法）|https://d.bmcx.com/shouyu/_file/7/3dffe7a44bfc93fd.png
4647	厦门	行政区划	（一）右手食指在左拳中指骨节处点一下，借同音字“夏”的手势。（二）双手五指并拢，掌心向外，并排直立。|https://d.bmcx.com/shouyu/_file/a/4462823742717241.png
4648	延安	行政区划	（一）双手伸拇、食、小指，手背向上叠在一起。下边的手不动，上边的手一顿一顿向上移。（二）一手平伸，掌心向下，在胸前向下一按。|https://d.bmcx.com/shouyu/_file/e/212d29f56335897c.png
4649	宜昌	行政区划	（一）手指字母“Y”的指式。（二）左手拇、食指捏成小圆圈；右手食指横于左手圆圈内，并向下移动一次，模仿“昌”字形。|https://d.bmcx.com/shouyu/_file/1/6bcca92e172931d2.png
4650	珠海	行政区划	（一）一手拇、食指捏成小圆圈，置于另一手掌心上微微晃动。（二）双手平伸，掌心向下，向两侧作波浪状移动|https://d.bmcx.com/shouyu/_file/1/96107f27b0730a71.png
4666	老挝	洲洋国家名称	（一）左手侧立，手背向外不动。右手伸中、无名、小指在左手背上横划三条线。（二）左手原式不动，右手拇、食指捏成小圆，虎口贴在左手背上（这是模仿老挝国旗的图案形状）。|https://d.bmcx.com/shouyu/_file/2/5370e4b8493989f0.png
4667	柬埔寨	洲洋国家名称	柬埔寨 左手侧立，手背向外不动。右手食、中、无名指掌心向内贴在左手背上（这是模仿柬埔寨国旗的图案形状）。|https://d.bmcx.com/shouyu/_file/0/5fc39907337dfc56.png
4668	巴基斯坦	洲洋国家名称	巴基斯坦 右手拇、食指捏成小圆圈，虎口向内，贴在右鼻孔下。|https://d.bmcx.com/shouyu/_file/d/60b4fa504e72daeb.png
4669	缅甸	洲洋国家名称	（一）双手虚撮，指尖贴在前额上，分左右向脑后转圈子，如缠头状。（二）右手虚撮，指尖贴在右边太阳穴上向下甩并放开五指，如缅甸人的头巾。|https://d.bmcx.com/shouyu/_file/b/b6774df6e1382d50.png
4670	泰国	洲洋国家名称	一手伸食指，指尖自鼻尖处向下作弧形移动，如象的鼻子（该国习惯手势。因泰国产象，故以象为代表）。|https://d.bmcx.com/shouyu/_file/c/0f27acd25239b99f.png
4671	新加坡	洲洋国家名称	（一）一手拇、食指捏成小圆圈，在头上一顿一顿的移动几下（即“星”手势）。（二）左手伸开，掌心向上不动。右手拇、食指捏成小圆圈，然后虎口向下贴在左掌心上，（即“增加”手势）。|https://d.bmcx.com/shouyu/_file/1/07e50337f5a0ad5b.png
4672	印度	洲洋国家名称	一手握拳伸出大拇指，拇指尖抵在眉心处。这是象征印度妇女眉心的红点。|https://d.bmcx.com/shouyu/_file/0/081da4fc012f982b.png
4673	印度尼西亚	洲洋国家名称	印度尼西亚 右手伸食、中指、手背向外，指尖分开自左至右在胸部划两条波纹线（根据该国习惯手势）。|https://d.bmcx.com/shouyu/_file/1/0c5c27479c46fb60.png
4674	土耳其	洲洋国家名称	土耳其 右手拇、食指作“[”形，虎口向内，以拇指尖贴在前额发际。|https://d.bmcx.com/shouyu/_file/c/518625b4c3a42a33.png
4675	孟加拉	洲洋国家名称	（一）右手五指张开，掌心向上，以掌内侧敲一下腰部。（二）按动作，右掌自腰部上移至胸部，翻腕成为掌心向下|https://d.bmcx.com/shouyu/_file/b/13e3288344ba6dfc.png
4676	伊朗	洲洋国家名称	伊朗 左手平伸，掌心向上不动。右手握拳伸出拇指倒立，指尖抵住左掌心。|https://d.bmcx.com/shouyu/_file/8/1ad1964cadf30a21.png
4677	埃及	洲洋国家名称	双手五指并拢，手背向上，指尖靠近头顶部两侧，向下斜移，象征埃及有名的金字塔及狮身人面像。|https://d.bmcx.com/shouyu/_file/8/483f1a5ef4c582b2.png
4678	奥地利	洲洋国家名称	双手食指弯曲如钩，虎口向里，交叉贴在左右胸前。|https://d.bmcx.com/shouyu/_file/9/537baa9962ccad01.png
4679	保加利亚	洲洋国家名称	保加利亚 右手拇指与四指形成“[”形，手背向上，从右上唇部向下移，如捋胡须状。|https://d.bmcx.com/shouyu/_file/4/88f59c0e866b2e39.png
4680	比利时	洲洋国家名称	比利时 右手四指并拢直立，拇指贴于掌心（如手指字母“B”指式），手掌向前即停。|https://d.bmcx.com/shouyu/_file/f/cdcca2e9cfd42d9a.png
4681	波兰	洲洋国家名称	波兰 右手握拳，手背向外，贴在左胸部，向右胸部平行移动。|https://d.bmcx.com/shouyu/_file/1/f67dd53206a06887.png
4682	丹麦	洲洋国家名称	丹麦 右手伸拇、食、中指，手背向外，指尖分开，在胸前自左至右作波纹状移动。|https://d.bmcx.com/shouyu/_file/5/72b0f3eff424e51c.png
4683	德国	洲洋国家名称	德国 右手伸食指，指尖向上，以手背贴在前额正中。这是以德国军队使用的钢盔（盔顶有尖锥）为特征的手势。|https://d.bmcx.com/shouyu/_file/0/2065019408efe2b3.png
4684	法国	洲洋国家名称	法国 右手拇、食指捏成小圆圈，其余三指伸直并分开，以虎口贴于胸部，然后翻腕变成手背向外，并向下移。|https://d.bmcx.com/shouyu/_file/d/1f0322e58c7cffef.png
4685	芬兰	洲洋国家名称	芬兰 右手弯曲如钩，掌心向内，指尖对准嘴部，前后移动。|https://d.bmcx.com/shouyu/_file/e/1d89c025f9bb8f27.png
4686	捷克斯洛伐克	洲洋国家名称	一）右手五指并拢，手背向外，指尖贴近嘴角，再向右上方移动。（二）双手伸食指，指尖向上，掌心向里，贴在左右太阳穴上，然后向两边翻转成为掌心向外。|https://d.bmcx.com/shouyu/_file/0/7648c5091588fb54.png
4687	罗马尼亚	洲洋国家名称	罗马尼亚 左手拇、食指作“[”形，虎口向上，指尖贴在右胸部，向左下移动。|https://d.bmcx.com/shouyu/_file/e/05a8b77ddbfe453d.png
4688	南斯拉夫	洲洋国家名称	南斯拉夫 右手五指并拢，掌心向内，指尖贴近左肩部，向右下移动。|https://d.bmcx.com/shouyu/_file/c/ca2729dacf9a9585.png
4689	瑞典	洲洋国家名称	瑞典 左掌平伸，手背向上不动。右手拇指与四指分开，捏住左掌两侧，然后向上提起，同时五指捏在一起|https://d.bmcx.com/shouyu/_file/a/4c5749ebd8298f79.png
4690	瑞士	洲洋国家名称	瑞士 右手伸食指在胸前先横后竖，划“十”字。|https://d.bmcx.com/shouyu/_file/4/65c782defadfdad0.png
4691	苏联	洲洋国家名称	苏联 右手食指横伸，手背向上，贴在颏下，向右平行移动。|https://d.bmcx.com/shouyu/_file/b/5659a1725083cb2e.png
4692	俄罗斯	洲洋国家名称	俄罗斯 右手食指横伸，手背向上，贴在颏下，向右平行移动。|https://d.bmcx.com/shouyu/_file/1/c0e12496fe082956.png
4693	西班牙	洲洋国家名称	西班牙 右手虚握，手背向外，置于右腹部，然后移向左肩部，改拳为伸掌，掌心向外，手背贴在左肩部。|https://d.bmcx.com/shouyu/_file/c/6325765776ba94a9.png
4694	希腊	洲洋国家名称	双手伸食指，手背向上，在腹部交叉搭成“×”形。|https://d.bmcx.com/shouyu/_file/e/3e0a747444bdf327.png
4695	匈牙利	洲洋国家名称	匈牙利 右手食指弯曲如钩，贴在右嘴角，作弧形向前方下移。|https://d.bmcx.com/shouyu/_file/e/7fac6e16e2bc0b94.png
4696	意大利	洲洋国家名称	意大利 右手伸拇、食指作“[”形，虎口向上，指尖向前，自右胸部向下作曲线，最后拇、食指捏合，象征意大利上宽下窄长形的国土地形。|https://d.bmcx.com/shouyu/_file/7/5075f7053a55217d.png
4697	英国	洲洋国家名称	英国 右手伸拇，食指如“八”手势，手背向外，虎口贴在下颏上。|https://d.bmcx.com/shouyu/_file/9/bd3f959803f4abd1.png
4698	巴西	洲洋国家名称	巴西 右手四指并紧直伸，拇指贴在掌心（如手指字母“B”的指式），指尖向上，虎口向里，从鼻前向下作曲线移动。|https://d.bmcx.com/shouyu/_file/1/dfd7a902a64a43c2.png
4699	加拿大	洲洋国家名称	加拿大 右手握拳，拇指稍伸出，指尖向上，置于右胸部，向上作弧形动两下，如背猎枪状。|https://d.bmcx.com/shouyu/_file/2/33a9d4c9e129fc38.png
4700	美国	洲洋国家名称	双手五指伸开，拇指在上，其余四指交叉，在腹部转动一圈。|https://d.bmcx.com/shouyu/_file/9/545a88c238ecf240.png
4701	墨西哥	洲洋国家名称	墨西哥 右手伸食、中指，手背向外，指尖向下，贴在前额上，向右平行移动。|https://d.bmcx.com/shouyu/_file/f/402a4e349852e006.png
4702	澳大利亚	洲洋国家名称	双手拇、中、无名指相捏，食、小指指尖向上，形如袋鼠头，然后向前微移，同时伸开五指，如袋鼠向前跳跃状。|https://d.bmcx.com/shouyu/_file/f/97bc045b29cbd283.png
4703	新西兰	洲洋国家名称	（一）左掌平伸，掌心向上，右手伸食、中指，贴在左手掌心上（即新西兰手指字母“N”）。（二）左手侧伸，指尖向上，置于胸前不动。右手四指并拢，弯曲成“┌”形，指尖抵在左掌心（即新西兰手指字母“Z”）。|https://d.bmcx.com/shouyu/_file/a/0efa780bdfd4aceb.png
4704	阿根廷	洲洋国家名称	阿根廷 右手拇指指尖朝上，其他四指弯曲贴于右胸部，并上下移动两下。（此为国际手语）|https://d.bmcx.com/shouyu/_file/f/06b6cd21f0f869cd.png
4705	埃塞俄比亚	洲洋国家名称	埃塞俄比亚 右手拇指伸出，指背贴近面部，其他手指握拳，在面前转动一圈。（此为国际手语）|https://d.bmcx.com/shouyu/_file/c/114e0a386beb346c.png
4706	白俄罗斯	洲洋国家名称	（一）右手拇、食指相捏，其他三指叉开伸直置于左胸部，然后拇、食指张开，向颈跟部移动。（二）右手食指横伸，手背向上，贴在下颏，由左向右平行移动。（此为国际手语）|https://d.bmcx.com/shouyu/_file/d/1066cd917e3507eb.png
4707	巴黎	洲洋国家名称	双手食、中指伸出，指尖斜对，然后向上移动，模仿埃菲尔铁塔形状。|https://d.bmcx.com/shouyu/_file/f/8b5fe520e5bf9e0c.png
4708	玻利维亚	洲洋国家名称	玻利维亚 右小臂向上抬起，手侧立，指尖朝前；左手扶住右小臂。（此为国际手语）|https://d.bmcx.com/shouyu/_file/a/0b3f604cddaa31fa.png
4709	东京	洲洋国家名称	双手拇、食指伸出，拇指相对，食指指尖朝上，掌心向外，从下向上动一下。（此为日本手势）|https://d.bmcx.com/shouyu/_file/c/6aee1b675db6111c.png
4710	哥伦比亚	洲洋国家名称	哥伦比亚 右小臂向上抬起，手侧立，指尖朝前；左手扶住右小臂。（此为国际手语）|https://d.bmcx.com/shouyu/_file/0/ffa2bf38c0666ce8.png
4711	荷兰	洲洋国家名称	双手分别置于头两侧，五指相对，成“[]”形。然后边向下移边并拢五指。（此为国际手语）|https://d.bmcx.com/shouyu/_file/5/df42505f44daf639.png
4712	华盛顿	洲洋国家名称	华盛顿 右手食、中、无名指张开，中指在上，食、无名指在下成三角形，指尖对着右肩部，然后旋转移出，变为指尖朝上。（此为美国手语）|https://d.bmcx.com/shouyu/_file/6/51bf619278505fea.png
4713	加纳	洲洋国家名称	加纳 左手平伸，掌心向上，横于腹部；右手拇、食指成“]”形，其他三指握拳，从右向左在掌心上划一下。（此为国际手语）|https://d.bmcx.com/shouyu/_file/8/e1fbea73684f524b.png
4714	联合国	洲洋国家名称	（一）双手拇、食指互相套环，并转动一下。（二）手指字母“G”的指式并转动一圈。|https://d.bmcx.com/shouyu/_file/b/b650cc5083e872e4.png
4715	马耳他	洲洋国家名称	马耳他 右手拇、食指虚捏成小圆贴于右胸前。（此为国际手语）|https://d.bmcx.com/shouyu/_file/0/76410f5daf54a4f6.png
4716	莫斯科	洲洋国家名称	莫斯科 左手拇、食、小指直立，掌心向前，中、无名指自然弯曲；右手拇、食指捏成小圆圈，置于左手食指指尖，模仿克里姆林宫尖顶建筑。|https://d.bmcx.com/shouyu/_file/4/92afea39869fa795.png
4717	南非	洲洋国家名称	（一）右手握拳横放胸前，手背向上。（二）右手伸拇指，其他手指握拳。拇指指尖对着鼻子。（此为国际手语）|https://d.bmcx.com/shouyu/_file/2/758c72ad04e0339b.png
4718	挪威	洲洋国家名称	挪威 右手食、中指伸出，指尖朝上，其他三指弯曲相搭，在胸前作“√＼↑”形，划动。（此为国际手语）|https://d.bmcx.com/shouyu/_file/3/8c67e47f37b4e3b6.png
4719	纽约	洲洋国家名称	纽约 左手斜向右前方，掌心向上，置于胸前；右手手背向上，拇、小指伸出贴于左掌心，并向左手指尖方向划动。（此为美国手语）|https://d.bmcx.com/shouyu/_file/0/d7ff7d9fef4ec6e2.png
4720	突尼斯	洲洋国家名称	突尼斯 右手五指并拢，指尖朝上，手背贴于额顶中央。（此为国际手语）|https://d.bmcx.com/shouyu/_file/d/787c540196f7b076.png
4721	委内瑞拉	洲洋国家名称	委内瑞拉 右手食、中指成“V”形，指尖朝上，其他三指弯曲相捏，掌心向外，在身体右侧左右晃动两下。（此为国际手语）|https://d.bmcx.com/shouyu/_file/f/cd900ca5b2d9f038.png
4722	乌克兰	洲洋国家名称	乌克兰 右手五指撮合，从上唇中央向右侧作曲线移动。（此为国际手语）|https://d.bmcx.com/shouyu/_file/5/86082773bc2d01a9.png
4723	乌拉圭	洲洋国家名称	乌拉圭 右手手背向外，食、中指并拢直立，在胸前左右晃动两下。（此为国际手语）|https://d.bmcx.com/shouyu/_file/3/530d3319af0e37d0.png
4724	悉尼	洲洋国家名称	悉尼 左手弯曲，指尖斜向左上方，手背向右；右手五指并拢弯曲，在左手旁连续从上而下划动两下，模仿悉尼歌剧院外观。|https://d.bmcx.com/shouyu/_file/b/77155acb6856a284.png
4725	以色列	洲洋国家名称	以色列 左手握拳手背向上置于左肩；右手手背贴于下颌，五指分开，交替上下点动。（此为国际手语）|https://d.bmcx.com/shouyu/_file/1/e199d2fdf33e0fd4.png
4726	赞比亚	洲洋国家名称	双手五指撮合，手背向上，小臂抬起在胸前交叉。（此为国际手语）|https://d.bmcx.com/shouyu/_file/8/c1e181217c3cef79.png
4727	洲	洲洋国家名称	洲 右手食、中、无名、小指朝下张开；左手食指横搭在右手食、中、无名三指骨节上，组成“洲”字形。|https://d.bmcx.com/shouyu/_file/8/6badd60da8dd9c8d.png
2665	鄂伦春族	民族	（一）手指字母“E”、“L”的指式。（二）右手食指在左拳食指骨节处点一下。（三）同“阿昌族”手势（一手五指指尖朝上，先张开后撮合。）|https://d.bmcx.com/shouyu/_file/e/ed066bbc06ee7829.png
2666	鄂温克族	民族	（一）手指字母“E”、“W”、“K”的指式。（二）同“阿昌族”手势（一手五指指尖朝上，先张开后撮合。）|https://d.bmcx.com/shouyu/_file/c/045f27557e6dfb2c.png
2667	哈尼族	民族	（一）手指字母“H”、“N”的指式。（二）同“阿昌族”手势（一手五指指尖朝上，先张开后撮合。）|https://d.bmcx.com/shouyu/_file/9/dba15f5766b4c2a9.png
2668	哈萨克族	民族	（一）手指字母“H”、“S”、“K”的指式。（二）同“阿昌族”手势（一手五指指尖朝上，先张开后撮合。）|https://d.bmcx.com/shouyu/_file/b/d0056c15bae8a27d.png
2669	赫哲族	民族	（一）手指字母“H”、“ZH”的指式。（二）同“阿昌族”手势（一手五指指尖朝上，先张开后撮合。）|https://d.bmcx.com/shouyu/_file/0/ad85e2a3eb7bc85c.png
2670	基诺族	民族	（一）手指字母“J”、“N”的指式。（二）同“阿昌族”手势（一手五指指尖朝上，先张开后撮合。）|https://d.bmcx.com/shouyu/_file/a/b9839d6933052941.png
2671	京族	民族	（一）手指字母“H”、“ZH”的指式。（二）同“阿昌族”手势（一手五指指尖朝上，先张开后撮合。）|https://d.bmcx.com/shouyu/_file/2/af4f59f8462eb711.png
2672	景颇族	民族	（一）手指字母“J”、“P”的指式。（二）同“阿昌族”手势（一手五指指尖朝上，先张开后撮合。）|https://d.bmcx.com/shouyu/_file/4/20df072fe5ed09a2.png
2673	柯尔克孜族	民族	（一）手指字母“K”、“E”、“K”、“Z”的指式。（二）同“阿昌族”手势（一手五指指尖朝上，先张开后撮合。）|https://d.bmcx.com/shouyu/_file/9/2b8a763cc9916475.png
2674	拉祜族	民族	（一）手指字母“L”、“H”的指式。（二）同“阿昌族”手势（一手五指指尖朝上，先张开后撮合。）|https://d.bmcx.com/shouyu/_file/1/81ae877d5e5b35b9.png
2675	黎族	民族	（一）手指字母“L”、“I”的指式。（二）同“阿昌族”手势（一手五指指尖朝上，先张开后撮合。）|https://d.bmcx.com/shouyu/_file/8/4fc3ff86d903bb31.png
2676	傈僳族	民族	（一）手指字母“L”、“S”的指式。（二）同“阿昌族”手势（一手五指指尖朝上，先张开后撮合。）|https://d.bmcx.com/shouyu/_file/0/310248153b87ccae.png
2677	珞巴族	民族	（一）手指字母“L”、“B”的指式。（二）同“阿昌族”手势（一手五指指尖朝上，先张开后撮合。）|https://d.bmcx.com/shouyu/_file/4/270b888ae08dfccd.png
2678	仫佬族	民族	（一）手指字母“M”、“L”的指式。（二）同“阿昌族”手势（一手五指指尖朝上，先张开后撮合。）|https://d.bmcx.com/shouyu/_file/1/a7ad8cc64e862736.png
2679	纳西族	民族	（一）手指字母“N”、“X”的指式。（二）同“阿昌族”手势（一手五指指尖朝上，先张开后撮合。）|https://d.bmcx.com/shouyu/_file/3/7cfb32fa787909bb.png
2680	普米族	民族	（一）手指字母“P”、“M”的指式。（二）同“阿昌族”手势（一手五指指尖朝上，先张开后撮合。）|https://d.bmcx.com/shouyu/_file/5/cb1bc332b61df583.png
2681	羌族	民族	（一）手指字母“Q”的指式。（二）同“阿昌族”手势（一手五指指尖朝上，先张开后撮合。）|https://d.bmcx.com/shouyu/_file/d/a1f6098627f99147.png
2682	撒拉族	民族	（一）手指字母“S”、“L”的指式。（二）同“阿昌族”手势（一手五指指尖朝上，先张开后撮合。）|https://d.bmcx.com/shouyu/_file/7/8a9613c039022fb6.png
2683	畲族	民族	（一）手指字母“SH”的指式。（二）同“阿昌族”手势（一手五指指尖朝上，先张开后撮合。）|https://d.bmcx.com/shouyu/_file/b/248ec090ff2b88a9.png
2684	塔塔尔族	民族	（一）手指字母“T”、“T”、“E”的指式。（二）同“阿昌族”手势（一手五指指尖朝上，先张开后撮合。）|https://d.bmcx.com/shouyu/_file/3/f3bfbd24745d63a2.png
2685	塔吉克族	民族	（一）手指字母“T”、“J”、“K”的指式。（二）同“阿昌族”手势（一手五指指尖朝上，先张开后撮合。）|https://d.bmcx.com/shouyu/_file/6/6a9e4f55268e7ca0.png
2686	锡伯族	民族	（一）手指字母“X”、“B”的指式。（二）同“阿昌族”手势（一手五指指尖朝上，先张开后撮合。）|https://d.bmcx.com/shouyu/_file/2/6088f78bc5f5d16e.png
2687	瑶族	民族	（一）手指字母“Y”、“O”的指式。（二）同“阿昌族”手势（一手五指指尖朝上，先张开后撮合。）|https://d.bmcx.com/shouyu/_file/4/027667817376a1fb.png
2688	彝族	民族	（一）手指字母“Y”的指式。（二）同“阿昌族”手势（一手五指指尖朝上，先张开后撮合。）|https://d.bmcx.com/shouyu/_file/f/4b2ffb8e178d298a.png
2689	裕固族	民族	（一）手指字母“Y”、“G”的指式。（二）同“阿昌族”手势（一手五指指尖朝上，先张开后撮合。）|https://d.bmcx.com/shouyu/_file/f/0b7da0e94c2fbfdb.png
2690	种族	民族	（一）一手拇、食、中指相捏，向下点动几下。（二）同“阿昌族”手势（一手五指指尖朝上，先张开后撮合。）|https://d.bmcx.com/shouyu/_file/a/0396271b850a0d83.png
